사고번호,사고일시,요일,시군구,사고내용,사망자수,중상자수,경상자수,부상신고자수,사고유형,법규위반,노면상태,기상상태,도로형태,가해운전자 차종,가해운전자 성별,가해운전자 연령,가해운전자 상해정도,피해운전자 차종,피해운전자 성별,피해운전자 연령,피해운전자 상해정도
2013021500100050,2013년 2월 15일 02시,금요일,제주특별자치도 제주시 일도일동,경상사고,0,0,1,0,차대차 - 측면직각충돌,안전운전불이행,기타,맑음,단일로 - 기타,화물,남,49세,상해없음,승용,남,57세,경상
2013021500100070,2013년 2월 15일 04시,금요일,제주특별자치도 제주시 노형동,중상사고,0,1,0,0,차대사람 - 횡단중,안전운전불이행,건조,맑음,단일로 - 기타,승용,남,56세,상해없음,보행자,남,27세,중상
2013021500100071,2013년 2월 15일 04시,금요일,제주특별자치도 제주시 연동,경상사고,0,0,1,0,차대차 - 측면직각충돌,교차로운행방법위반,건조,흐림,교차로 - 교차로안,승용,남,33세,상해없음,승용,남,26세,경상
2013021500100131,2013년 2월 15일 08시,금요일,제주특별자치도 제주시 아라일동,중상사고,0,1,0,0,차대차 - 측면직각충돌,교차로운행방법위반,습기,비,교차로 - 교차로안,승용,남,51세,상해없음,승용,남,26세,중상
2013021500100308,2013년 2월 15일 15시,금요일,제주특별자치도 제주시 추자면,중상사고,0,1,0,0,차대차 - 측면직각충돌,교차로운행방법위반,건조,맑음,교차로 - 교차로안,화물,남,52세,상해없음,자전거,여,19세,중상
2013021500100365,2013년 2월 15일 17시,금요일,제주특별자치도 제주시 이도일동,경상사고,0,0,1,0,차대차 - 측면직각충돌,안전운전불이행,건조,맑음,교차로 - 교차로부근,승용,남,19세,상해없음,자전거,여,80세,경상
2013021500100415,2013년 2월 15일 19시,금요일,제주특별자치도 제주시 오등동,중상사고,0,1,0,0,차대차 - 측면직각충돌,안전운전불이행,건조,흐림,교차로 - 교차로안,승용,남,37세,상해없음,자전거,남,12세,중상
2013021500100476,2013년 2월 15일 21시,금요일,제주특별자치도 제주시 일도이동,중상사고,0,1,0,0,차대사람 - 횡단중,안전운전불이행,건조,흐림,단일로 - 기타,승용,여,37세,상해없음,보행자,남,41세,중상
2013021500100507,2013년 2월 15일 22시,금요일,제주특별자치도 제주시 한림읍,사망사고,1,0,0,0,차량단독 - 공작물충돌,안전운전불이행,건조,맑음,단일로 - 기타,승용,남,46세,사망,,,,
2013021500100530,2013년 2월 15일 23시,금요일,제주특별자치도 제주시 도남동,중상사고,0,1,0,0,차대사람 - 횡단중,안전운전불이행,건조,흐림,단일로 - 기타,이륜,남,26세,상해없음,보행자,남,54세,중상
2013021600100083,2013년 2월 16일 04시,토요일,제주특별자치도 제주시 노형동,경상사고,0,0,2,0,차대차 - 측면직각충돌,교차로운행방법위반,건조,맑음,교차로 - 교차로안,승용,남,31세,경상,승용,남,45세,경상
2013021600100112,2013년 2월 16일 06시,토요일,제주특별자치도 제주시 건입동,중상사고,0,1,0,0,차대사람 - 횡단중,보행자보호의무위반,건조,맑음,교차로 - 교차로안,승합,남,61세,상해없음,보행자,남,67세,중상
2013021600100216,2013년 2월 16일 11시,토요일,제주특별자치도 제주시 일도이동,경상사고,0,0,1,0,차대차 - 측면직각충돌,교차로운행방법위반,기타,맑음,교차로 - 교차로안,승용,여,19세,상해없음,승용,남,36세,경상
2013021600100217,2013년 2월 16일 11시,토요일,제주특별자치도 제주시 건입동,중상사고,0,2,0,0,차대차 - 측면직각충돌,안전거리미확보,건조,맑음,교차로 - 교차로부근,건설기계,남,37세,상해없음,화물,남,29세,중상
2013021600100311,2013년 2월 16일 15시,토요일,제주특별자치도 제주시 건입동,중상사고,0,1,0,0,차대사람 - 횡단중,안전운전불이행,건조,맑음,단일로 - 기타,화물,남,58세,상해없음,보행자,여,74세,중상
2013021600100312,2013년 2월 16일 15시,토요일,제주특별자치도 제주시 도두일동,경상사고,0,0,1,0,차대차 - 기타,신호위반,건조,맑음,교차로 - 교차로부근,승용,남,43세,상해없음,자전거,남,11세,경상
2013021600100338,2013년 2월 16일 16시,토요일,제주특별자치도 제주시 이도이동,경상사고,0,0,1,0,차대차 - 측면직각충돌,교차로운행방법위반,건조,맑음,교차로 - 교차로안,승용,남,46세,상해없음,자전거,남,28세,경상
2013021600100406,2013년 2월 16일 19시,토요일,제주특별자치도 제주시 구좌읍,경상사고,0,0,1,0,차대차 - 측면직각충돌,신호위반,건조,맑음,교차로 - 교차로안,승용,여,44세,상해없음,이륜,남,64세,경상
2013021600100477,2013년 2월 16일 22시,토요일,제주특별자치도 제주시 일도이동,경상사고,0,0,1,0,차대차 - 측면직각충돌,안전운전불이행,건조,흐림,단일로 - 기타,승용,남,39세,상해없음,승합,여,43세,경상
2013021700100160,2013년 2월 17일 13시,일요일,제주특별자치도 제주시 이도이동,경상사고,0,0,3,0,차대차 - 측면직각충돌,신호위반,습기,비,교차로 - 교차로부근,승용,남,37세,상해없음,승용,남,52세,경상
2013021700100161,2013년 2월 17일 13시,일요일,제주특별자치도 제주시 이도이동,경상사고,0,0,1,0,차대차 - 측면직각충돌,교차로운행방법위반,건조,흐림,교차로 - 교차로안,승용,남,40세,상해없음,이륜,남,33세,경상
2013021700100162,2013년 2월 17일 13시,일요일,제주특별자치도 제주시 용담일동,경상사고,0,0,4,0,차대차 - 측면직각충돌,교차로운행방법위반,건조,맑음,교차로 - 교차로안,승용,여,22세,경상,승용,남,52세,경상
2013021700100188,2013년 2월 17일 14시,일요일,제주특별자치도 제주시 노형동,중상사고,0,1,0,0,차대사람 - 기타,안전운전불이행,습기,비,교차로 - 교차로안,승용,남,53세,상해없음,보행자,남,60세,중상
2013021700100231,2013년 2월 17일 16시,일요일,제주특별자치도 서귀포시 서귀동,경상사고,0,0,1,0,차대차 - 측면직각충돌,안전운전불이행,습기,비,교차로 - 교차로안,기타불명,기타불명,기타불명,기타불명,이륜,남,17세,경상
2013021700100339,2013년 2월 17일 21시,일요일,제주특별자치도 제주시 이도일동,중상사고,0,1,0,0,차대사람 - 횡단중,보행자보호의무위반,습기,비,단일로 - 횡단보도상,승용,남,27세,상해없음,보행자,남,52세,중상
2013021800100034,2013년 2월 18일 03시,월요일,제주특별자치도 제주시 노형동,중상사고,0,1,0,0,차량단독 - 기타,교차로운행방법위반,습기,비,교차로 - 교차로안,승용,남,37세,중상,,,,
2013021800100046,2013년 2월 18일 05시,월요일,제주특별자치도 제주시 노형동,경상사고,0,0,1,0,차대차 - 기타,안전운전불이행,습기,비,단일로 - 기타,승용,남,43세,상해없음,승용,남,46세,경상
2013021800100047,2013년 2월 18일 05시,월요일,제주특별자치도 제주시 연동,부상신고사고,0,0,0,1,차대사람 - 횡단중,교차로운행방법위반,건조,맑음,교차로 - 교차로안,화물,남,46세,상해없음,보행자,남,45세,부상신고
2013021800100061,2013년 2월 18일 06시,월요일,제주특별자치도 제주시 구좌읍,경상사고,0,0,1,0,차대차 - 측면직각충돌,안전거리미확보,습기,비,단일로 - 기타,승용,남,55세,경상,화물,남,30세,상해없음
2013021800100145,2013년 2월 18일 10시,월요일,제주특별자치도 제주시 외도일동,부상신고사고,0,0,0,1,차대차 - 추돌 - 주정차중,안전운전불이행,건조,맑음,단일로 - 기타,승합,남,26세,부상신고,화물,남,38세,상해없음
2013021800100259,2013년 2월 18일 15시,월요일,제주특별자치도 제주시 오라이동,경상사고,0,0,1,0,차대차 - 측면직각충돌,안전거리미확보,습기,비,교차로 - 교차로부근,화물,남,58세,상해없음,화물,남,38세,상해없음
2013021800100281,2013년 2월 18일 16시,월요일,제주특별자치도 제주시 아라일동,중상사고,0,1,0,0,차대차 - 측면직각충돌,기타,건조,맑음,교차로 - 교차로안,승용,남,56세,상해없음,승용,여,59세,중상
2013021800100361,2013년 2월 18일 19시,월요일,제주특별자치도 서귀포시 서홍동,중상사고,0,1,0,0,차대차 - 기타,안전운전불이행,습기,비,교차로 - 교차로안,승합,남,49세,상해없음,승용,여,32세,중상
2013021800100387,2013년 2월 18일 20시,월요일,제주특별자치도 서귀포시 서홍동,사망사고,1,0,0,0,차량단독 - 공작물충돌,안전운전불이행,습기,비,교차로 - 교차로부근,승용,남,52세,사망,,,,
2013021900100030,2013년 2월 19일 01시,화요일,제주특별자치도 서귀포시 표선면,부상신고사고,0,0,0,1,차량단독 - 공작물충돌,안전운전불이행,습기,비,단일로 - 기타,승용,남,49세,부상신고,,,,
2013021900100126,2013년 2월 19일 09시,화요일,제주특별자치도 서귀포시 상예동,경상사고,0,0,4,0,차대차 - 기타,직진우회전진행방해,습기,흐림,교차로 - 교차로안,승용,여,53세,경상,화물,남,42세,경상
2013021900100161,2013년 2월 19일 11시,화요일,제주특별자치도 서귀포시 남원읍,경상사고,0,0,2,0,차대차 - 측면직각충돌,기타,건조,맑음,교차로 - 교차로안,승용,여,47세,경상,화물,남,36세,경상
2013021900100162,2013년 2월 19일 11시,화요일,제주특별자치도 제주시 노형동,경상사고,0,0,1,0,차대차 - 추돌 - 진행중,안전운전불이행,습기,흐림,단일로 - 기타,승용,남,43세,상해없음,승용,여,55세,경상
2013021900100188,2013년 2월 19일 12시,화요일,제주특별자치도 제주시 한림읍,중상사고,0,1,0,0,차대차 - 측면직각충돌,안전운전불이행,건조,맑음,단일로 - 기타,화물,여,55세,상해없음,이륜,남,80세,중상
2013021900100238,2013년 2월 19일 14시,화요일,제주특별자치도 제주시 아라일동,경상사고,0,0,1,0,차대사람 - 횡단중,보행자보호의무위반,습기,눈,단일로 - 횡단보도상,승용,남,36세,상해없음,보행자,남,12세,경상
2013021900100239,2013년 2월 19일 14시,화요일,제주특별자치도 제주시 이도이동,경상사고,0,0,1,0,차대차 - 측면직각충돌,안전운전불이행,기타,맑음,단일로 - 횡단보도상,승용,남,57세,상해없음,자전거,여,54세,경상
2013021900100240,2013년 2월 19일 14시,화요일,제주특별자치도 서귀포시 색달동,중상사고,0,3,1,0,차대차 - 측면직각충돌,신호위반,건조,맑음,교차로 - 교차로안,승용,남,47세,중상,승용,남,36세,경상
2013021900100355,2013년 2월 19일 18시,화요일,제주특별자치도 제주시 화북일동,경상사고,0,0,1,0,차대사람 - 횡단중,보행자보호의무위반,건조,맑음,교차로 - 교차로부근,승합,남,30세,상해없음,보행자,여,68세,경상
2013021900100356,2013년 2월 19일 18시,화요일,제주특별자치도 서귀포시 서홍동,경상사고,0,0,1,0,차대사람 - 차도통행중,안전운전불이행,건조,맑음,교차로 - 교차로안,승용,남,41세,상해없음,보행자,남,74세,경상
2013021900100382,2013년 2월 19일 19시,화요일,제주특별자치도 제주시 삼양이동,중상사고,0,1,0,0,차대차 - 측면직각충돌,안전운전불이행,건조,맑음,단일로 - 기타,이륜,남,39세,중상,승합,남,39세,상해없음
2013021900100418,2013년 2월 19일 20시,화요일,제주특별자치도 제주시 연동,부상신고사고,0,0,0,1,차대차 - 기타,신호위반,건조,맑음,교차로 - 교차로부근,자전거,여,58세,부상신고,승용,남,54세,상해없음
2013022000100146,2013년 2월 20일 09시,수요일,제주특별자치도 제주시 조천읍,중상사고,0,1,1,0,차대차 - 측면직각충돌,교차로운행방법위반,건조,맑음,교차로 - 교차로안,승용,남,65세,경상,화물,여,38세,중상
2013022000100223,2013년 2월 20일 13시,수요일,제주특별자치도 제주시 조천읍,경상사고,0,0,2,0,차대차 - 측면직각충돌,안전운전불이행,습기,맑음,단일로 - 기타,승용,남,71세,상해없음,화물,남,38세,경상
2013022000100317,2013년 2월 20일 17시,수요일,제주특별자치도 서귀포시 표선면,중상사고,0,1,0,0,차대차 - 기타,직진우회전진행방해,건조,맑음,교차로 - 교차로안,승용,남,69세,중상,승합,남,38세,상해없음
2013022000100367,2013년 2월 20일 19시,수요일,제주특별자치도 제주시 구좌읍,경상사고,0,0,1,0,차대차 - 측면직각충돌,안전운전불이행,건조,맑음,단일로 - 기타,승용,여,41세,상해없음,승용,남,54세,경상
2013022000100368,2013년 2월 20일 19시,수요일,제주특별자치도 제주시 노형동,경상사고,0,0,1,0,차대차 - 측면직각충돌,안전운전불이행,건조,기타,교차로 - 교차로안,승용,여,24세,상해없음,승용,남,47세,경상
2013022000100417,2013년 2월 20일 21시,수요일,제주특별자치도 제주시 일도일동,경상사고,0,0,1,0,차대사람 - 기타,보행자보호의무위반,건조,맑음,교차로 - 교차로부근,승용,남,30세,상해없음,보행자,여,44세,경상
2013022000100418,2013년 2월 20일 21시,수요일,제주특별자치도 제주시 연동,중상사고,0,6,0,0,차대차 - 추돌 - 주정차중,안전운전불이행,건조,맑음,단일로 - 기타,승용,남,44세,상해없음,승용,남,45세,중상
2013022000100419,2013년 2월 20일 21시,수요일,제주특별자치도 제주시 연동,경상사고,0,0,1,0,차대차 - 측면직각충돌,직진우회전진행방해,건조,기타,교차로 - 교차로안,승용,남,58세,상해없음,승용,남,29세,경상
2013022100100084,2013년 2월 21일 06시,목요일,제주특별자치도 제주시 노형동,중상사고,0,1,0,0,차대차 - 기타,교차로운행방법위반,건조,맑음,교차로 - 교차로안,승용,남,45세,상해없음,자전거,남,55세,중상
2013022100100151,2013년 2월 21일 09시,목요일,제주특별자치도 제주시 노형동,중상사고,0,1,0,0,차대차 - 측면직각충돌,교차로운행방법위반,건조,맑음,교차로 - 교차로안,승용,남,47세,상해없음,이륜,남,71세,중상
2013022100100206,2013년 2월 21일 11시,목요일,제주특별자치도 제주시 노형동,중상사고,0,1,0,0,차대사람 - 기타,안전운전불이행,건조,맑음,단일로 - 기타,승용,남,67세,상해없음,보행자,남,25세,중상
2013022100100226,2013년 2월 21일 12시,목요일,제주특별자치도 제주시 일도이동,중상사고,0,1,0,0,차대차 - 측면직각충돌,안전운전불이행,건조,맑음,교차로 - 교차로부근,승용,남,69세,상해없음,자전거,여,52세,중상
2013022100100227,2013년 2월 21일 12시,목요일,제주특별자치도 제주시 외도이동,중상사고,0,3,2,0,차대차 - 측면직각충돌,직진우회전진행방해,건조,맑음,교차로 - 교차로안,승용,남,38세,중상,승합,남,30세,경상
2013022100100264,2013년 2월 21일 14시,목요일,제주특별자치도 서귀포시 대정읍,중상사고,0,1,0,0,차대사람 - 횡단중,안전운전불이행,건조,맑음,단일로 - 기타,화물,남,51세,상해없음,보행자,남,62세,중상
2013022100100284,2013년 2월 21일 15시,목요일,제주특별자치도 서귀포시 서귀동,경상사고,0,0,1,0,차대사람 - 기타,안전운전불이행,건조,맑음,교차로 - 교차로부근,승합,남,53세,상해없음,보행자,여,71세,경상
2013022100100315,2013년 2월 21일 16시,목요일,제주특별자치도 서귀포시 성산읍,경상사고,0,0,1,0,차대차 - 측면직각충돌,안전운전불이행,건조,맑음,단일로 - 기타,화물,남,50세,상해없음,승용,남,63세,경상
2013022100100316,2013년 2월 21일 16시,목요일,제주특별자치도 제주시 애월읍,중상사고,0,1,0,0,차대차 - 기타,직진우회전진행방해,건조,맑음,교차로 - 교차로안,화물,남,43세,중상,건설기계,남,50세,상해없음
2013022100100347,2013년 2월 21일 17시,목요일,제주특별자치도 서귀포시 동홍동,경상사고,0,0,2,0,차대차 - 기타,신호위반,건조,맑음,교차로 - 교차로안,화물,남,72세,경상,화물,남,71세,상해없음
2013022100100406,2013년 2월 21일 19시,목요일,제주특별자치도 제주시 삼도이동,중상사고,0,1,0,0,차대사람 - 횡단중,안전운전불이행,기타,맑음,단일로 - 기타,승합,남,56세,상해없음,보행자,여,70세,중상
2013022100100438,2013년 2월 21일 20시,목요일,제주특별자치도 서귀포시 법환동,경상사고,0,0,1,0,차대차 - 기타,직진우회전진행방해,건조,맑음,교차로 - 교차로안,승합,남,53세,상해없음,승용,남,60세,상해없음
2013022200100020,2013년 2월 22일 00시,금요일,제주특별자치도 제주시 연동,경상사고,0,0,1,0,차대차 - 기타,안전운전불이행,건조,맑음,교차로 - 교차로안,승용,남,31세,상해없음,승용,여,27세,경상
2013022200100034,2013년 2월 22일 01시,금요일,제주특별자치도 제주시 용담삼동,경상사고,0,0,1,0,차대차 - 기타,안전운전불이행,건조,맑음,단일로 - 기타,승용,남,24세,상해없음,승용,남,55세,경상
2013022200100057,2013년 2월 22일 03시,금요일,제주특별자치도 제주시 해안동,부상신고사고,0,0,0,1,차량단독 - 공작물충돌,기타,건조,맑음,단일로 - 기타,승용,남,35세,부상신고,,,,
2013022200100142,2013년 2월 22일 08시,금요일,제주특별자치도 제주시 화북일동,경상사고,0,0,4,0,차대차 - 측면직각충돌,중앙선침범,건조,맑음,단일로 - 기타,승용,남,26세,상해없음,화물,남,40세,경상
2013022200100234,2013년 2월 22일 11시,금요일,제주특별자치도 제주시 삼도일동,경상사고,0,0,1,0,차대차 - 측면직각충돌,안전거리미확보,건조,맑음,단일로 - 기타,승용,남,56세,경상,승용,남,59세,상해없음
2013022200100235,2013년 2월 22일 11시,금요일,제주특별자치도 서귀포시 서귀동,경상사고,0,0,1,0,차대차 - 측면직각충돌,직진우회전진행방해,건조,맑음,교차로 - 교차로안,승용,남,50세,경상,승용,여,37세,상해없음
2013022200100236,2013년 2월 22일 11시,금요일,제주특별자치도 제주시 연동,경상사고,0,0,1,0,차대차 - 추돌 - 진행중,안전운전불이행,건조,맑음,단일로 - 기타,승용,여,42세,상해없음,승용,여,34세,경상
2013022200100259,2013년 2월 22일 12시,금요일,제주특별자치도 서귀포시 남원읍,중상사고,0,1,0,0,차대차 - 측면직각충돌,중앙선침범,건조,맑음,단일로 - 기타,화물,여,61세,상해없음,화물,남,36세,중상
2013022200100314,2013년 2월 22일 14시,금요일,제주특별자치도 제주시 삼도이동,경상사고,0,0,1,0,차대차 - 측면직각충돌,안전운전불이행,건조,맑음,단일로 - 기타,승용,여,27세,상해없음,승용,남,41세,상해없음
2013022200100315,2013년 2월 22일 14시,금요일,제주특별자치도 서귀포시 남원읍,경상사고,0,0,1,0,차대차 - 기타,안전거리미확보,건조,맑음,단일로 - 기타,특수,남,56세,상해없음,화물,남,47세,경상
2013022200100390,2013년 2월 22일 17시,금요일,제주특별자치도 제주시 도남동,중상사고,0,1,0,0,차대차 - 측면직각충돌,안전운전불이행,건조,맑음,단일로 - 기타,승용,여,50세,상해없음,승용,여,30세,상해없음
2013022200100501,2013년 2월 22일 20시,금요일,제주특별자치도 제주시 아라일동,경상사고,0,0,2,0,차대차 - 측면직각충돌,중앙선침범,기타,맑음,단일로 - 기타,화물,남,27세,상해없음,승용,남,45세,경상
2013022200100603,2013년 2월 22일 23시,금요일,제주특별자치도 서귀포시 중문동,경상사고,0,0,2,0,차대차 - 측면직각충돌,안전운전불이행,건조,맑음,단일로 - 기타,승용,여,48세,경상,이륜,남,16세,경상
2013022300100022,2013년 2월 23일 00시,토요일,제주특별자치도 제주시 일도이동,경상사고,0,0,1,0,차대차 - 측면직각충돌,안전운전불이행,기타,맑음,기타 - 기타,승용,남,43세,상해없음,승용,남,51세,경상
2013022300100112,2013년 2월 23일 05시,토요일,제주특별자치도 제주시 노형동,경상사고,0,0,2,0,차대차 - 측면직각충돌,직진우회전진행방해,건조,맑음,교차로 - 교차로안,승용,남,41세,경상,승용,여,40세,경상
2013022300100176,2013년 2월 23일 08시,토요일,제주특별자치도 서귀포시 서홍동,경상사고,0,0,1,0,차대차 - 기타,안전거리미확보,건조,맑음,단일로 - 기타,원동기,남,71세,경상,승용,남,30세,상해없음
2013022300100228,2013년 2월 23일 10시,토요일,제주특별자치도 제주시 애월읍,경상사고,0,0,1,0,차대차 - 기타,중앙선침범,건조,맑음,단일로 - 기타,화물,남,33세,상해없음,자전거,남,53세,경상
2013022300100255,2013년 2월 23일 11시,토요일,제주특별자치도 제주시 연동,경상사고,0,0,2,0,차대차 - 기타,신호위반,건조,맑음,교차로 - 교차로안,특수,남,35세,상해없음,건설기계,남,46세,상해없음
2013022300100256,2013년 2월 23일 11시,토요일,제주특별자치도 제주시 용담삼동,중상사고,0,1,0,0,차대차 - 기타,중앙선침범,건조,맑음,단일로 - 기타,이륜,남,41세,중상,승용,남,32세,상해없음
2013022300100316,2013년 2월 23일 13시,토요일,제주특별자치도 제주시 일도이동,경상사고,0,0,1,0,차대차 - 측면직각충돌,안전운전불이행,건조,맑음,교차로 - 교차로안,승용,여,50세,상해없음,승용,남,35세,경상
2013022300100317,2013년 2월 23일 13시,토요일,제주특별자치도 제주시 연동,부상신고사고,0,0,0,1,차대차 - 추돌 - 주정차중,안전운전불이행,건조,맑음,단일로 - 기타,이륜,남,25세,부상신고,승용,남,61세,상해없음
2013022300100339,2013년 2월 23일 14시,토요일,제주특별자치도 제주시 건입동,중상사고,0,1,0,0,차대사람 - 횡단중,중앙선침범,기타,맑음,단일로 - 기타,승용,남,77세,상해없음,보행자,남,36세,중상
2013022300100340,2013년 2월 23일 14시,토요일,제주특별자치도 제주시 조천읍,경상사고,0,0,1,0,차대차 - 측면직각충돌,교차로운행방법위반,건조,맑음,교차로 - 교차로안,승용,남,49세,상해없음,승용,남,41세,상해없음
2013022300100460,2013년 2월 23일 18시,토요일,제주특별자치도 제주시 노형동,경상사고,0,0,1,0,차대차 - 추돌 - 주정차중,안전거리미확보,건조,맑음,단일로 - 기타,승합,남,40세,상해없음,화물,남,41세,경상
2013022300100496,2013년 2월 23일 19시,토요일,제주특별자치도 제주시 내도동,경상사고,0,0,2,0,차대차 - 추돌 - 주정차중,안전운전불이행,습기,흐림,단일로 - 기타,화물,남,48세,상해없음,화물,남,43세,경상
2013022300100529,2013년 2월 23일 20시,토요일,제주특별자치도 서귀포시 동홍동,경상사고,0,0,1,0,차대차 - 기타,안전운전불이행,건조,맑음,교차로 - 교차로안,원동기,남,59세,경상,승용,남,56세,상해없음
2013022400100054,2013년 2월 24일 01시,일요일,제주특별자치도 제주시 연동,중상사고,0,2,1,0,차대차 - 기타,직진우회전진행방해,건조,맑음,교차로 - 교차로안,승용,남,27세,상해없음,승용,남,60세,경상
2013022400100150,2013년 2월 24일 08시,일요일,제주특별자치도 제주시 애월읍,중상사고,0,1,0,0,차대사람 - 횡단중,안전운전불이행,건조,맑음,단일로 - 기타,승용,남,44세,상해없음,보행자,여,19세,중상
2013022400100166,2013년 2월 24일 09시,일요일,제주특별자치도 제주시 연동,경상사고,0,0,1,0,차대차 - 측면직각충돌,직진우회전진행방해,건조,맑음,교차로 - 교차로안,승합,남,28세,상해없음,승용,여,66세,경상
2013022400100191,2013년 2월 24일 10시,일요일,제주특별자치도 제주시 화북일동,경상사고,0,0,1,0,차대차 - 측면직각충돌,신호위반,건조,맑음,교차로 - 교차로부근,이륜,남,16세,경상,승용,남,41세,상해없음
2013022400100212,2013년 2월 24일 11시,일요일,제주특별자치도 제주시 일도이동,경상사고,0,0,1,0,차량단독 - 공작물충돌,중앙선침범,건조,맑음,단일로 - 기타,승용,남,61세,경상,,,,
2013022400100213,2013년 2월 24일 11시,일요일,제주특별자치도 서귀포시 남원읍,경상사고,0,0,1,0,차대차 - 추돌 - 진행중,안전거리미확보,건조,맑음,단일로 - 기타,화물,남,68세,상해없음,화물,여,55세,경상
2013022400100231,2013년 2월 24일 12시,일요일,제주특별자치도 제주시 한경면,경상사고,0,0,1,0,차대차 - 정면충돌,안전운전불이행,건조,맑음,단일로 - 기타,화물,남,39세,상해없음,화물,남,43세,경상
2013022400100246,2013년 2월 24일 13시,일요일,제주특별자치도 제주시 구좌읍,경상사고,0,0,1,0,차대차 - 측면직각충돌,중앙선침범,건조,맑음,단일로 - 기타,원동기,남,33세,경상,승용,남,67세,상해없음
2013022400100289,2013년 2월 24일 15시,일요일,제주특별자치도 서귀포시 서귀동,경상사고,0,0,1,0,차대차 - 추돌 - 진행중,안전거리미확보,건조,맑음,단일로 - 기타,승용,남,51세,상해없음,이륜,남,32세,경상
2013022400100290,2013년 2월 24일 15시,일요일,제주특별자치도 제주시 노형동,경상사고,0,0,4,0,차대차 - 추돌 - 진행중,안전거리미확보,건조,맑음,단일로 - 기타,승합,남,46세,상해없음,승용,여,49세,경상
2013022400100320,2013년 2월 24일 16시,일요일,제주특별자치도 제주시 노형동,경상사고,0,0,2,0,차대차 - 추돌 - 진행중,안전운전불이행,건조,맑음,단일로 - 기타,승용,남,26세,상해없음,승용,남,32세,경상
2013022400100348,2013년 2월 24일 17시,일요일,제주특별자치도 제주시 애월읍,경상사고,0,0,2,0,차대차 - 추돌 - 주정차중,중앙선침범,건조,맑음,단일로 - 기타,화물,남,56세,상해없음,승용,남,32세,경상
2013022400100375,2013년 2월 24일 18시,일요일,제주특별자치도 제주시 이도이동,경상사고,0,0,1,0,차대차 - 측면직각충돌,신호위반,건조,맑음,교차로 - 교차로부근,승용,여,57세,상해없음,자전거,남,46세,경상
2013022400100468,2013년 2월 24일 21시,일요일,제주특별자치도 제주시 노형동,경상사고,0,0,1,0,차대차 - 측면직각충돌,안전운전불이행,건조,맑음,교차로 - 교차로안,승용,여,25세,상해없음,이륜,남,57세,경상
2013022400100511,2013년 2월 24일 23시,일요일,제주특별자치도 서귀포시 대정읍,경상사고,0,0,1,0,차대차 - 측면직각충돌,직진우회전진행방해,건조,맑음,교차로 - 교차로안,승용,여,23세,경상,승용,남,38세,상해없음
2013022500100049,2013년 2월 25일 07시,월요일,제주특별자치도 서귀포시 동홍동,경상사고,0,0,1,0,차대차 - 기타,안전운전불이행,건조,맑음,교차로 - 교차로부근,승용,여,32세,상해없음,승용,여,41세,경상
2013022500100130,2013년 2월 25일 11시,월요일,제주특별자치도 제주시 일도이동,경상사고,0,0,1,0,차대차 - 측면직각충돌,안전운전불이행,건조,맑음,교차로 - 교차로부근,승용,여,40세,경상,화물,남,55세,상해없음
2013022500100145,2013년 2월 25일 12시,월요일,제주특별자치도 제주시 화북일동,중상사고,0,1,0,0,차대사람 - 횡단중,안전운전불이행,건조,맑음,교차로 - 교차로안,승용,여,39세,상해없음,보행자,남,7세,중상
2013022500100163,2013년 2월 25일 13시,월요일,제주특별자치도 제주시 이도일동,중상사고,0,1,0,0,차량단독 - 공작물충돌,안전운전불이행,건조,맑음,단일로 - 기타,승합,남,55세,상해없음,,,,
2013022500100164,2013년 2월 25일 13시,월요일,제주특별자치도 서귀포시 서홍동,경상사고,0,0,2,0,차대차 - 추돌 - 진행중,안전운전불이행,건조,맑음,단일로 - 기타,승용,남,34세,상해없음,승용,남,30세,경상
2013022500100165,2013년 2월 25일 13시,월요일,제주특별자치도 제주시 연동,경상사고,0,0,2,1,차대차 - 측면직각충돌,신호위반,건조,맑음,교차로 - 교차로안,화물,남,69세,부상신고,승용,여,42세,경상
2013022500100242,2013년 2월 25일 16시,월요일,제주특별자치도 제주시 건입동,경상사고,0,0,2,0,차대차 - 측면직각충돌,교차로운행방법위반,기타,맑음,단일로 - 기타,승용,남,49세,상해없음,승용,여,40세,경상
2013022500100337,2013년 2월 25일 19시,월요일,제주특별자치도 서귀포시 도순동,경상사고,0,0,1,0,차량단독 - 공작물충돌,안전운전불이행,건조,맑음,단일로 - 교량,화물,남,53세,경상,,,,
2013022500100416,2013년 2월 25일 22시,월요일,제주특별자치도 제주시 연동,경상사고,0,0,1,0,차대사람 - 기타,안전운전불이행,건조,맑음,단일로 - 기타,승용,남,49세,상해없음,보행자,남,37세,경상