사고번호,사고일시,요일,시군구,사고내용,사망자수,중상자수,경상자수,부상신고자수,사고유형,법규위반,노면상태,기상상태,도로형태,가해운전자 차종,가해운전자 성별,가해운전자 연령,가해운전자 상해정도,피해운전자 차종,피해운전자 성별,피해운전자 연령,피해운전자 상해정도
2013031000100115,2013년 3월 10일 07시,일요일,제주특별자치도 서귀포시 동홍동,경상사고,0,0,1,0,차대차 - 측면직각충돌,신호위반,건조,맑음,교차로 - 교차로안,화물,남,39세,상해없음,승용,남,22세,경상
2013031000100129,2013년 3월 10일 08시,일요일,제주특별자치도 제주시 봉개동,경상사고,0,0,3,0,차대차 - 측면직각충돌,안전운전불이행,건조,맑음,교차로 - 교차로부근,승용,남,62세,상해없음,승용,남,57세,경상
2013031000100362,2013년 3월 10일 17시,일요일,제주특별자치도 제주시 외도일동,경상사고,0,0,3,0,차대차 - 추돌 - 진행중,안전거리미확보,건조,맑음,단일로 - 기타,승용,여,45세,경상,화물,남,40세,상해없음
2013031000100426,2013년 3월 10일 19시,일요일,제주특별자치도 제주시 애월읍,경상사고,0,0,2,0,차대차 - 추돌 - 진행중,기타,건조,흐림,교차로 - 교차로안,승합,남,41세,상해없음,화물,남,36세,경상
2013031000100458,2013년 3월 10일 20시,일요일,제주특별자치도 서귀포시 서귀동,경상사고,0,0,2,0,차대차 - 측면직각충돌,직진우회전진행방해,건조,맑음,교차로 - 교차로안,승용,남,49세,상해없음,승용,남,28세,경상
2013031000100520,2013년 3월 10일 23시,일요일,제주특별자치도 제주시 이도이동,경상사고,0,0,1,0,차대차 - 추돌 - 주정차중,안전운전불이행,건조,맑음,교차로 - 교차로부근,승용,기타불명,기타불명,기타불명,승용,남,46세,상해없음
2013031100100053,2013년 3월 11일 06시,월요일,제주특별자치도 제주시 애월읍,사망사고,1,0,0,0,차대사람 - 횡단중,보행자보호의무위반,건조,맑음,단일로 - 횡단보도상,승용,남,28세,상해없음,보행자,여,16세,사망
2013031100100078,2013년 3월 11일 07시,월요일,제주특별자치도 서귀포시 남원읍,중상사고,0,1,0,0,차대차 - 기타,직진우회전진행방해,건조,맑음,교차로 - 교차로안,화물,남,47세,상해없음,승용,남,47세,중상
2013031100100079,2013년 3월 11일 07시,월요일,제주특별자치도 제주시 용담이동,중상사고,0,1,0,0,차대차 - 추돌 - 주정차중,교차로운행방법위반,건조,맑음,교차로 - 교차로안,이륜,남,53세,중상,승용,남,45세,상해없음
2013031100100117,2013년 3월 11일 08시,월요일,제주특별자치도 제주시 한림읍,중상사고,0,1,0,0,차대차 - 측면직각충돌,직진우회전진행방해,건조,맑음,단일로 - 기타,승용,여,38세,상해없음,이륜,남,76세,중상
2013031100100118,2013년 3월 11일 08시,월요일,제주특별자치도 제주시 연동,경상사고,0,0,1,1,차대차 - 측면직각충돌,교차로운행방법위반,건조,맑음,교차로 - 교차로안,승용,남,38세,부상신고,승용,남,48세,경상
2013031100100198,2013년 3월 11일 10시,월요일,제주특별자치도 서귀포시 대정읍,중상사고,0,1,0,0,차대사람 - 횡단중,보행자보호의무위반,건조,맑음,단일로 - 기타,이륜,남,74세,상해없음,보행자,여,73세,중상
2013031100100341,2013년 3월 11일 16시,월요일,제주특별자치도 서귀포시 안덕면,사망사고,1,0,0,1,차량단독 - 공작물충돌,안전운전불이행,건조,맑음,단일로 - 기타,화물,남,64세,부상신고,,,,
2013031100100416,2013년 3월 11일 18시,월요일,제주특별자치도 제주시 조천읍,경상사고,0,0,2,0,차대차 - 측면직각충돌,신호위반,건조,맑음,교차로 - 교차로안,화물,남,67세,상해없음,승용,남,47세,경상
2013031200100067,2013년 3월 12일 06시,화요일,제주특별자치도 제주시 아라일동,경상사고,0,0,1,0,차대차 - 측면직각충돌,안전운전불이행,건조,맑음,교차로 - 교차로부근,승용,남,51세,상해없음,승용,여,51세,경상
2013031200100068,2013년 3월 12일 06시,화요일,제주특별자치도 제주시 애월읍,중상사고,0,1,0,0,차대사람 - 횡단중,안전운전불이행,건조,맑음,단일로 - 기타,승용,남,49세,상해없음,보행자,여,79세,중상
2013031200100217,2013년 3월 12일 12시,화요일,제주특별자치도 제주시 구좌읍,중상사고,0,1,0,0,차대차 - 측면직각충돌,교차로운행방법위반,건조,맑음,교차로 - 교차로안,승합,남,59세,상해없음,승용,여,49세,중상
2013031200100239,2013년 3월 12일 13시,화요일,제주특별자치도 서귀포시 중문동,경상사고,0,0,1,0,차대차 - 기타,안전운전불이행,건조,맑음,단일로 - 기타,승용,남,47세,상해없음,이륜,남,74세,경상
2013031200100256,2013년 3월 12일 14시,화요일,제주특별자치도 제주시 용담이동,경상사고,0,0,1,0,차대차 - 추돌 - 진행중,안전거리미확보,건조,맑음,단일로 - 기타,승합,남,45세,상해없음,승용,남,34세,경상
2013031200100308,2013년 3월 12일 16시,화요일,제주특별자치도 제주시 오라일동,경상사고,0,0,1,0,차대사람 - 횡단중,안전운전불이행,건조,맑음,교차로 - 교차로부근,기타불명,기타불명,기타불명,기타불명,보행자,여,12세,경상
2013031200100309,2013년 3월 12일 16시,화요일,제주특별자치도 제주시 애월읍,경상사고,0,0,1,0,차대사람 - 기타,안전운전불이행,건조,맑음,단일로 - 기타,기타불명,기타불명,기타불명,기타불명,보행자,남,51세,경상
2013031200100326,2013년 3월 12일 17시,화요일,제주특별자치도 서귀포시 성산읍,중상사고,0,1,0,0,차대사람 - 길가장자리구역통행중,안전운전불이행,건조,맑음,단일로 - 기타,승용,여,21세,상해없음,보행자,남,48세,중상
2013031200100354,2013년 3월 12일 18시,화요일,제주특별자치도 제주시 외도일동,부상신고사고,0,0,0,1,차대사람 - 횡단중,보행자보호의무위반,건조,맑음,교차로 - 교차로부근,승용,여,35세,상해없음,보행자,남,47세,부상신고
2013031200100396,2013년 3월 12일 19시,화요일,제주특별자치도 제주시 도련일동,경상사고,0,0,1,0,차대차 - 측면직각충돌,신호위반,기타,맑음,교차로 - 교차로안,승용,남,44세,상해없음,승용,남,54세,경상
2013031200100425,2013년 3월 12일 20시,화요일,제주특별자치도 제주시 건입동,중상사고,0,1,0,0,차대사람 - 횡단중,보행자보호의무위반,건조,맑음,교차로 - 교차로안,승용,여,48세,상해없음,보행자,남,39세,중상
2013031300100061,2013년 3월 13일 01시,수요일,제주특별자치도 제주시 삼도일동,중상사고,0,2,0,0,차대차 - 측면직각충돌,안전거리미확보,건조,맑음,단일로 - 기타,화물,남,38세,중상,승용,남,37세,중상
2013031300100194,2013년 3월 13일 08시,수요일,제주특별자치도 서귀포시 남원읍,경상사고,0,0,1,0,차량단독 - 전도전복,안전운전불이행,습기,비,단일로 - 기타,화물,남,54세,경상,,,,
2013031300100219,2013년 3월 13일 09시,수요일,제주특별자치도 제주시 노형동,경상사고,0,0,1,0,차량단독 - 기타,안전운전불이행,습기,비,단일로 - 기타,승합,남,39세,상해없음,,,,
2013031300100444,2013년 3월 13일 18시,수요일,제주특별자치도 제주시 노형동,경상사고,0,0,2,0,차대차 - 기타,안전거리미확보,건조,맑음,단일로 - 기타,승합,남,43세,상해없음,승용,남,37세,경상
2013031300100477,2013년 3월 13일 19시,수요일,제주특별자치도 제주시 한림읍,경상사고,0,0,1,0,차대차 - 기타,중앙선침범,건조,맑음,단일로 - 기타,승용,여,45세,상해없음,승용,여,28세,경상
2013031300100533,2013년 3월 13일 21시,수요일,제주특별자치도 제주시 이도이동,경상사고,0,0,1,0,차대차 - 측면직각충돌,교차로운행방법위반,건조,맑음,교차로 - 교차로안,승용,여,49세,경상,승용,남,57세,상해없음
2013031400100017,2013년 3월 14일 00시,목요일,제주특별자치도 제주시 이도이동,중상사고,0,1,0,0,차대사람 - 횡단중,안전운전불이행,건조,맑음,단일로 - 기타,승용,남,54세,상해없음,보행자,남,52세,중상
2013031400100040,2013년 3월 14일 01시,목요일,제주특별자치도 제주시 한경면,중상사고,0,1,0,0,차량단독 - 공작물충돌,안전운전불이행,건조,맑음,교차로 - 교차로안,승용,여,41세,중상,,,,
2013031400100078,2013년 3월 14일 04시,목요일,제주특별자치도 제주시 조천읍,중상사고,0,1,0,0,차량단독 - 공작물충돌,안전운전불이행,건조,맑음,단일로 - 기타,승용,남,38세,중상,,,,
2013031400100079,2013년 3월 14일 04시,목요일,제주특별자치도 제주시 연동,경상사고,0,0,1,0,차대사람 - 횡단중,안전운전불이행,건조,맑음,단일로 - 기타,승용,남,63세,상해없음,보행자,남,37세,경상
2013031400100100,2013년 3월 14일 06시,목요일,제주특별자치도 제주시 오라삼동,경상사고,0,0,1,0,차대차 - 측면직각충돌,직진우회전진행방해,건조,맑음,교차로 - 교차로안,승용,여,57세,상해없음,승합,남,60세,경상
2013031400100119,2013년 3월 14일 07시,목요일,제주특별자치도 서귀포시 성산읍,경상사고,0,0,1,0,차대차 - 기타,안전운전불이행,건조,맑음,교차로 - 교차로안,승용,여,31세,상해없음,자전거,남,11세,경상
2013031400100160,2013년 3월 14일 08시,목요일,제주특별자치도 제주시 오라일동,경상사고,0,0,2,0,차대차 - 측면직각충돌,안전운전불이행,건조,맑음,단일로 - 기타,승용,여,36세,상해없음,승용,여,37세,경상
2013031400100201,2013년 3월 14일 10시,목요일,제주특별자치도 제주시 조천읍,중상사고,0,1,0,0,차대차 - 측면직각충돌,교차로운행방법위반,건조,흐림,교차로 - 교차로안,화물,남,48세,상해없음,화물,여,44세,중상
2013031400100322,2013년 3월 14일 15시,목요일,제주특별자치도 제주시 연동,경상사고,0,0,1,0,차대차 - 측면직각충돌,안전운전불이행,건조,맑음,단일로 - 기타,승용,남,61세,상해없음,자전거,남,10세,경상
2013031400100348,2013년 3월 14일 16시,목요일,제주특별자치도 제주시 화북이동,사망사고,1,0,0,0,차대사람 - 횡단중,보행자보호의무위반,건조,맑음,교차로 - 교차로부근,화물,남,34세,상해없음,보행자,남,44세,사망
2013031400100349,2013년 3월 14일 16시,목요일,제주특별자치도 서귀포시 토평동,경상사고,0,0,1,0,차대차 - 기타,직진우회전진행방해,건조,맑음,단일로 - 기타,승용,남,68세,상해없음,이륜,남,26세,경상
2013031400100350,2013년 3월 14일 16시,목요일,제주특별자치도 서귀포시 동홍동,경상사고,0,0,1,0,차대사람 - 기타,안전운전불이행,건조,맑음,단일로 - 기타,승용,여,54세,상해없음,보행자,남,45세,경상
2013031400100351,2013년 3월 14일 16시,목요일,제주특별자치도 제주시 연동,중상사고,0,1,0,0,차대사람 - 횡단중,안전운전불이행,건조,맑음,단일로 - 기타,승용,여,31세,상해없음,보행자,남,4세,중상
2013031400100457,2013년 3월 14일 19시,목요일,제주특별자치도 제주시 구좌읍,경상사고,0,0,1,0,차대차 - 측면직각충돌,직진우회전진행방해,건조,맑음,교차로 - 교차로안,승용,남,56세,상해없음,이륜,남,55세,경상
2013031400100458,2013년 3월 14일 19시,목요일,제주특별자치도 서귀포시 대정읍,중상사고,0,1,0,0,차대사람 - 기타,안전운전불이행,건조,맑음,교차로 - 교차로안,승용,남,75세,상해없음,보행자,남,63세,중상
2013031500100037,2013년 3월 15일 02시,금요일,제주특별자치도 제주시 연동,경상사고,0,0,1,0,차대차 - 측면직각충돌,안전운전불이행,건조,맑음,단일로 - 기타,화물,남,30세,상해없음,승용,남,48세,경상
2013031500100075,2013년 3월 15일 06시,금요일,제주특별자치도 서귀포시 상예동,부상신고사고,0,0,0,1,차량단독 - 공작물충돌,안전운전불이행,건조,맑음,단일로 - 기타,화물,남,22세,부상신고,,,,
2013031500100104,2013년 3월 15일 07시,금요일,제주특별자치도 제주시 연동,중상사고,0,1,0,0,차대사람 - 기타,안전운전불이행,건조,맑음,단일로 - 기타,승용,남,53세,상해없음,보행자,남,15세,중상
2013031500100150,2013년 3월 15일 08시,금요일,제주특별자치도 제주시 노형동,경상사고,0,0,1,0,차대차 - 측면직각충돌,안전운전불이행,건조,맑음,교차로 - 교차로안,승용,여,50세,상해없음,승용,남,41세,경상
2013031500100206,2013년 3월 15일 10시,금요일,제주특별자치도 서귀포시 호근동,부상신고사고,0,0,0,1,차량단독 - 공작물충돌,안전운전불이행,건조,맑음,단일로 - 기타,승합,남,67세,부상신고,,,,
2013031500100224,2013년 3월 15일 11시,금요일,제주특별자치도 제주시 화북일동,중상사고,0,1,0,0,차대사람 - 횡단중,보행자보호의무위반,건조,맑음,단일로 - 기타,이륜,남,46세,상해없음,보행자,여,27세,중상
2013031500100225,2013년 3월 15일 11시,금요일,제주특별자치도 제주시 연동,경상사고,0,0,1,0,차대차 - 추돌 - 주정차중,안전운전불이행,건조,맑음,교차로 - 교차로부근,승용,여,50세,상해없음,화물,남,37세,경상
2013031500100303,2013년 3월 15일 14시,금요일,제주특별자치도 제주시 일도이동,경상사고,0,0,1,0,차대차 - 측면직각충돌,교차로운행방법위반,건조,맑음,교차로 - 교차로안,승용,남,43세,상해없음,자전거,남,34세,경상
2013031500100331,2013년 3월 15일 15시,금요일,제주특별자치도 제주시 화북이동,경상사고,0,0,2,0,차대차 - 측면직각충돌,신호위반,건조,맑음,교차로 - 교차로안,승용,여,44세,경상,승합,남,19세,경상
2013031500100332,2013년 3월 15일 15시,금요일,제주특별자치도 제주시 삼도일동,중상사고,0,1,0,0,차대사람 - 기타,안전운전불이행,건조,맑음,교차로 - 교차로부근,승용,남,55세,상해없음,보행자,여,81세,중상
2013031500100458,2013년 3월 15일 19시,금요일,제주특별자치도 제주시 노형동,경상사고,0,0,1,0,차대사람 - 길가장자리구역통행중,안전운전불이행,건조,맑음,교차로 - 교차로안,승용,남,42세,상해없음,보행자,여,69세,경상
2013031500100501,2013년 3월 15일 20시,금요일,제주특별자치도 제주시 화북일동,경상사고,0,0,2,0,차대사람 - 횡단중,보행자보호의무위반,기타,맑음,단일로 - 횡단보도상,원동기,남,30세,상해없음,보행자,남,51세,경상
2013031500100566,2013년 3월 15일 22시,금요일,제주특별자치도 서귀포시 성산읍,부상신고사고,0,0,0,1,차량단독 - 공작물충돌,안전운전불이행,건조,흐림,교차로 - 교차로안,원동기,남,70세,부상신고,,,,
2013031500100592,2013년 3월 15일 23시,금요일,제주특별자치도 제주시 일도이동,중상사고,0,1,0,0,차대사람 - 횡단중,안전운전불이행,건조,맑음,단일로 - 기타,승용,남,57세,상해없음,보행자,남,41세,중상
2013031600100288,2013년 3월 16일 15시,토요일,제주특별자치도 제주시 이도이동,경상사고,0,0,1,0,차대사람 - 횡단중,보행자보호의무위반,건조,맑음,교차로 - 교차로부근,승용,여,44세,상해없음,보행자,여,32세,경상
2013031600100289,2013년 3월 16일 15시,토요일,제주특별자치도 서귀포시 성산읍,중상사고,0,1,2,0,차대차 - 측면직각충돌,신호위반,건조,맑음,교차로 - 교차로안,승용,여,36세,상해없음,승용,남,37세,경상
2013031600100436,2013년 3월 16일 19시,토요일,제주특별자치도 제주시 연동,중상사고,0,1,0,0,차대사람 - 횡단중,신호위반,건조,맑음,교차로 - 교차로안,승합,여,30세,상해없음,보행자,남,14세,중상
2013031600100472,2013년 3월 16일 20시,토요일,제주특별자치도 제주시 용담일동,경상사고,0,0,2,0,차대차 - 측면직각충돌,안전거리미확보,건조,맑음,단일로 - 기타,승용,남,48세,상해없음,승용,여,57세,경상
2013031600100571,2013년 3월 16일 23시,토요일,제주특별자치도 제주시 건입동,경상사고,0,0,1,0,차대차 - 측면직각충돌,안전운전불이행,건조,맑음,교차로 - 교차로부근,승용,남,40세,상해없음,승용,남,53세,경상
2013031600100572,2013년 3월 16일 23시,토요일,제주특별자치도 서귀포시 서귀동,중상사고,0,1,0,0,차대차 - 추돌 - 진행중,안전운전불이행,건조,맑음,교차로 - 교차로부근,승용,남,21세,상해없음,승용,여,33세,중상
2013031700100115,2013년 3월 17일 06시,일요일,제주특별자치도 제주시 연동,중상사고,0,1,4,0,차대차 - 측면직각충돌,중앙선침범,건조,맑음,단일로 - 기타,승용,남,24세,중상,승용,남,58세,경상
2013031700100123,2013년 3월 17일 07시,일요일,제주특별자치도 서귀포시 남원읍,부상신고사고,0,0,0,1,차량단독 - 전도전복,안전운전불이행,건조,맑음,단일로 - 기타,승용,남,35세,부상신고,,,,
2013031700100137,2013년 3월 17일 08시,일요일,제주특별자치도 제주시 이도이동,경상사고,0,0,1,0,차대사람 - 횡단중,안전운전불이행,건조,맑음,단일로 - 기타,승용,남,27세,상해없음,보행자,남,27세,경상
2013031700100138,2013년 3월 17일 08시,일요일,제주특별자치도 서귀포시 표선면,경상사고,0,0,2,0,차대차 - 기타,직진우회전진행방해,건조,맑음,교차로 - 교차로안,화물,남,41세,상해없음,화물,남,54세,경상
2013031700100163,2013년 3월 17일 10시,일요일,제주특별자치도 서귀포시 서홍동,중상사고,0,1,0,0,차대차 - 기타,안전운전불이행,건조,맑음,교차로 - 교차로부근,승용,남,35세,상해없음,자전거,여,61세,중상
2013031700100164,2013년 3월 17일 10시,일요일,제주특별자치도 서귀포시 대정읍,중상사고,0,1,0,0,차대차 - 측면직각충돌,직진우회전진행방해,건조,맑음,교차로 - 교차로안,승합,남,55세,상해없음,승용,남,60세,중상
2013031700100184,2013년 3월 17일 11시,일요일,제주특별자치도 제주시 이도이동,경상사고,0,0,1,0,차대사람 - 횡단중,안전운전불이행,건조,맑음,단일로 - 기타,기타불명,기타불명,기타불명,기타불명,보행자,여,24세,경상
2013031700100185,2013년 3월 17일 11시,일요일,제주특별자치도 서귀포시 성산읍,부상신고사고,0,0,0,1,차량단독 - 공작물충돌,안전운전불이행,건조,맑음,단일로 - 기타,농기계,남,52세,부상신고,,,,
2013031700100186,2013년 3월 17일 11시,일요일,제주특별자치도 제주시 노형동,경상사고,0,0,1,0,차대사람 - 기타,보행자보호의무위반,건조,맑음,단일로 - 횡단보도상,승용,남,71세,상해없음,보행자,남,55세,경상
2013031700100200,2013년 3월 17일 12시,일요일,제주특별자치도 서귀포시 남원읍,경상사고,0,0,1,0,차대차 - 측면직각충돌,직진우회전진행방해,건조,맑음,교차로 - 교차로안,승용,여,27세,상해없음,승용,남,36세,경상
2013031700100218,2013년 3월 17일 13시,일요일,제주특별자치도 제주시 이도이동,경상사고,0,0,2,0,차대차 - 측면직각충돌,안전거리미확보,건조,맑음,교차로 - 교차로부근,승용,남,60세,상해없음,승용,여,46세,상해없음
2013031700100268,2013년 3월 17일 15시,일요일,제주특별자치도 제주시 애월읍,경상사고,0,0,2,0,차대차 - 기타,직진우회전진행방해,건조,맑음,교차로 - 교차로안,승용,남,48세,상해없음,승합,남,21세,경상
2013031700100317,2013년 3월 17일 17시,일요일,제주특별자치도 제주시 도남동,경상사고,0,0,1,0,차대차 - 측면직각충돌,안전운전불이행,건조,맑음,교차로 - 교차로부근,승용,남,21세,경상,승용,여,39세,상해없음
2013031700100352,2013년 3월 17일 18시,일요일,제주특별자치도 제주시 조천읍,경상사고,0,0,3,0,차대차 - 기타,안전운전불이행,건조,맑음,교차로 - 교차로부근,승용,남,66세,상해없음,승용,여,30세,경상
2013031700100353,2013년 3월 17일 18시,일요일,제주특별자치도 제주시 이도이동,중상사고,0,1,0,0,차대사람 - 기타,안전운전불이행,습기,비,교차로 - 교차로부근,이륜,남,39세,상해없음,보행자,남,10세,중상
2013031700100354,2013년 3월 17일 18시,일요일,제주특별자치도 제주시 이도이동,경상사고,0,0,1,0,차대차 - 측면직각충돌,안전거리미확보,습기,비,단일로 - 기타,화물,남,40세,상해없음,승용,남,56세,경상
2013031700100457,2013년 3월 17일 20시,일요일,제주특별자치도 서귀포시 서귀동,경상사고,0,0,2,0,차대차 - 기타,직진우회전진행방해,건조,맑음,교차로 - 교차로안,승용,남,43세,상해없음,승용,남,52세,경상
2013031700100548,2013년 3월 17일 22시,일요일,제주특별자치도 제주시 아라일동,경상사고,0,0,1,0,차량단독 - 공작물충돌,안전운전불이행,습기,비,단일로 - 기타,승용,남,48세,상해없음,,,,
2013031700100584,2013년 3월 17일 23시,일요일,제주특별자치도 제주시 연동,중상사고,0,1,1,0,차대사람 - 기타,안전운전불이행,습기,비,단일로 - 기타,승용,남,48세,상해없음,보행자,여,45세,중상
2013031800100022,2013년 3월 18일 00시,월요일,제주특별자치도 제주시 이도이동,중상사고,0,2,1,0,차대차 - 정면충돌,중앙선침범,습기,비,단일로 - 기타,승용,남,38세,중상,승용,남,21세,경상
2013031800100023,2013년 3월 18일 00시,월요일,제주특별자치도 제주시 이도이동,중상사고,0,1,2,0,차대차 - 측면직각충돌,기타,습기,비,단일로 - 기타,승용,남,25세,상해없음,승용,여,20세,경상
2013031800100160,2013년 3월 18일 08시,월요일,제주특별자치도 서귀포시 표선면,경상사고,0,0,3,0,차대차 - 추돌 - 진행중,교차로운행방법위반,건조,맑음,교차로 - 교차로안,승용,남,49세,상해없음,승용,남,36세,경상
2013031800100214,2013년 3월 18일 10시,월요일,제주특별자치도 서귀포시 강정동,경상사고,0,0,2,1,차대차 - 추돌 - 주정차중,안전거리미확보,건조,맑음,단일로 - 기타,화물,남,53세,상해없음,승용,남,67세,부상신고
2013031800100262,2013년 3월 18일 12시,월요일,제주특별자치도 제주시 삼도이동,경상사고,0,0,1,0,차대차 - 측면직각충돌,안전거리미확보,건조,흐림,교차로 - 교차로부근,승용,남,43세,상해없음,이륜,남,23세,경상
2013031800100324,2013년 3월 18일 14시,월요일,제주특별자치도 제주시 용담이동,경상사고,0,0,1,0,차대차 - 측면직각충돌,교차로운행방법위반,건조,맑음,교차로 - 교차로부근,승용,남,70세,상해없음,승용,남,44세,경상
2013031800100432,2013년 3월 18일 17시,월요일,제주특별자치도 제주시 삼도일동,경상사고,0,0,1,0,차대차 - 측면직각충돌,안전운전불이행,건조,맑음,단일로 - 횡단보도부근,승용,여,39세,상해없음,승용,남,33세,경상
2013031800100471,2013년 3월 18일 18시,월요일,제주특별자치도 서귀포시 색달동,경상사고,0,0,1,0,차대차 - 측면직각충돌,직진우회전진행방해,건조,맑음,교차로 - 교차로안,승용,남,53세,상해없음,승용,여,43세,경상
2013031800100505,2013년 3월 18일 19시,월요일,제주특별자치도 제주시 이도이동,중상사고,0,1,0,0,차대사람 - 횡단중,보행자보호의무위반,건조,흐림,단일로 - 횡단보도상,승용,여,35세,상해없음,보행자,남,42세,중상
2013031800100506,2013년 3월 18일 19시,월요일,제주특별자치도 서귀포시 남원읍,중상사고,0,1,0,0,차대차 - 측면직각충돌,안전운전불이행,건조,맑음,교차로 - 교차로안,이륜,여,58세,중상,승용,남,28세,상해없음
2013031800100507,2013년 3월 18일 19시,월요일,제주특별자치도 제주시 용담이동,부상신고사고,0,0,0,1,차대차 - 측면직각충돌,안전운전불이행,건조,맑음,단일로 - 기타,승합,남,52세,상해없음,승용,여,30세,부상신고
2013031800100536,2013년 3월 18일 20시,월요일,제주특별자치도 서귀포시 강정동,중상사고,0,1,0,0,차대사람 - 기타,안전운전불이행,건조,맑음,단일로 - 기타,건설기계,남,56세,상해없음,보행자,남,33세,중상
2013031900100013,2013년 3월 19일 00시,화요일,제주특별자치도 제주시 이도이동,경상사고,0,0,1,0,차대사람 - 횡단중,안전운전불이행,건조,맑음,단일로 - 횡단보도부근,기타불명,기타불명,기타불명,기타불명,보행자,여,19세,경상
2013031900100176,2013년 3월 19일 10시,화요일,제주특별자치도 제주시 애월읍,중상사고,0,2,0,0,차대차 - 추돌 - 진행중,안전운전불이행,건조,맑음,단일로 - 기타,화물,남,38세,상해없음,승용,여,49세,중상
2013031900100226,2013년 3월 19일 12시,화요일,제주특별자치도 제주시 연동,중상사고,0,1,0,0,차대사람 - 보도통행중,안전운전불이행,건조,맑음,단일로 - 기타,화물,남,27세,상해없음,보행자,여,58세,중상
2013031900100250,2013년 3월 19일 13시,화요일,제주특별자치도 제주시 용담이동,중상사고,0,1,0,0,차대차 - 추돌 - 주정차중,안전운전불이행,건조,맑음,단일로 - 기타,화물,남,52세,상해없음,승용,남,65세,중상
2013031900100344,2013년 3월 19일 17시,화요일,제주특별자치도 제주시 오라일동,중상사고,0,3,1,0,차대차 - 측면직각충돌,교차로운행방법위반,건조,맑음,교차로 - 교차로안,승용,남,61세,경상,승용,남,47세,중상
2013031900100403,2013년 3월 19일 19시,화요일,제주특별자치도 제주시 아라일동,중상사고,0,1,0,0,차대사람 - 횡단중,안전운전불이행,건조,맑음,단일로 - 기타,승용,여,41세,상해없음,보행자,남,57세,중상
2013032000100047,2013년 3월 20일 02시,수요일,제주특별자치도 제주시 용담이동,경상사고,0,0,1,0,차량단독 - 공작물충돌,안전운전불이행,건조,맑음,단일로 - 기타,원동기,남,17세,경상,,,,
2013032000100097,2013년 3월 20일 06시,수요일,제주특별자치도 제주시 한림읍,중상사고,0,1,0,0,차대차 - 기타,신호위반,습기,비,교차로 - 교차로안,승용,남,66세,상해없음,승용,여,30세,중상
2013032000100116,2013년 3월 20일 07시,수요일,제주특별자치도 제주시 노형동,중상사고,0,1,0,0,차대사람 - 기타,보행자보호의무위반,습기,비,교차로 - 교차로부근,승용,여,31세,상해없음,보행자,남,18세,중상
2013032000100117,2013년 3월 20일 07시,수요일,제주특별자치도 제주시 연동,경상사고,0,0,1,0,차대차 - 측면직각충돌,직진우회전진행방해,습기,비,교차로 - 교차로안,승용,남,34세,상해없음,승용,남,48세,경상
2013032000100150,2013년 3월 20일 08시,수요일,제주특별자치도 제주시 애월읍,경상사고,0,0,1,0,차량단독 - 공작물충돌,안전운전불이행,습기,비,단일로 - 기타,승용,남,24세,경상,,,,
2013032000100183,2013년 3월 20일 09시,수요일,제주특별자치도 제주시 일도일동,경상사고,0,0,1,0,차대사람 - 횡단중,안전운전불이행,건조,맑음,단일로 - 기타,이륜,남,70세,상해없음,보행자,여,66세,경상
2013032000100184,2013년 3월 20일 09시,수요일,제주특별자치도 제주시 외도일동,경상사고,0,0,1,0,차대차 - 추돌 - 진행중,안전운전불이행,습기,비,단일로 - 기타,화물,남,34세,상해없음,승용,남,36세,경상
2013032000100229,2013년 3월 20일 11시,수요일,제주특별자치도 제주시 연동,경상사고,0,0,1,0,차대차 - 추돌 - 주정차중,안전거리미확보,건조,맑음,단일로 - 기타,승용,남,33세,상해없음,승용,남,30세,경상
2013032000100253,2013년 3월 20일 12시,수요일,제주특별자치도 제주시 일도이동,경상사고,0,0,2,0,차대차 - 측면직각충돌,교차로운행방법위반,건조,흐림,교차로 - 교차로안,이륜,남,41세,경상,이륜,남,62세,경상
2013032000100278,2013년 3월 20일 13시,수요일,제주특별자치도 서귀포시 하예동,중상사고,0,1,1,0,차대차 - 기타,안전운전불이행,건조,맑음,단일로 - 기타,화물,남,55세,상해없음,승용,남,52세,상해없음
2013032000100279,2013년 3월 20일 13시,수요일,제주특별자치도 제주시 연동,경상사고,0,0,2,0,차대차 - 기타,교차로운행방법위반,건조,맑음,교차로 - 교차로안,화물,남,55세,상해없음,승용,여,40세,경상
2013032000100303,2013년 3월 20일 14시,수요일,제주특별자치도 제주시 이도이동,경상사고,0,0,1,0,차대사람 - 횡단중,안전운전불이행,건조,맑음,단일로 - 기타,승용,여,66세,기타불명,보행자,남,14세,경상
2013032000100335,2013년 3월 20일 15시,수요일,제주특별자치도 제주시 삼도이동,경상사고,0,0,1,0,차대차 - 측면직각충돌,교차로운행방법위반,건조,맑음,교차로 - 교차로안,승용,남,54세,상해없음,승용,남,34세,경상