사고번호,사고일시,요일,시군구,사고내용,사망자수,중상자수,경상자수,부상신고자수,사고유형,법규위반,노면상태,기상상태,도로형태,가해운전자 차종,가해운전자 성별,가해운전자 연령,가해운전자 상해정도,피해운전자 차종,피해운전자 성별,피해운전자 연령,피해운전자 상해정도
2013042000100703,2013년 4월 20일 23시,토요일,제주특별자치도 제주시 연동,중상사고,0,1,0,0,차대사람 - 기타,보행자보호의무위반,건조,기타,교차로 - 교차로안,승용,남,33세,상해없음,보행자,남,59세,중상
2013042100100026,2013년 4월 21일 00시,일요일,제주특별자치도 제주시 노형동,경상사고,0,0,1,0,차대차 - 추돌 - 주정차중,안전운전불이행,건조,맑음,단일로 - 기타,승용,남,36세,상해없음,승용,남,44세,상해없음
2013042100100047,2013년 4월 21일 01시,일요일,제주특별자치도 서귀포시 서호동,경상사고,0,0,1,0,차량단독 - 전도전복,안전운전불이행,건조,맑음,단일로 - 기타,승용,남,31세,경상,,,,
2013042100100058,2013년 4월 21일 02시,일요일,제주특별자치도 제주시 화북일동,중상사고,0,1,3,0,차대차 - 측면직각충돌,중앙선침범,건조,흐림,단일로 - 기타,승용,남,27세,중상,승합,남,41세,경상
2013042100100059,2013년 4월 21일 02시,일요일,제주특별자치도 제주시 애월읍,경상사고,0,0,3,0,차대차 - 기타,중앙선침범,건조,맑음,단일로 - 기타,승용,여,31세,상해없음,화물,여,46세,경상
2013042100100072,2013년 4월 21일 03시,일요일,제주특별자치도 제주시 화북이동,경상사고,0,0,1,0,차대차 - 측면직각충돌,교차로운행방법위반,건조,맑음,교차로 - 교차로안,승용,남,31세,상해없음,승용,남,49세,경상
2013042100100073,2013년 4월 21일 03시,일요일,제주특별자치도 서귀포시 신효동,사망사고,1,2,1,0,차량단독 - 전도전복,안전운전불이행,건조,맑음,교차로 - 교차로안,승용,남,18세,중상,,,,
2013042100100131,2013년 4월 21일 08시,일요일,제주특별자치도 서귀포시 서귀동,중상사고,0,1,0,0,차대사람 - 횡단중,보행자보호의무위반,건조,맑음,교차로 - 교차로안,승용,남,51세,상해없음,보행자,여,39세,중상
2013042100100197,2013년 4월 21일 12시,일요일,제주특별자치도 서귀포시 안덕면,중상사고,0,1,1,0,차대차 - 측면직각충돌,직진우회전진행방해,건조,맑음,교차로 - 교차로안,승용,여,54세,상해없음,승합,남,70세,경상
2013042100100316,2013년 4월 21일 16시,일요일,제주특별자치도 제주시 일도일동,경상사고,0,0,1,0,차대사람 - 횡단중,안전운전불이행,건조,맑음,교차로 - 교차로부근,승용,여,41세,상해없음,보행자,남,7세,경상
2013042100100353,2013년 4월 21일 17시,일요일,제주특별자치도 서귀포시 안덕면,중상사고,0,1,0,0,차대차 - 기타,안전운전불이행,건조,맑음,교차로 - 교차로안,승용,여,41세,상해없음,자전거,남,11세,중상
2013042100100414,2013년 4월 21일 19시,일요일,제주특별자치도 서귀포시 서귀동,중상사고,0,1,0,0,차대사람 - 기타,안전운전불이행,건조,맑음,단일로 - 기타,승용,여,47세,상해없음,보행자,여,23세,중상
2013042100100454,2013년 4월 21일 20시,일요일,제주특별자치도 제주시 이도이동,경상사고,0,0,2,0,차대사람 - 기타,안전운전불이행,건조,맑음,단일로 - 횡단보도상,원동기,남,44세,경상,보행자,여,61세,경상
2013042100100483,2013년 4월 21일 21시,일요일,제주특별자치도 서귀포시 중문동,부상신고사고,0,0,0,1,차대차 - 기타,직진우회전진행방해,건조,맑음,교차로 - 교차로안,승합,남,55세,부상신고,승합,남,45세,상해없음
2013042200100022,2013년 4월 22일 01시,월요일,제주특별자치도 제주시 화북일동,중상사고,0,1,0,0,차대사람 - 횡단중,보행자보호의무위반,기타,맑음,단일로 - 횡단보도상,승용,남,59세,상해없음,보행자,남,57세,중상
2013042200100136,2013년 4월 22일 08시,월요일,제주특별자치도 서귀포시 대정읍,중상사고,0,1,0,0,차대차 - 측면직각충돌,안전거리미확보,건조,맑음,교차로 - 교차로부근,승용,남,65세,상해없음,화물,남,60세,중상
2013042200100230,2013년 4월 22일 11시,월요일,제주특별자치도 서귀포시 남원읍,경상사고,0,0,1,0,차대차 - 추돌 - 주정차중,안전운전불이행,건조,맑음,단일로 - 기타,이륜,남,79세,경상,화물,여,44세,상해없음
2013042200100285,2013년 4월 22일 13시,월요일,제주특별자치도 서귀포시 성산읍,중상사고,0,2,0,0,차량단독 - 공작물충돌,안전운전불이행,건조,맑음,단일로 - 기타,승용,여,23세,상해없음,,,,
2013042200100342,2013년 4월 22일 15시,월요일,제주특별자치도 제주시 건입동,경상사고,0,0,2,0,차대차 - 측면직각충돌,안전운전불이행,건조,맑음,단일로 - 기타,화물,남,46세,상해없음,승용,여,48세,경상
2013042200100445,2013년 4월 22일 18시,월요일,제주특별자치도 제주시 조천읍,중상사고,0,3,0,1,차대차 - 측면직각충돌,교차로운행방법위반,건조,맑음,교차로 - 교차로안,승용,남,69세,부상신고,승용,남,44세,중상
2013042200100446,2013년 4월 22일 18시,월요일,제주특별자치도 서귀포시 남원읍,경상사고,0,0,1,0,차량단독 - 전도전복,안전운전불이행,건조,맑음,단일로 - 기타,승용,남,44세,경상,,,,
2013042200100510,2013년 4월 22일 20시,월요일,제주특별자치도 제주시 노형동,중상사고,0,1,0,0,차대사람 - 횡단중,보행자보호의무위반,건조,맑음,단일로 - 기타,승용,여,44세,상해없음,보행자,남,40세,중상
2013042300100076,2013년 4월 23일 05시,화요일,제주특별자치도 서귀포시 서귀동,경상사고,0,0,1,0,차대차 - 측면직각충돌,중앙선침범,건조,맑음,교차로 - 교차로부근,이륜,남,41세,상해없음,화물,남,45세,상해없음
2013042300100141,2013년 4월 23일 08시,화요일,제주특별자치도 제주시 애월읍,경상사고,0,0,2,0,차대차 - 추돌 - 진행중,안전거리미확보,습기,흐림,단일로 - 기타,승용,남,31세,경상,승용,남,37세,상해없음
2013042300100165,2013년 4월 23일 09시,화요일,제주특별자치도 서귀포시 동홍동,중상사고,0,1,1,0,차대차 - 기타,안전운전불이행,건조,맑음,단일로 - 횡단보도부근,화물,남,75세,경상,승용,남,57세,중상
2013042300100201,2013년 4월 23일 10시,화요일,제주특별자치도 제주시 용담일동,중상사고,0,1,1,0,차대차 - 측면직각충돌,신호위반,습기,비,교차로 - 교차로안,승용,남,31세,상해없음,승용,남,64세,중상
2013042300100218,2013년 4월 23일 11시,화요일,제주특별자치도 서귀포시 상예동,중상사고,0,2,0,0,차대차 - 정면충돌,중앙선침범,습기,비,단일로 - 기타,승용,여,70세,중상,화물,남,48세,중상
2013042300100294,2013년 4월 23일 14시,화요일,제주특별자치도 서귀포시 서호동,경상사고,0,0,1,0,차대차 - 측면직각충돌,안전운전불이행,습기,비,교차로 - 교차로안,이륜,남,34세,경상,승용,여,36세,상해없음
2013042300100329,2013년 4월 23일 15시,화요일,제주특별자치도 제주시 연동,경상사고,0,0,1,0,차대차 - 측면직각충돌,중앙선침범,건조,맑음,단일로 - 기타,승용,여,20세,상해없음,화물,남,42세,경상
2013042300100397,2013년 4월 23일 17시,화요일,제주특별자치도 서귀포시 대정읍,경상사고,0,0,1,0,차대차 - 측면직각충돌,안전운전불이행,습기,비,교차로 - 교차로안,승용,여,36세,상해없음,원동기,여,68세,경상
2013042300100398,2013년 4월 23일 17시,화요일,제주특별자치도 제주시 애월읍,부상신고사고,0,0,0,1,차대차 - 기타,안전운전불이행,건조,흐림,단일로 - 기타,화물,남,65세,부상신고,승용,여,49세,상해없음
2013042300100437,2013년 4월 23일 18시,화요일,제주특별자치도 제주시 애월읍,경상사고,0,0,2,0,차대차 - 측면직각충돌,교차로운행방법위반,습기,비,교차로 - 교차로안,승용,여,52세,경상,화물,남,32세,경상
2013042300100650,2013년 4월 23일 22시,화요일,제주특별자치도 서귀포시 남원읍,중상사고,0,1,0,0,차대사람 - 기타,안전운전불이행,습기,기타,단일로 - 기타,승용,여,49세,상해없음,보행자,남,46세,중상
2013042400100269,2013년 4월 24일 13시,수요일,제주특별자치도 제주시 애월읍,경상사고,0,0,1,0,차대차 - 추돌 - 진행중,안전운전불이행,건조,맑음,교차로 - 교차로부근,승용,남,64세,상해없음,승용,남,41세,경상
2013042400100298,2013년 4월 24일 14시,수요일,제주특별자치도 서귀포시 호근동,중상사고,0,1,2,0,차대차 - 기타,안전운전불이행,건조,맑음,단일로 - 기타,승용,남,18세,경상,화물,남,33세,상해없음
2013042400100299,2013년 4월 24일 14시,수요일,제주특별자치도 서귀포시 대정읍,중상사고,0,1,2,0,차대차 - 기타,직진우회전진행방해,건조,맑음,교차로 - 교차로안,승용,여,41세,상해없음,승용,여,27세,상해없음
2013042400100340,2013년 4월 24일 15시,수요일,제주특별자치도 서귀포시 대정읍,사망사고,1,0,0,0,차대차 - 기타,안전운전불이행,건조,맑음,단일로 - 기타,이륜,남,78세,사망,화물,남,기타불명,상해없음
2013042400100341,2013년 4월 24일 15시,수요일,제주특별자치도 서귀포시 중문동,경상사고,0,0,1,0,차대사람 - 기타,보행자보호의무위반,건조,맑음,단일로 - 기타,승용,남,62세,상해없음,보행자,여,7세,경상
2013042400100342,2013년 4월 24일 15시,수요일,제주특별자치도 제주시 오라이동,경상사고,0,0,1,0,차대차 - 측면직각충돌,신호위반,건조,맑음,교차로 - 교차로안,승용,여,36세,상해없음,승용,남,24세,경상
2013042400100417,2013년 4월 24일 17시,수요일,제주특별자치도 서귀포시 남원읍,경상사고,0,0,1,0,차대차 - 기타,직진우회전진행방해,건조,맑음,교차로 - 교차로안,승용,여,42세,상해없음,승용,여,41세,경상
2013042400100490,2013년 4월 24일 19시,수요일,제주특별자치도 제주시 이도이동,경상사고,0,0,1,0,차대사람 - 횡단중,안전운전불이행,건조,맑음,단일로 - 기타,승용,남,46세,상해없음,보행자,남,12세,경상
2013042400100520,2013년 4월 24일 20시,수요일,제주특별자치도 서귀포시 서홍동,사망사고,1,0,0,0,차대사람 - 횡단중,보행자보호의무위반,건조,맑음,단일로 - 기타,화물,남,47세,상해없음,보행자,여,77세,사망
2013042500100049,2013년 4월 25일 02시,목요일,제주특별자치도 제주시 이도이동,중상사고,0,1,1,0,차대차 - 측면직각충돌,신호위반,건조,맑음,교차로 - 교차로안,승용,남,39세,상해없음,승용,남,20세,경상
2013042500100202,2013년 4월 25일 11시,목요일,제주특별자치도 제주시 한경면,중상사고,0,1,0,0,차대차 - 기타,안전운전불이행,건조,맑음,단일로 - 기타,화물,남,48세,상해없음,자전거,남,85세,중상
2013042500100254,2013년 4월 25일 13시,목요일,제주특별자치도 제주시 노형동,부상신고사고,0,0,0,1,차대차 - 측면직각충돌,안전거리미확보,건조,맑음,교차로 - 교차로부근,승용,여,39세,부상신고,승합,남,40세,상해없음
2013042500100283,2013년 4월 25일 14시,목요일,제주특별자치도 서귀포시 표선면,중상사고,0,1,0,0,차대사람 - 기타,안전운전불이행,건조,맑음,단일로 - 기타,화물,남,27세,상해없음,보행자,여,71세,중상
2013042500100284,2013년 4월 25일 14시,목요일,제주특별자치도 제주시 노형동,경상사고,0,0,1,1,차대차 - 기타,신호위반,건조,맑음,교차로 - 교차로안,이륜,남,73세,부상신고,승용,여,50세,경상
2013042500100350,2013년 4월 25일 16시,목요일,제주특별자치도 제주시 연동,경상사고,0,0,1,0,차대사람 - 기타,안전운전불이행,건조,맑음,교차로 - 교차로안,승용,여,58세,상해없음,보행자,여,55세,경상
2013042500100466,2013년 4월 25일 20시,목요일,제주특별자치도 서귀포시 성산읍,중상사고,0,1,0,0,차대차 - 추돌 - 주정차중,안전운전불이행,건조,맑음,단일로 - 기타,승용,남,49세,상해없음,화물,남,58세,기타불명
2013042500100503,2013년 4월 25일 21시,목요일,제주특별자치도 제주시 이도이동,중상사고,0,1,0,0,차대사람 - 횡단중,안전운전불이행,건조,맑음,단일로 - 기타,승용,남,25세,상해없음,보행자,여,25세,중상
2013042500100531,2013년 4월 25일 22시,목요일,제주특별자치도 서귀포시 표선면,중상사고,0,1,1,0,차대차 - 측면직각충돌,신호위반,건조,맑음,교차로 - 교차로안,승용,여,30세,상해없음,승용,남,29세,경상
2013042500100532,2013년 4월 25일 22시,목요일,제주특별자치도 제주시 애월읍,중상사고,0,1,0,0,차대사람 - 길가장자리구역통행중,안전운전불이행,건조,맑음,교차로 - 교차로부근,승용,남,57세,상해없음,보행자,남,66세,중상
2013042500100551,2013년 4월 25일 23시,목요일,제주특별자치도 제주시 영평동,경상사고,0,0,1,0,차대차 - 측면직각충돌,안전운전불이행,건조,맑음,교차로 - 교차로부근,건설기계,남,38세,상해없음,승용,여,50세,경상
2013042600100058,2013년 4월 26일 02시,금요일,제주특별자치도 서귀포시 남원읍,중상사고,0,1,1,0,차대차 - 측면직각충돌,직진우회전진행방해,건조,맑음,교차로 - 교차로안,승용,여,26세,경상,승용,남,60세,중상
2013042600100090,2013년 4월 26일 05시,금요일,제주특별자치도 제주시 노형동,중상사고,0,1,0,1,차대차 - 측면직각충돌,직진우회전진행방해,건조,맑음,교차로 - 교차로안,이륜,남,66세,중상,승용,남,47세,상해없음
2013042600100136,2013년 4월 26일 07시,금요일,제주특별자치도 제주시 오라일동,경상사고,0,0,1,0,차대차 - 측면직각충돌,안전거리미확보,건조,맑음,교차로 - 교차로부근,승용,남,49세,상해없음,승용,남,46세,경상
2013042600100198,2013년 4월 26일 09시,금요일,제주특별자치도 제주시 삼도일동,중상사고,0,1,1,0,차대차 - 측면직각충돌,안전거리미확보,건조,맑음,교차로 - 교차로부근,승용,남,53세,상해없음,화물,남,31세,경상
2013042600100199,2013년 4월 26일 09시,금요일,제주특별자치도 제주시 월평동,경상사고,0,0,1,0,차대사람 - 횡단중,안전운전불이행,건조,맑음,단일로 - 기타,승합,남,53세,상해없음,보행자,남,22세,경상
2013042600100226,2013년 4월 26일 10시,금요일,제주특별자치도 제주시 조천읍,중상사고,0,3,0,0,차대차 - 측면직각충돌,신호위반,건조,맑음,교차로 - 교차로안,승용,남,58세,중상,승용,남,44세,중상
2013042600100274,2013년 4월 26일 12시,금요일,제주특별자치도 제주시 조천읍,경상사고,0,0,3,0,차대차 - 측면직각충돌,신호위반,건조,맑음,교차로 - 교차로안,승용,남,37세,경상,승용,남,29세,경상
2013042600100275,2013년 4월 26일 12시,금요일,제주특별자치도 제주시 우도면,중상사고,0,1,1,0,차량단독 - 공작물충돌,안전운전불이행,건조,맑음,단일로 - 기타,이륜,여,31세,경상,,,,
2013042600100276,2013년 4월 26일 12시,금요일,제주특별자치도 서귀포시 성산읍,중상사고,0,1,0,0,차대차 - 기타,안전운전불이행,건조,맑음,단일로 - 기타,원동기,남,56세,중상,승용,남,42세,상해없음
2013042600100277,2013년 4월 26일 12시,금요일,제주특별자치도 제주시 한림읍,경상사고,0,0,1,0,차대차 - 추돌 - 진행중,안전거리미확보,건조,맑음,단일로 - 기타,화물,남,47세,상해없음,이륜,남,28세,경상
2013042600100298,2013년 4월 26일 13시,금요일,제주특별자치도 제주시 우도면,중상사고,0,1,1,0,차량단독 - 전도전복,안전운전불이행,건조,맑음,단일로 - 기타,이륜,여,48세,중상,,,,
2013042600100330,2013년 4월 26일 14시,금요일,제주특별자치도 제주시 구좌읍,중상사고,0,1,0,0,차대사람 - 횡단중,안전운전불이행,건조,맑음,교차로 - 교차로부근,승용,남,35세,상해없음,보행자,여,76세,중상
2013042600100331,2013년 4월 26일 14시,금요일,제주특별자치도 제주시 연동,부상신고사고,0,0,0,1,차대사람 - 횡단중,보행자보호의무위반,건조,맑음,단일로 - 횡단보도상,승용,여,42세,상해없음,보행자,남,46세,부상신고
2013042600100403,2013년 4월 26일 16시,금요일,제주특별자치도 제주시 이도이동,경상사고,0,0,1,0,차대차 - 측면직각충돌,교차로운행방법위반,건조,맑음,교차로 - 교차로안,화물,남,52세,상해없음,승용,여,38세,경상
2013042600100507,2013년 4월 26일 19시,금요일,제주특별자치도 서귀포시 동홍동,중상사고,0,1,0,0,차대차 - 기타,안전운전불이행,건조,맑음,단일로 - 기타,이륜,남,32세,중상,승용,여,34세,상해없음
2013042600100544,2013년 4월 26일 20시,금요일,제주특별자치도 제주시 연동,부상신고사고,0,0,0,1,차대차 - 기타,직진우회전진행방해,건조,맑음,교차로 - 교차로안,승용,여,53세,상해없음,원동기,남,21세,부상신고
2013042600100545,2013년 4월 26일 20시,금요일,제주특별자치도 제주시 노형동,중상사고,0,1,7,0,차대차 - 기타,안전운전불이행,건조,맑음,단일로 - 기타,승합,남,46세,상해없음,승용,남,41세,중상
2013042600100597,2013년 4월 26일 21시,금요일,제주특별자치도 제주시 연동,경상사고,0,0,1,0,차대사람 - 기타,안전운전불이행,건조,맑음,교차로 - 교차로안,승합,남,30세,상해없음,보행자,남,42세,경상
2013042700100095,2013년 4월 27일 04시,토요일,제주특별자치도 제주시 이도이동,중상사고,0,1,0,0,차대차 - 측면직각충돌,안전거리미확보,건조,맑음,단일로 - 기타,승용,남,63세,중상,승용,남,57세,상해없음
2013042700100109,2013년 4월 27일 05시,토요일,제주특별자치도 제주시 도련이동,경상사고,0,0,1,0,차대차 - 측면직각충돌,교차로운행방법위반,기타,맑음,교차로 - 교차로안,승용,여,46세,상해없음,승용,남,21세,경상
2013042700100167,2013년 4월 27일 08시,토요일,제주특별자치도 서귀포시 성산읍,경상사고,0,0,1,0,차대차 - 기타,신호위반,건조,맑음,교차로 - 교차로안,이륜,여,76세,경상,승용,남,56세,상해없음
2013042700100187,2013년 4월 27일 09시,토요일,제주특별자치도 제주시 해안동,중상사고,0,2,0,0,차대차 - 기타,안전운전불이행,건조,맑음,교차로 - 교차로부근,화물,남,52세,상해없음,화물,여,44세,중상
2013042700100209,2013년 4월 27일 10시,토요일,제주특별자치도 서귀포시 중문동,경상사고,0,0,1,1,차대차 - 기타,교차로운행방법위반,건조,맑음,단일로 - 기타,승용,남,24세,부상신고,승용,여,56세,경상
2013042700100446,2013년 4월 27일 17시,토요일,제주특별자치도 서귀포시 서홍동,경상사고,0,0,1,0,차대차 - 추돌 - 진행중,안전운전불이행,건조,맑음,단일로 - 기타,승용,남,40세,상해없음,화물,남,40세,경상
2013042700100493,2013년 4월 27일 18시,토요일,제주특별자치도 제주시 이도이동,중상사고,0,1,0,0,차대차 - 측면직각충돌,안전거리미확보,건조,맑음,단일로 - 기타,이륜,남,41세,중상,승합,남,26세,상해없음
2013042700100494,2013년 4월 27일 18시,토요일,제주특별자치도 제주시 아라일동,중상사고,0,1,0,0,차대차 - 측면직각충돌,교차로운행방법위반,습기,비,교차로 - 교차로안,화물,남,67세,상해없음,이륜,남,27세,중상
2013042700100495,2013년 4월 27일 18시,토요일,제주특별자치도 서귀포시 안덕면,중상사고,0,1,2,0,차대차 - 측면직각충돌,기타,건조,맑음,교차로 - 교차로안,승용,남,37세,경상,승용,여,58세,중상
2013042800100122,2013년 4월 28일 07시,일요일,제주특별자치도 제주시 애월읍,사망사고,1,1,0,0,차대차 - 추돌 - 진행중,안전운전불이행,건조,맑음,단일로 - 기타,승용,남,43세,사망,화물,남,48세,상해없음
2013042800100184,2013년 4월 28일 11시,일요일,제주특별자치도 서귀포시 성산읍,경상사고,0,0,1,0,차대차 - 측면직각충돌,직진우회전진행방해,건조,맑음,교차로 - 교차로안,원동기,여,29세,경상,승용,남,35세,상해없음
2013042800100210,2013년 4월 28일 12시,일요일,제주특별자치도 제주시 이도이동,중상사고,0,1,0,0,차대사람 - 횡단중,안전운전불이행,건조,맑음,단일로 - 기타,승용,여,58세,상해없음,보행자,남,89세,중상
2013042800100211,2013년 4월 28일 12시,일요일,제주특별자치도 제주시 외도일동,중상사고,0,1,2,0,차대차 - 정면충돌,중앙선침범,건조,맑음,교차로 - 교차로안,승용,여,32세,경상,승용,여,41세,중상
2013042800100243,2013년 4월 28일 13시,일요일,제주특별자치도 제주시 우도면,중상사고,0,1,0,0,차대차 - 기타,안전운전불이행,건조,맑음,단일로 - 기타,승용,남,42세,상해없음,자전거,여,51세,중상
2013042800100244,2013년 4월 28일 13시,일요일,제주특별자치도 서귀포시 동홍동,중상사고,0,1,0,0,차대사람 - 횡단중,신호위반,건조,맑음,교차로 - 교차로부근,승용,남,37세,상해없음,보행자,여,78세,중상
2013042800100276,2013년 4월 28일 14시,일요일,제주특별자치도 제주시 삼양일동,중상사고,0,2,3,0,차대차 - 측면직각충돌,신호위반,건조,맑음,교차로 - 교차로안,승용,여,28세,경상,승용,여,24세,중상
2013042800100277,2013년 4월 28일 14시,일요일,제주특별자치도 제주시 오라삼동,경상사고,0,0,7,0,차대차 - 측면직각충돌,신호위반,건조,맑음,교차로 - 교차로안,승용,남,52세,경상,승용,남,30세,경상
2013042800100278,2013년 4월 28일 14시,일요일,제주특별자치도 서귀포시 남원읍,중상사고,0,1,0,0,차대차 - 기타,안전운전불이행,건조,맑음,교차로 - 교차로안,승용,남,51세,상해없음,승용,남,34세,중상
2013042800100345,2013년 4월 28일 16시,일요일,제주특별자치도 서귀포시 서홍동,중상사고,0,3,2,0,차대차 - 추돌 - 진행중,안전운전불이행,건조,맑음,단일로 - 기타,승용,남,18세,상해없음,승용,여,26세,경상
2013042800100374,2013년 4월 28일 17시,일요일,제주특별자치도 서귀포시 남원읍,중상사고,0,1,1,0,차대차 - 측면직각충돌,신호위반,건조,맑음,교차로 - 교차로안,승용,남,39세,상해없음,화물,남,72세,경상
2013042800100375,2013년 4월 28일 17시,일요일,제주특별자치도 제주시 용담이동,중상사고,0,2,2,0,차대차 - 측면직각충돌,중앙선침범,건조,맑음,단일로 - 기타,화물,남,50세,상해없음,승용,여,41세,경상
2013042800100404,2013년 4월 28일 18시,일요일,제주특별자치도 서귀포시 남원읍,사망사고,4,2,0,0,차량단독 - 전도전복,안전운전불이행,건조,맑음,단일로 - 기타,승용,남,60세,사망,,,,
2013042900100041,2013년 4월 29일 03시,월요일,제주특별자치도 서귀포시 동홍동,중상사고,0,1,0,0,차량단독 - 공작물충돌,안전운전불이행,건조,맑음,단일로 - 기타,화물,남,46세,중상,,,,
2013042900100126,2013년 4월 29일 08시,월요일,제주특별자치도 제주시 영평동,경상사고,0,0,1,0,차대차 - 측면직각충돌,안전거리미확보,건조,맑음,교차로 - 교차로부근,승용,남,61세,상해없음,승용,남,29세,경상
2013042900100176,2013년 4월 29일 10시,월요일,제주특별자치도 제주시 연동,경상사고,0,0,1,0,차대차 - 측면직각충돌,교차로운행방법위반,건조,맑음,교차로 - 교차로안,승용,남,58세,상해없음,이륜,남,26세,경상
2013042900100233,2013년 4월 29일 12시,월요일,제주특별자치도 제주시 조천읍,중상사고,0,1,0,0,차대사람 - 기타,보행자보호의무위반,건조,맑음,교차로 - 교차로안,승용,남,70세,상해없음,보행자,여,65세,중상
2013042900100285,2013년 4월 29일 14시,월요일,제주특별자치도 서귀포시 남원읍,중상사고,0,1,0,0,차량단독 - 공작물충돌,안전운전불이행,습기,비,단일로 - 기타,화물,남,47세,중상,,,,
2013042900100310,2013년 4월 29일 15시,월요일,제주특별자치도 제주시 아라일동,경상사고,0,0,1,0,차대차 - 측면직각충돌,안전운전불이행,건조,맑음,단일로 - 기타,승용,남,30세,경상,승합,남,53세,상해없음
2013042900100311,2013년 4월 29일 15시,월요일,제주특별자치도 제주시 노형동,경상사고,0,0,2,0,차대차 - 측면직각충돌,직진우회전진행방해,습기,비,교차로 - 교차로안,승용,여,44세,경상,승용,남,51세,경상
2013042900100312,2013년 4월 29일 15시,월요일,제주특별자치도 제주시 노형동,중상사고,0,1,0,0,차대차 - 기타,안전운전불이행,습기,비,단일로 - 기타,승용,남,35세,상해없음,자전거,여,45세,중상
2013042900100313,2013년 4월 29일 15시,월요일,제주특별자치도 제주시 연동,경상사고,0,0,1,0,차대차 - 기타,안전거리미확보,건조,흐림,단일로 - 기타,승용,남,60세,상해없음,승용,여,46세,경상
2013042900100398,2013년 4월 29일 18시,월요일,제주특별자치도 제주시 도평동,중상사고,0,1,0,0,차대차 - 기타,안전운전불이행,건조,맑음,단일로 - 기타,기타불명,기타불명,기타불명,기타불명,승용,여,43세,중상
2013043000100062,2013년 4월 30일 05시,화요일,제주특별자치도 서귀포시 동홍동,경상사고,0,0,1,0,차대사람 - 횡단중,보행자보호의무위반,건조,맑음,단일로 - 횡단보도상,승용,남,28세,상해없음,보행자,여,61세,경상
2013043000100127,2013년 4월 30일 08시,화요일,제주특별자치도 제주시 오라일동,경상사고,0,0,3,0,차대차 - 측면직각충돌,안전거리미확보,건조,흐림,단일로 - 기타,승용,여,41세,상해없음,승용,남,52세,경상
2013043000100160,2013년 4월 30일 09시,화요일,제주특별자치도 제주시 아라이동,경상사고,0,0,1,0,차대차 - 측면직각충돌,안전거리미확보,건조,맑음,교차로 - 교차로부근,화물,남,38세,상해없음,승용,남,54세,경상
2013043000100161,2013년 4월 30일 09시,화요일,제주특별자치도 제주시 노형동,중상사고,0,1,0,0,차대차 - 기타,신호위반,건조,맑음,교차로 - 교차로안,승용,여,23세,상해없음,승합,남,45세,중상
2013043000100162,2013년 4월 30일 09시,화요일,제주특별자치도 제주시 노형동,중상사고,0,1,0,0,차대사람 - 횡단중,안전운전불이행,건조,맑음,단일로 - 기타,화물,남,44세,상해없음,보행자,남,20세,중상
2013043000100213,2013년 4월 30일 11시,화요일,제주특별자치도 제주시 이도일동,경상사고,0,0,1,0,차대차 - 측면직각충돌,안전운전불이행,건조,맑음,교차로 - 교차로부근,승용,남,50세,상해없음,승용,남,52세,경상
2013043000100243,2013년 4월 30일 12시,화요일,제주특별자치도 제주시 조천읍,경상사고,0,0,1,0,차량단독 - 공작물충돌,안전운전불이행,건조,맑음,단일로 - 기타,화물,남,49세,경상,,,,
2013043000100333,2013년 4월 30일 15시,화요일,제주특별자치도 제주시 삼도일동,경상사고,0,0,1,0,차대사람 - 기타,기타,건조,맑음,단일로 - 기타,승용,여,35세,상해없음,보행자,여,8세,경상
2013043000100372,2013년 4월 30일 16시,화요일,제주특별자치도 제주시 한림읍,중상사고,0,1,0,0,차대사람 - 횡단중,안전운전불이행,건조,맑음,단일로 - 기타,승용,남,60세,상해없음,보행자,남,7세,중상
2013043000100484,2013년 4월 30일 19시,화요일,제주특별자치도 제주시 내도동,경상사고,0,0,2,0,차대차 - 기타,직진우회전진행방해,건조,맑음,교차로 - 교차로안,이륜,남,30세,경상,건설기계,남,31세,상해없음
2013043000100590,2013년 4월 30일 22시,화요일,제주특별자치도 제주시 이도이동,경상사고,0,0,2,0,차대차 - 측면직각충돌,안전거리미확보,건조,맑음,단일로 - 기타,승용,남,45세,경상,승용,남,42세,경상
2013043000100623,2013년 4월 30일 23시,화요일,제주특별자치도 제주시 건입동,경상사고,0,0,2,0,차대사람 - 횡단중,보행자보호의무위반,건조,맑음,단일로 - 횡단보도상,승용,남,67세,상해없음,보행자,남,16세,경상
2013050100100021,2013년 5월 1일 00시,수요일,제주특별자치도 제주시 삼도이동,중상사고,0,1,0,0,차대차 - 측면직각충돌,신호위반,건조,맑음,교차로 - 교차로안,승용,여,24세,상해없음,승용,남,39세,중상
2013050100100104,2013년 5월 1일 05시,수요일,제주특별자치도 제주시 조천읍,중상사고,0,1,0,0,차대차 - 측면직각충돌,중앙선침범,기타,맑음,단일로 - 기타,원동기,여,58세,중상,승용,여,47세,상해없음