사고번호,사고일시,요일,시군구,사고내용,사망자수,중상자수,경상자수,부상신고자수,사고유형,법규위반,노면상태,기상상태,도로형태,가해운전자 차종,가해운전자 성별,가해운전자 연령,가해운전자 상해정도,피해운전자 차종,피해운전자 성별,피해운전자 연령,피해운전자 상해정도
2013050100100169,2013년 5월 1일 08시,수요일,제주특별자치도 제주시 연동,중상사고,0,1,0,0,차대사람 - 횡단중,안전운전불이행,건조,맑음,단일로 - 기타,승용,여,37세,상해없음,보행자,남,10세,중상
2013050100100237,2013년 5월 1일 11시,수요일,제주특별자치도 제주시 연동,경상사고,0,0,1,0,차대차 - 기타,안전운전불이행,건조,맑음,교차로 - 교차로안,승합,남,47세,상해없음,승용,남,29세,경상
2013050100100269,2013년 5월 1일 12시,수요일,제주특별자치도 제주시 아라일동,경상사고,0,0,1,0,차대차 - 측면직각충돌,안전운전불이행,건조,맑음,단일로 - 기타,이륜,남,33세,경상,승용,여,57세,상해없음
2013050100100344,2013년 5월 1일 15시,수요일,제주특별자치도 제주시 구좌읍,중상사고,0,1,0,0,차대사람 - 횡단중,기타,건조,맑음,단일로 - 기타,승합,남,35세,상해없음,보행자,여,73세,중상
2013050100100423,2013년 5월 1일 17시,수요일,제주특별자치도 제주시 연동,경상사고,0,0,1,0,차대차 - 추돌 - 주정차중,안전운전불이행,건조,맑음,단일로 - 기타,기타불명,기타불명,기타불명,기타불명,승용,여,27세,경상
2013050100100424,2013년 5월 1일 17시,수요일,제주특별자치도 제주시 애월읍,중상사고,0,1,0,0,차대사람 - 기타,기타,건조,맑음,단일로 - 기타,승합,남,38세,상해없음,보행자,여,79세,중상
2013050100100459,2013년 5월 1일 18시,수요일,제주특별자치도 제주시 조천읍,경상사고,0,0,1,0,차대차 - 측면직각충돌,안전거리미확보,건조,맑음,단일로 - 기타,승용,남,41세,상해없음,승용,남,47세,경상
2013050100100460,2013년 5월 1일 18시,수요일,제주특별자치도 서귀포시 법환동,중상사고,0,2,0,0,차대차 - 측면직각충돌,직진우회전진행방해,건조,맑음,교차로 - 교차로안,승용,남,72세,중상,승용,남,46세,중상
2013050100100564,2013년 5월 1일 21시,수요일,제주특별자치도 서귀포시 서귀동,중상사고,0,1,0,0,차대사람 - 횡단중,보행자보호의무위반,건조,맑음,단일로 - 횡단보도상,승용,여,39세,상해없음,보행자,남,49세,중상
2013050200100028,2013년 5월 2일 02시,목요일,제주특별자치도 제주시 일도이동,중상사고,0,1,0,0,차대사람 - 횡단중,안전운전불이행,건조,맑음,단일로 - 기타,승용,남,64세,상해없음,보행자,남,47세,중상
2013050200100204,2013년 5월 2일 11시,목요일,제주특별자치도 제주시 조천읍,경상사고,0,0,2,0,차대차 - 측면직각충돌,신호위반,기타,맑음,교차로 - 교차로안,화물,남,39세,상해없음,승용,남,41세,경상
2013050200100253,2013년 5월 2일 13시,목요일,제주특별자치도 제주시 우도면,경상사고,0,0,2,0,차량단독 - 공작물충돌,안전운전불이행,건조,맑음,단일로 - 기타,이륜,남,50세,경상,,,,
2013050200100254,2013년 5월 2일 13시,목요일,제주특별자치도 서귀포시 서귀동,경상사고,0,0,1,0,차대사람 - 횡단중,보행자보호의무위반,건조,맑음,교차로 - 교차로부근,승용,여,24세,상해없음,보행자,여,32세,경상
2013050200100424,2013년 5월 2일 18시,목요일,제주특별자치도 서귀포시 하원동,중상사고,0,1,0,0,차대차 - 기타,안전운전불이행,건조,맑음,단일로 - 기타,화물,남,27세,상해없음,승용,남,41세,상해없음
2013050200100425,2013년 5월 2일 18시,목요일,제주특별자치도 서귀포시 서호동,중상사고,0,1,1,0,차대차 - 정면충돌,신호위반,건조,맑음,교차로 - 교차로안,승용,남,38세,상해없음,승용,남,40세,중상
2013050200100494,2013년 5월 2일 20시,목요일,제주특별자치도 서귀포시 중문동,경상사고,0,0,1,0,차대사람 - 횡단중,보행자보호의무위반,건조,흐림,단일로 - 횡단보도상,승용,남,64세,상해없음,보행자,남,29세,경상
2013050200100528,2013년 5월 2일 21시,목요일,제주특별자치도 제주시 화북일동,경상사고,0,0,2,0,차대차 - 측면직각충돌,차로위반,기타,맑음,단일로 - 기타,승합,남,24세,상해없음,승용,남,48세,상해없음
2013050200100529,2013년 5월 2일 21시,목요일,제주특별자치도 제주시 노형동,경상사고,0,0,4,0,차대차 - 추돌 - 진행중,안전거리미확보,건조,맑음,단일로 - 기타,승용,남,59세,상해없음,승용,여,53세,경상
2013050200100562,2013년 5월 2일 22시,목요일,제주특별자치도 제주시 노형동,경상사고,0,0,1,0,차대차 - 기타,안전운전불이행,건조,맑음,단일로 - 기타,승용,여,54세,상해없음,승용,남,43세,상해없음
2013050300100162,2013년 5월 3일 08시,금요일,제주특별자치도 제주시 삼양이동,경상사고,0,0,1,0,차대차 - 측면직각충돌,안전운전불이행,건조,맑음,교차로 - 교차로부근,승용,남,49세,상해없음,승용,여,57세,경상
2013050300100163,2013년 5월 3일 08시,금요일,제주특별자치도 제주시 일도이동,경상사고,0,0,1,0,차대차 - 측면직각충돌,안전운전불이행,건조,맑음,단일로 - 횡단보도상,승용,남,44세,상해없음,자전거,남,36세,경상
2013050300100191,2013년 5월 3일 09시,금요일,제주특별자치도 제주시 화북일동,중상사고,0,1,3,0,차대차 - 측면직각충돌,중앙선침범,건조,맑음,단일로 - 기타,승용,여,37세,경상,승용,여,41세,중상
2013050300100192,2013년 5월 3일 09시,금요일,제주특별자치도 서귀포시 보목동,경상사고,0,0,1,0,차대차 - 추돌 - 진행중,안전운전불이행,건조,맑음,단일로 - 기타,승용,여,49세,상해없음,원동기,여,60세,경상
2013050300100193,2013년 5월 3일 09시,금요일,제주특별자치도 제주시 용담이동,중상사고,0,2,0,0,차대차 - 기타,직진우회전진행방해,건조,맑음,교차로 - 교차로안,승용,여,28세,중상,화물,남,59세,상해없음
2013050300100216,2013년 5월 3일 10시,금요일,제주특별자치도 서귀포시 성산읍,중상사고,0,1,0,0,차대차 - 추돌 - 진행중,안전운전불이행,건조,맑음,교차로 - 교차로부근,화물,남,38세,중상,승용,남,74세,상해없음
2013050300100241,2013년 5월 3일 11시,금요일,제주특별자치도 제주시 삼양이동,경상사고,0,0,1,0,차대차 - 정면충돌,신호위반,건조,맑음,교차로 - 교차로안,승용,남,47세,상해없음,화물,남,39세,경상
2013050300100266,2013년 5월 3일 12시,금요일,제주특별자치도 제주시 오라이동,경상사고,0,0,1,0,차대차 - 측면직각충돌,안전운전불이행,건조,맑음,교차로 - 교차로부근,화물,남,53세,상해없음,승합,남,40세,경상
2013050300100331,2013년 5월 3일 14시,금요일,제주특별자치도 제주시 오라일동,경상사고,0,0,1,0,차대차 - 측면직각충돌,안전거리미확보,기타,맑음,단일로 - 기타,승용,남,62세,상해없음,화물,남,24세,경상
2013050300100392,2013년 5월 3일 16시,금요일,제주특별자치도 제주시 삼도일동,중상사고,0,1,0,0,차대차 - 측면직각충돌,안전운전불이행,건조,맑음,단일로 - 기타,승용,여,48세,상해없음,승용,여,40세,중상
2013050300100393,2013년 5월 3일 16시,금요일,제주특별자치도 제주시 삼양일동,경상사고,0,0,1,0,차대차 - 측면직각충돌,교차로운행방법위반,기타,맑음,교차로 - 교차로안,승합,남,24세,상해없음,화물,남,44세,경상
2013050300100426,2013년 5월 3일 17시,금요일,제주특별자치도 서귀포시 남원읍,중상사고,0,1,0,0,차대차 - 측면직각충돌,교차로운행방법위반,건조,맑음,교차로 - 교차로안,승용,남,63세,중상,화물,남,46세,상해없음
2013050300100547,2013년 5월 3일 20시,금요일,제주특별자치도 서귀포시 토평동,경상사고,0,0,1,0,차대사람 - 기타,보행자보호의무위반,건조,맑음,단일로 - 기타,승용,남,51세,상해없음,보행자,남,50세,경상
2013050300100548,2013년 5월 3일 20시,금요일,제주특별자치도 서귀포시 성산읍,부상신고사고,0,0,0,1,차량단독 - 기타,안전운전불이행,건조,흐림,단일로 - 기타,원동기,남,28세,부상신고,,,,
2013050300100594,2013년 5월 3일 21시,금요일,제주특별자치도 서귀포시 남원읍,부상신고사고,0,0,0,1,차대차 - 추돌 - 주정차중,안전운전불이행,건조,맑음,단일로 - 기타,승용,남,55세,부상신고,건설기계,남,33세,상해없음
2013050400100048,2013년 5월 4일 01시,토요일,제주특별자치도 서귀포시 서귀동,부상신고사고,0,0,0,1,차대사람 - 기타,안전운전불이행,건조,맑음,단일로 - 기타,기타불명,기타불명,기타불명,기타불명,보행자,남,29세,부상신고
2013050400100074,2013년 5월 4일 02시,토요일,제주특별자치도 제주시 연동,경상사고,0,0,1,0,차대차 - 기타,안전운전불이행,건조,맑음,교차로 - 교차로안,승용,남,24세,상해없음,승용,남,58세,경상
2013050400100103,2013년 5월 4일 05시,토요일,제주특별자치도 제주시 이도이동,경상사고,0,0,1,0,차대차 - 측면직각충돌,신호위반,건조,맑음,교차로 - 교차로안,승용,남,50세,상해없음,원동기,남,27세,경상
2013050400100170,2013년 5월 4일 09시,토요일,제주특별자치도 제주시 화북이동,중상사고,0,1,0,0,차대차 - 측면직각충돌,안전운전불이행,건조,맑음,단일로 - 기타,화물,남,43세,상해없음,이륜,남,28세,중상
2013050400100171,2013년 5월 4일 09시,토요일,제주특별자치도 제주시 용담이동,부상신고사고,0,0,0,1,차대차 - 기타,직진우회전진행방해,건조,맑음,교차로 - 교차로안,이륜,남,65세,상해없음,이륜,남,18세,부상신고
2013050400100226,2013년 5월 4일 11시,토요일,제주특별자치도 제주시 조천읍,경상사고,0,0,1,0,차대차 - 추돌 - 주정차중,안전운전불이행,건조,맑음,교차로 - 교차로부근,승용,남,22세,상해없음,승용,남,28세,경상
2013050400100319,2013년 5월 4일 14시,토요일,제주특별자치도 서귀포시 안덕면,부상신고사고,0,0,0,1,차대사람 - 기타,안전운전불이행,건조,맑음,단일로 - 기타,기타불명,기타불명,기타불명,기타불명,보행자,남,39세,부상신고
2013050400100320,2013년 5월 4일 14시,토요일,제주특별자치도 서귀포시 표선면,중상사고,0,1,0,0,차량단독 - 전도전복,안전운전불이행,건조,맑음,단일로 - 기타,원동기,남,49세,중상,,,,
2013050400100321,2013년 5월 4일 14시,토요일,제주특별자치도 제주시 애월읍,중상사고,0,1,2,0,차대차 - 추돌 - 주정차중,안전운전불이행,건조,맑음,교차로 - 교차로부근,승합,남,47세,상해없음,승용,남,46세,경상
2013050400100467,2013년 5월 4일 18시,토요일,제주특별자치도 제주시 노형동,경상사고,0,0,2,0,차량단독 - 기타,안전운전불이행,건조,맑음,교차로 - 교차로부근,승용,여,59세,경상,,,,
2013050400100496,2013년 5월 4일 19시,토요일,제주특별자치도 제주시 일도일동,경상사고,0,0,1,0,차대차 - 측면직각충돌,중앙선침범,기타,맑음,단일로 - 기타,승용,남,48세,상해없음,이륜,남,45세,경상
2013050400100596,2013년 5월 4일 22시,토요일,제주특별자치도 제주시 삼양이동,사망사고,1,0,0,0,차대사람 - 횡단중,과속,건조,맑음,단일로 - 기타,승용,남,47세,상해없음,보행자,남,82세,사망
2013050500100063,2013년 5월 5일 03시,일요일,제주특별자치도 제주시 용담일동,경상사고,0,0,1,0,차대차 - 측면직각충돌,교차로운행방법위반,건조,맑음,교차로 - 교차로안,승용,남,19세,상해없음,승용,여,46세,상해없음
2013050500100078,2013년 5월 5일 04시,일요일,제주특별자치도 제주시 연동,경상사고,0,0,1,0,차대사람 - 기타,안전운전불이행,건조,기타,교차로 - 교차로부근,승용,남,25세,상해없음,보행자,여,50세,경상
2013050500100209,2013년 5월 5일 12시,일요일,제주특별자치도 제주시 노형동,경상사고,0,0,1,0,차대차 - 추돌 - 진행중,안전거리미확보,건조,맑음,교차로 - 교차로부근,승합,남,45세,상해없음,승용,남,58세,경상
2013050500100268,2013년 5월 5일 14시,일요일,제주특별자치도 제주시 애월읍,경상사고,0,0,4,0,차대차 - 추돌 - 주정차중,안전운전불이행,건조,맑음,단일로 - 기타,승용,남,25세,경상,승합,남,52세,상해없음
2013050500100269,2013년 5월 5일 14시,일요일,제주특별자치도 제주시 한림읍,경상사고,0,0,1,1,차대차 - 측면직각충돌,신호위반,건조,맑음,교차로 - 교차로안,화물,남,44세,부상신고,승용,남,57세,경상
2013050500100424,2013년 5월 5일 18시,일요일,제주특별자치도 제주시 애월읍,중상사고,0,3,6,0,차대차 - 추돌 - 진행중,안전거리미확보,건조,맑음,단일로 - 기타,화물,남,24세,상해없음,승합,남,41세,상해없음
2013050500100425,2013년 5월 5일 18시,일요일,제주특별자치도 제주시 노형동,경상사고,0,0,1,0,차대사람 - 기타,안전운전불이행,건조,맑음,단일로 - 기타,승용,여,28세,상해없음,보행자,여,17세,경상
2013050500100458,2013년 5월 5일 19시,일요일,제주특별자치도 제주시 용담일동,경상사고,0,0,1,0,차대차 - 기타,안전운전불이행,건조,맑음,교차로 - 교차로부근,승용,여,40세,상해없음,이륜,남,42세,경상
2013050500100459,2013년 5월 5일 19시,일요일,제주특별자치도 서귀포시 서귀동,경상사고,0,0,2,0,차대차 - 측면직각충돌,중앙선침범,건조,맑음,단일로 - 기타,승용,남,62세,상해없음,승용,여,30세,경상
2013050500100460,2013년 5월 5일 19시,일요일,제주특별자치도 제주시 용담이동,경상사고,0,0,2,0,차대차 - 추돌 - 주정차중,안전운전불이행,건조,맑음,교차로 - 교차로부근,승용,남,49세,상해없음,승용,여,28세,상해없음
2013050500100491,2013년 5월 5일 20시,일요일,제주특별자치도 제주시 건입동,경상사고,0,0,2,0,차대차 - 측면직각충돌,신호위반,건조,맑음,교차로 - 교차로안,승합,남,60세,상해없음,승용,남,29세,경상
2013050500100492,2013년 5월 5일 20시,일요일,제주특별자치도 제주시 아라일동,경상사고,0,0,1,0,차대차 - 측면직각충돌,안전운전불이행,건조,맑음,단일로 - 기타,승용,남,27세,상해없음,이륜,남,19세,경상
2013050600100082,2013년 5월 6일 07시,월요일,제주특별자치도 제주시 일도이동,경상사고,0,0,1,0,차량단독 - 공작물충돌,안전운전불이행,건조,맑음,교차로 - 교차로부근,승용,남,62세,상해없음,,,,
2013050600100156,2013년 5월 6일 09시,월요일,제주특별자치도 제주시 회천동,중상사고,0,1,0,0,차량단독 - 공작물충돌,안전운전불이행,건조,맑음,단일로 - 기타,승용,남,30세,중상,,,,
2013050600100221,2013년 5월 6일 12시,월요일,제주특별자치도 제주시 이도일동,경상사고,0,0,3,0,차대차 - 측면직각충돌,불법유턴,건조,맑음,단일로 - 횡단보도상,이륜,남,33세,경상,승합,여,49세,경상
2013050600100253,2013년 5월 6일 13시,월요일,제주특별자치도 서귀포시 서귀동,중상사고,0,1,0,0,차대사람 - 기타,보행자보호의무위반,건조,맑음,교차로 - 교차로부근,승용,남,48세,상해없음,보행자,남,77세,중상
2013050600100254,2013년 5월 6일 13시,월요일,제주특별자치도 제주시 노형동,경상사고,0,0,1,0,차대차 - 기타,안전운전불이행,건조,맑음,교차로 - 교차로안,승용,남,35세,상해없음,승용,여,43세,경상
2013050600100287,2013년 5월 6일 14시,월요일,제주특별자치도 제주시 애월읍,경상사고,0,0,1,0,차대차 - 추돌 - 진행중,안전거리미확보,건조,맑음,단일로 - 기타,승용,남,28세,상해없음,승용,남,46세,경상
2013050600100314,2013년 5월 6일 15시,월요일,제주특별자치도 서귀포시 대정읍,중상사고,0,1,1,0,차대차 - 측면직각충돌,직진우회전진행방해,건조,맑음,교차로 - 교차로부근,원동기,남,83세,경상,농기계,남,77세,상해없음
2013050600100315,2013년 5월 6일 15시,월요일,제주특별자치도 제주시 연동,중상사고,0,1,0,0,차대차 - 기타,안전운전불이행,건조,맑음,단일로 - 기타,승용,여,51세,상해없음,자전거,여,51세,중상
2013050600100385,2013년 5월 6일 17시,월요일,제주특별자치도 제주시 도두이동,중상사고,0,1,0,0,차대차 - 측면직각충돌,안전운전불이행,건조,맑음,교차로 - 교차로안,원동기,남,68세,중상,승용,남,69세,상해없음
2013050600100425,2013년 5월 6일 18시,월요일,제주특별자치도 제주시 이도이동,경상사고,0,0,1,0,차대차 - 측면직각충돌,안전운전불이행,건조,맑음,교차로 - 교차로부근,화물,남,45세,상해없음,승용,여,28세,경상
2013050700100028,2013년 5월 7일 01시,화요일,제주특별자치도 제주시 삼도이동,부상신고사고,0,0,0,1,차대사람 - 횡단중,안전운전불이행,건조,맑음,단일로 - 기타,기타불명,기타불명,기타불명,기타불명,보행자,남,39세,부상신고
2013050700100069,2013년 5월 7일 06시,화요일,제주특별자치도 서귀포시 안덕면,중상사고,0,1,0,0,차량단독 - 도로외이탈 - 기타,안전운전불이행,건조,맑음,단일로 - 기타,승합,여,53세,상해없음,,,,
2013050700100070,2013년 5월 7일 06시,화요일,제주특별자치도 서귀포시 남원읍,중상사고,0,1,0,0,차량단독 - 도로외이탈 - 기타,안전운전불이행,건조,맑음,단일로 - 기타,승용,남,72세,중상,,,,
2013050700100071,2013년 5월 7일 06시,화요일,제주특별자치도 서귀포시 동홍동,경상사고,0,0,1,0,차대차 - 측면직각충돌,직진우회전진행방해,건조,맑음,교차로 - 교차로안,승용,여,35세,상해없음,화물,여,58세,경상
2013050700100135,2013년 5월 7일 08시,화요일,제주특별자치도 제주시 화북이동,중상사고,0,2,4,0,차대차 - 측면직각충돌,안전거리미확보,기타,맑음,단일로 - 기타,화물,남,44세,상해없음,승합,남,41세,중상
2013050700100195,2013년 5월 7일 10시,화요일,제주특별자치도 서귀포시 동홍동,경상사고,0,0,3,0,차대차 - 기타,안전운전불이행,건조,맑음,교차로 - 교차로안,승용,여,35세,경상,승용,남,39세,경상
2013050700100259,2013년 5월 7일 13시,화요일,제주특별자치도 제주시 일도일동,중상사고,0,1,0,0,차대사람 - 횡단중,보행자보호의무위반,건조,맑음,단일로 - 횡단보도상,승용,여,32세,상해없음,보행자,여,36세,중상
2013050700100260,2013년 5월 7일 13시,화요일,제주특별자치도 제주시 화북일동,중상사고,0,1,0,0,차대차 - 측면직각충돌,교차로운행방법위반,건조,맑음,교차로 - 교차로안,화물,남,53세,상해없음,자전거,남,64세,중상
2013050700100261,2013년 5월 7일 13시,화요일,제주특별자치도 제주시 도두일동,부상신고사고,0,0,0,1,차대사람 - 기타,안전운전불이행,건조,맑음,단일로 - 기타,승용,남,56세,상해없음,보행자,여,51세,부상신고
2013050700100443,2013년 5월 7일 19시,화요일,제주특별자치도 제주시 이도이동,중상사고,0,1,0,0,차대차 - 측면직각충돌,교차로운행방법위반,건조,맑음,교차로 - 교차로안,자전거,남,12세,중상,화물,남,53세,상해없음
2013050800100042,2013년 5월 8일 01시,수요일,제주특별자치도 제주시 연동,중상사고,0,1,0,0,차대사람 - 횡단중,안전운전불이행,건조,맑음,단일로 - 기타,승합,남,66세,상해없음,보행자,남,27세,중상
2013050800100061,2013년 5월 8일 04시,수요일,제주특별자치도 제주시 연동,경상사고,0,0,1,0,차대차 - 기타,안전운전불이행,건조,맑음,교차로 - 교차로안,승용,남,25세,상해없음,승용,남,53세,경상
2013050800100110,2013년 5월 8일 07시,수요일,제주특별자치도 서귀포시 색달동,중상사고,0,1,1,0,차대차 - 측면직각충돌,신호위반,건조,맑음,교차로 - 교차로안,화물,남,42세,중상,승용,여,43세,경상
2013050800100145,2013년 5월 8일 08시,수요일,제주특별자치도 서귀포시 동홍동,중상사고,0,1,0,0,차대사람 - 기타,보행자보호의무위반,건조,맑음,단일로 - 기타,승용,여,53세,상해없음,보행자,남,92세,중상
2013050800100186,2013년 5월 8일 09시,수요일,제주특별자치도 제주시 건입동,부상신고사고,0,0,0,1,차대차 - 측면직각충돌,직진우회전진행방해,건조,맑음,교차로 - 교차로안,화물,남,23세,부상신고,화물,남,39세,상해없음
2013050800100213,2013년 5월 8일 10시,수요일,제주특별자치도 제주시 도남동,경상사고,0,0,1,0,차대사람 - 횡단중,안전운전불이행,건조,맑음,단일로 - 기타,승용,여,52세,상해없음,보행자,여,77세,경상
2013050800100325,2013년 5월 8일 14시,수요일,제주특별자치도 제주시 삼도일동,중상사고,0,1,0,0,차대사람 - 횡단중,안전운전불이행,건조,맑음,단일로 - 기타,승용,남,44세,상해없음,보행자,남,47세,중상
2013050800100326,2013년 5월 8일 14시,수요일,제주특별자치도 서귀포시 법환동,경상사고,0,0,1,0,차대차 - 측면직각충돌,안전운전불이행,건조,맑음,단일로 - 기타,승용,남,54세,상해없음,이륜,남,54세,경상
2013050800100356,2013년 5월 8일 15시,수요일,제주특별자치도 제주시 삼양이동,경상사고,0,0,1,0,차대차 - 측면직각충돌,차로위반,건조,맑음,단일로 - 기타,건설기계,남,49세,상해없음,승용,여,31세,경상
2013050800100357,2013년 5월 8일 15시,수요일,제주특별자치도 서귀포시 법환동,부상신고사고,0,0,0,1,차대차 - 기타,안전운전불이행,건조,맑음,단일로 - 기타,화물,남,39세,부상신고,승합,남,44세,상해없음
2013050800100384,2013년 5월 8일 16시,수요일,제주특별자치도 서귀포시 안덕면,중상사고,0,1,0,0,차대사람 - 횡단중,보행자보호의무위반,건조,맑음,교차로 - 교차로부근,승합,남,24세,상해없음,보행자,여,17세,중상
2013050800100425,2013년 5월 8일 17시,수요일,제주특별자치도 제주시 한림읍,경상사고,0,0,1,0,차대사람 - 기타,안전운전불이행,건조,맑음,단일로 - 기타,승용,남,39세,상해없음,보행자,남,13세,경상
2013050800100472,2013년 5월 8일 18시,수요일,제주특별자치도 제주시 외도이동,부상신고사고,0,0,0,1,차대차 - 측면직각충돌,안전운전불이행,건조,맑음,교차로 - 교차로부근,승용,남,28세,상해없음,자전거,여,20세,부상신고
2013050800100630,2013년 5월 8일 22시,수요일,제주특별자치도 서귀포시 강정동,경상사고,0,0,1,0,차대차 - 추돌 - 진행중,안전운전불이행,건조,맑음,단일로 - 기타,승합,남,32세,상해없음,승용,남,24세,경상
2013050900100114,2013년 5월 9일 08시,목요일,제주특별자치도 제주시 조천읍,경상사고,0,0,1,0,차대차 - 측면직각충돌,안전운전불이행,건조,맑음,단일로 - 기타,승합,남,30세,상해없음,승용,남,60세,경상
2013050900100115,2013년 5월 9일 08시,목요일,제주특별자치도 제주시 연동,경상사고,0,0,1,0,차대차 - 추돌 - 진행중,안전운전불이행,건조,맑음,단일로 - 기타,승용,남,31세,상해없음,승용,남,49세,경상
2013050900100199,2013년 5월 9일 11시,목요일,제주특별자치도 제주시 이호이동,중상사고,0,1,0,0,차대차 - 추돌 - 진행중,기타,건조,맑음,단일로 - 기타,화물,여,51세,상해없음,농기계,남,74세,중상
2013050900100200,2013년 5월 9일 11시,목요일,제주특별자치도 제주시 연동,중상사고,0,1,0,0,차량단독 - 공작물충돌,안전운전불이행,건조,맑음,단일로 - 기타,승합,남,40세,상해없음,,,,
2013050900100231,2013년 5월 9일 12시,목요일,제주특별자치도 제주시 일도이동,경상사고,0,0,1,0,차대사람 - 횡단중,안전운전불이행,건조,맑음,단일로 - 기타,승용,남,63세,상해없음,보행자,남,55세,경상
2013050900100259,2013년 5월 9일 13시,목요일,제주특별자치도 제주시 애월읍,중상사고,0,1,0,0,차대차 - 측면직각충돌,교차로운행방법위반,건조,맑음,교차로 - 교차로안,건설기계,남,26세,상해없음,이륜,여,28세,중상
2013050900100291,2013년 5월 9일 14시,목요일,제주특별자치도 제주시 일도일동,경상사고,0,0,1,0,차대사람 - 횡단중,안전운전불이행,건조,맑음,단일로 - 기타,승합,남,24세,상해없음,보행자,남,22세,경상
2013050900100319,2013년 5월 9일 15시,목요일,제주특별자치도 제주시 이도일동,경상사고,0,0,2,0,차대차 - 측면직각충돌,교차로운행방법위반,건조,맑음,교차로 - 교차로안,승용,남,25세,상해없음,승용,남,37세,상해없음
2013050900100468,2013년 5월 9일 19시,목요일,제주특별자치도 제주시 아라일동,경상사고,0,0,2,0,차대차 - 측면직각충돌,안전거리미확보,습기,비,단일로 - 기타,승합,남,50세,상해없음,승용,남,41세,상해없음
2013050900100492,2013년 5월 9일 20시,목요일,제주특별자치도 제주시 삼도일동,중상사고,0,1,1,0,차대차 - 측면직각충돌,교차로운행방법위반,기타,맑음,교차로 - 교차로안,승용,여,30세,상해없음,승용,남,60세,경상
2013050900100539,2013년 5월 9일 21시,목요일,제주특별자치도 제주시 애월읍,중상사고,0,1,0,0,차량단독 - 기타,안전운전불이행,습기,비,단일로 - 기타,승용,남,67세,중상,,,,
2013050900100594,2013년 5월 9일 22시,목요일,제주특별자치도 제주시 연동,경상사고,0,0,2,0,차대차 - 추돌 - 진행중,교차로운행방법위반,습기,비,교차로 - 교차로안,승용,남,27세,상해없음,승용,남,33세,경상
2013050900100664,2013년 5월 9일 23시,목요일,제주특별자치도 제주시 오라이동,중상사고,0,1,1,0,차대차 - 측면직각충돌,교차로운행방법위반,습기,비,교차로 - 교차로안,승용,남,29세,경상,승용,남,27세,중상
2013051000100034,2013년 5월 10일 00시,금요일,제주특별자치도 제주시 이도이동,경상사고,0,0,2,0,차대차 - 측면직각충돌,신호위반,기타,비,교차로 - 교차로안,승용,남,18세,상해없음,승용,남,40세,경상
2013051000100035,2013년 5월 10일 00시,금요일,제주특별자치도 서귀포시 성산읍,중상사고,0,1,0,0,차대사람 - 횡단중,안전운전불이행,습기,비,단일로 - 기타,승용,남,46세,상해없음,보행자,남,51세,중상
2013051000100144,2013년 5월 10일 04시,금요일,제주특별자치도 제주시 이도이동,중상사고,0,1,1,0,차대차 - 측면직각충돌,신호위반,습기,비,교차로 - 교차로안,승용,남,18세,상해없음,승용,남,60세,경상
2013051000100192,2013년 5월 10일 07시,금요일,제주특별자치도 서귀포시 토평동,중상사고,0,1,0,0,차량단독 - 공작물충돌,안전운전불이행,습기,비,단일로 - 기타,승용,남,46세,중상,,,,
2013051000100193,2013년 5월 10일 07시,금요일,제주특별자치도 제주시 연동,경상사고,0,0,1,0,차대차 - 기타,안전거리미확보,건조,맑음,단일로 - 기타,승합,남,53세,상해없음,화물,남,49세,경상
2013051000100239,2013년 5월 10일 08시,금요일,제주특별자치도 제주시 연동,중상사고,0,1,0,1,차대차 - 측면직각충돌,교차로운행방법위반,습기,흐림,교차로 - 교차로안,승용,남,55세,부상신고,승용,남,38세,중상
2013051000100323,2013년 5월 10일 10시,금요일,제주특별자치도 서귀포시 서귀동,중상사고,0,1,0,0,차대사람 - 횡단중,안전운전불이행,건조,맑음,단일로 - 기타,화물,남,70세,상해없음,보행자,여,27세,중상
2013051000100358,2013년 5월 10일 12시,금요일,제주특별자치도 서귀포시 안덕면,경상사고,0,0,1,0,차대차 - 추돌 - 진행중,안전운전불이행,건조,맑음,교차로 - 교차로부근,승합,남,40세,상해없음,승용,여,45세,경상
2013051000100386,2013년 5월 10일 13시,금요일,제주특별자치도 서귀포시 토평동,중상사고,0,1,0,1,차대차 - 측면직각충돌,직진우회전진행방해,건조,맑음,교차로 - 교차로안,승용,여,48세,부상신고,승용,남,29세,중상
2013051000100387,2013년 5월 10일 13시,금요일,제주특별자치도 제주시 연동,중상사고,0,1,0,0,차대사람 - 횡단중,안전운전불이행,건조,맑음,교차로 - 교차로안,승용,여,28세,상해없음,보행자,남,59세,중상
2013051000100471,2013년 5월 10일 16시,금요일,제주특별자치도 제주시 조천읍,경상사고,0,0,1,0,차대차 - 측면직각충돌,중앙선침범,건조,맑음,단일로 - 기타,승용,남,56세,상해없음,승용,남,64세,경상
2013051000100472,2013년 5월 10일 16시,금요일,제주특별자치도 서귀포시 대정읍,부상신고사고,0,0,0,1,차량단독 - 기타,안전운전불이행,건조,맑음,단일로 - 기타,화물,남,52세,부상신고,,,,