사고번호,사고일시,요일,시군구,사고내용,사망자수,중상자수,경상자수,부상신고자수,사고유형,법규위반,노면상태,기상상태,도로형태,가해운전자 차종,가해운전자 성별,가해운전자 연령,가해운전자 상해정도,피해운전자 차종,피해운전자 성별,피해운전자 연령,피해운전자 상해정도
2013051000100506,2013년 5월 10일 17시,금요일,제주특별자치도 제주시 노형동,경상사고,0,0,1,0,차대사람 - 기타,안전운전불이행,건조,맑음,단일로 - 기타,승용,여,51세,상해없음,보행자,남,18세,경상
2013051000100575,2013년 5월 10일 19시,금요일,제주특별자치도 제주시 연동,경상사고,0,0,1,0,차대차 - 추돌 - 진행중,안전운전불이행,건조,맑음,교차로 - 교차로안,승용,여,30세,기타불명,승용,남,28세,경상
2013051000100684,2013년 5월 10일 22시,금요일,제주특별자치도 제주시 도남동,경상사고,0,0,1,0,차대차 - 측면직각충돌,안전거리미확보,건조,흐림,단일로 - 기타,승용,남,44세,상해없음,원동기,남,29세,경상
2013051000100709,2013년 5월 10일 23시,금요일,제주특별자치도 서귀포시 서호동,경상사고,0,0,1,1,차대차 - 측면직각충돌,직진우회전진행방해,건조,맑음,교차로 - 교차로안,승용,여,50세,부상신고,승용,남,55세,경상
2013051100100146,2013년 5월 11일 05시,토요일,제주특별자치도 서귀포시 안덕면,중상사고,0,1,0,0,차대차 - 추돌 - 주정차중,안전운전불이행,건조,맑음,기타 - 기타,이륜,남,71세,중상,화물,남,46세,기타불명
2013051100100147,2013년 5월 11일 05시,토요일,제주특별자치도 서귀포시 토평동,경상사고,0,0,1,0,차량단독 - 공작물충돌,안전운전불이행,건조,맑음,교차로 - 교차로안,승용,남,28세,경상,,,,
2013051100100229,2013년 5월 11일 09시,토요일,제주특별자치도 서귀포시 서귀동,중상사고,0,1,1,0,차대차 - 측면직각충돌,신호위반,건조,맑음,교차로 - 교차로안,승용,여,45세,중상,승용,남,54세,경상
2013051100100406,2013년 5월 11일 14시,토요일,제주특별자치도 제주시 봉개동,중상사고,0,1,0,0,차대차 - 측면직각충돌,안전거리미확보,건조,맑음,교차로 - 교차로부근,승용,여,32세,중상,화물,남,34세,상해없음
2013051100100576,2013년 5월 11일 19시,토요일,제주특별자치도 제주시 삼도이동,경상사고,0,0,1,0,차대사람 - 횡단중,보행자보호의무위반,기타,맑음,단일로 - 횡단보도상,승용,남,56세,상해없음,보행자,여,18세,경상
2013051100100620,2013년 5월 11일 20시,토요일,제주특별자치도 제주시 연동,경상사고,0,0,1,0,차대차 - 추돌 - 주정차중,안전운전불이행,건조,맑음,교차로 - 교차로부근,승용,남,50세,상해없음,승용,남,59세,경상
2013051100100657,2013년 5월 11일 21시,토요일,제주특별자치도 서귀포시 동홍동,경상사고,0,0,1,0,차대사람 - 횡단중,보행자보호의무위반,건조,맑음,교차로 - 교차로부근,승용,남,52세,상해없음,보행자,남,42세,경상
2013051100100683,2013년 5월 11일 22시,토요일,제주특별자치도 서귀포시 동홍동,중상사고,0,1,0,0,차대차 - 기타,기타,건조,맑음,단일로 - 기타,승용,남,49세,상해없음,원동기,남,16세,중상
2013051200100051,2013년 5월 12일 02시,일요일,제주특별자치도 제주시 이도이동,경상사고,0,0,1,1,차대차 - 추돌 - 주정차중,안전거리미확보,건조,맑음,교차로 - 교차로부근,승용,남,24세,상해없음,승용,여,47세,경상
2013051200100118,2013년 5월 12일 08시,일요일,제주특별자치도 서귀포시 표선면,부상신고사고,0,0,0,1,차대차 - 기타,안전운전불이행,건조,맑음,교차로 - 교차로부근,이륜,남,73세,부상신고,승용,남,35세,상해없음
2013051200100209,2013년 5월 12일 13시,일요일,제주특별자치도 서귀포시 성산읍,사망사고,1,0,0,0,차량단독 - 기타,안전운전불이행,건조,맑음,단일로 - 기타,이륜,남,35세,사망,,,,
2013051200100210,2013년 5월 12일 13시,일요일,제주특별자치도 제주시 노형동,경상사고,0,0,2,0,차대차 - 기타,안전거리미확보,건조,맑음,교차로 - 교차로부근,화물,남,63세,상해없음,승용,여,29세,경상
2013051200100306,2013년 5월 12일 16시,일요일,제주특별자치도 서귀포시 대포동,부상신고사고,0,0,0,1,차대차 - 기타,안전운전불이행,건조,맑음,교차로 - 교차로부근,이륜,여,72세,부상신고,승용,남,23세,상해없음
2013051200100307,2013년 5월 12일 16시,일요일,제주특별자치도 서귀포시 표선면,중상사고,0,1,1,0,차량단독 - 공작물충돌,안전운전불이행,건조,맑음,교차로 - 교차로부근,승용,남,67세,중상,,,,
2013051200100383,2013년 5월 12일 18시,일요일,제주특별자치도 제주시 노형동,경상사고,0,0,3,0,차대차 - 측면직각충돌,신호위반,건조,맑음,교차로 - 교차로안,승용,남,54세,상해없음,승용,여,23세,경상
2013051200100417,2013년 5월 12일 19시,일요일,제주특별자치도 서귀포시 중문동,경상사고,0,0,1,0,차대사람 - 기타,보행자보호의무위반,건조,맑음,단일로 - 횡단보도상,승용,남,32세,상해없음,보행자,여,37세,경상
2013051200100418,2013년 5월 12일 19시,일요일,제주특별자치도 서귀포시 대정읍,부상신고사고,0,0,0,1,차량단독 - 공작물충돌,안전운전불이행,건조,맑음,단일로 - 기타,승용,남,52세,부상신고,,,,
2013051200100419,2013년 5월 12일 19시,일요일,제주특별자치도 제주시 노형동,경상사고,0,0,1,0,차대차 - 측면직각충돌,안전거리미확보,건조,맑음,단일로 - 기타,승용,남,30세,상해없음,승용,남,44세,경상
2013051200100543,2013년 5월 12일 22시,일요일,제주특별자치도 제주시 연동,중상사고,0,1,2,0,차대차 - 측면직각충돌,직진우회전진행방해,건조,맑음,교차로 - 교차로안,승용,여,36세,경상,승용,남,39세,중상
2013051300100053,2013년 5월 13일 06시,월요일,제주특별자치도 서귀포시 대정읍,경상사고,0,0,1,0,차대차 - 기타,신호위반,건조,맑음,교차로 - 교차로안,화물,남,58세,상해없음,화물,여,54세,상해없음
2013051300100137,2013년 5월 13일 09시,월요일,제주특별자치도 제주시 조천읍,경상사고,0,0,3,0,차대차 - 측면직각충돌,안전거리미확보,건조,맑음,교차로 - 교차로부근,화물,남,52세,상해없음,승용,남,34세,경상
2013051300100138,2013년 5월 13일 09시,월요일,제주특별자치도 제주시 도두일동,경상사고,0,0,1,0,차대차 - 추돌 - 진행중,안전운전불이행,건조,맑음,단일로 - 기타,자전거,남,29세,경상,승용,남,61세,상해없음
2013051300100177,2013년 5월 13일 10시,월요일,제주특별자치도 제주시 화북일동,경상사고,0,0,1,0,차대차 - 측면직각충돌,안전운전불이행,건조,맑음,교차로 - 교차로부근,이륜,남,78세,경상,승용,남,34세,상해없음
2013051300100204,2013년 5월 13일 11시,월요일,제주특별자치도 제주시 구좌읍,경상사고,0,0,1,0,차대차 - 측면직각충돌,교차로운행방법위반,건조,맑음,교차로 - 교차로안,승용,여,52세,상해없음,승용,남,55세,상해없음
2013051300100237,2013년 5월 13일 12시,월요일,제주특별자치도 서귀포시 대정읍,경상사고,0,0,1,0,차대사람 - 기타,보행자보호의무위반,건조,맑음,교차로 - 교차로부근,승용,남,38세,상해없음,보행자,남,30세,경상
2013051300100389,2013년 5월 13일 16시,월요일,제주특별자치도 제주시 연동,중상사고,0,1,0,0,차대차 - 추돌 - 진행중,안전거리미확보,건조,맑음,단일로 - 기타,승용,남,32세,상해없음,화물,남,39세,중상
2013051300100463,2013년 5월 13일 18시,월요일,제주특별자치도 제주시 화북일동,경상사고,0,0,1,0,차대사람 - 횡단중,안전운전불이행,건조,맑음,교차로 - 교차로부근,승용,남,39세,상해없음,보행자,여,8세,경상
2013051300100464,2013년 5월 13일 18시,월요일,제주특별자치도 제주시 일도이동,경상사고,0,0,1,0,차대차 - 측면직각충돌,직진우회전진행방해,건조,맑음,교차로 - 교차로안,승용,남,59세,상해없음,화물,남,32세,경상
2013051400100059,2013년 5월 14일 03시,화요일,제주특별자치도 제주시 구좌읍,사망사고,1,0,0,0,차대차 - 추돌 - 주정차중,안전운전불이행,건조,맑음,단일로 - 기타,화물,남,48세,상해없음,화물,남,49세,기타불명
2013051400100070,2013년 5월 14일 04시,화요일,제주특별자치도 제주시 도남동,중상사고,0,1,0,0,차대차 - 측면직각충돌,교차로운행방법위반,기타,맑음,교차로 - 교차로안,승용,남,34세,상해없음,승용,남,61세,중상
2013051400100093,2013년 5월 14일 06시,화요일,제주특별자치도 서귀포시 성산읍,사망사고,1,0,0,0,차량단독 - 전도전복,안전운전불이행,건조,맑음,단일로 - 기타,원동기,남,58세,사망,,,,
2013051400100158,2013년 5월 14일 08시,화요일,제주특별자치도 제주시 이도이동,경상사고,0,0,2,0,차대차 - 추돌 - 진행중,안전거리미확보,건조,맑음,단일로 - 기타,승용,남,48세,상해없음,승용,여,30세,경상
2013051400100159,2013년 5월 14일 08시,화요일,제주특별자치도 제주시 애월읍,경상사고,0,0,1,0,차대차 - 측면직각충돌,직진우회전진행방해,건조,맑음,교차로 - 교차로안,승용,여,50세,상해없음,화물,남,61세,경상
2013051400100160,2013년 5월 14일 08시,화요일,제주특별자치도 제주시 연동,경상사고,0,0,2,1,차대차 - 추돌 - 진행중,안전운전불이행,건조,맑음,단일로 - 기타,승용,남,65세,상해없음,승용,여,45세,경상
2013051400100213,2013년 5월 14일 10시,화요일,제주특별자치도 서귀포시 상효동,중상사고,0,1,1,0,차대차 - 기타,직진우회전진행방해,건조,맑음,교차로 - 교차로안,승용,남,29세,상해없음,승용,남,68세,경상
2013051400100254,2013년 5월 14일 12시,화요일,제주특별자치도 제주시 도평동,중상사고,0,1,0,0,차대사람 - 횡단중,보행자보호의무위반,건조,맑음,단일로 - 기타,건설기계,남,40세,상해없음,보행자,여,28세,중상
2013051400100317,2013년 5월 14일 14시,화요일,제주특별자치도 제주시 용담이동,경상사고,0,0,3,0,차대차 - 측면직각충돌,중앙선침범,건조,맑음,교차로 - 교차로안,화물,남,30세,경상,승용,남,21세,경상
2013051400100318,2013년 5월 14일 14시,화요일,제주특별자치도 제주시 해안동,중상사고,0,1,0,0,차량단독 - 전도전복,안전운전불이행,건조,맑음,단일로 - 기타,승용,여,46세,중상,,,,
2013051400100358,2013년 5월 14일 15시,화요일,제주특별자치도 서귀포시 안덕면,중상사고,0,1,0,0,차대차 - 기타,안전운전불이행,건조,맑음,단일로 - 기타,화물,남,43세,상해없음,승용,남,56세,상해없음
2013051400100593,2013년 5월 14일 21시,화요일,제주특별자치도 서귀포시 동홍동,경상사고,0,0,2,0,차대차 - 기타,직진우회전진행방해,건조,맑음,교차로 - 교차로안,승용,남,48세,상해없음,승용,남,25세,경상
2013051400100660,2013년 5월 14일 23시,화요일,제주특별자치도 제주시 연동,중상사고,0,1,0,0,차대사람 - 기타,안전운전불이행,건조,맑음,단일로 - 기타,승용,남,50세,상해없음,보행자,남,25세,중상
2013051500100012,2013년 5월 15일 00시,수요일,제주특별자치도 제주시 연동,경상사고,0,0,1,0,차대차 - 측면직각충돌,직진우회전진행방해,건조,기타,교차로 - 교차로안,승용,남,34세,상해없음,원동기,남,38세,경상
2013051500100138,2013년 5월 15일 08시,수요일,제주특별자치도 제주시 오라일동,경상사고,0,0,1,0,차대사람 - 횡단중,안전운전불이행,기타,맑음,단일로 - 기타,승용,여,39세,상해없음,보행자,남,4세,경상
2013051500100224,2013년 5월 15일 11시,수요일,제주특별자치도 제주시 애월읍,중상사고,0,1,0,0,차대사람 - 길가장자리구역통행중,안전운전불이행,건조,맑음,단일로 - 기타,건설기계,남,50세,상해없음,보행자,남,79세,중상
2013051500100248,2013년 5월 15일 12시,수요일,제주특별자치도 제주시 이도이동,경상사고,0,0,1,0,차량단독 - 공작물충돌,안전운전불이행,건조,맑음,단일로 - 기타,승합,남,45세,상해없음,,,,
2013051500100310,2013년 5월 15일 14시,수요일,제주특별자치도 서귀포시 서홍동,경상사고,0,0,1,0,차대사람 - 횡단중,안전운전불이행,건조,맑음,교차로 - 교차로부근,화물,여,53세,상해없음,보행자,여,8세,경상
2013051500100311,2013년 5월 15일 14시,수요일,제주특별자치도 서귀포시 안덕면,중상사고,0,1,0,0,차대차 - 측면직각충돌,신호위반,건조,맑음,교차로 - 교차로안,화물,남,33세,상해없음,승용,여,42세,상해없음
2013051500100341,2013년 5월 15일 15시,수요일,제주특별자치도 서귀포시 하원동,중상사고,0,1,1,0,차대차 - 측면직각충돌,직진우회전진행방해,건조,맑음,교차로 - 교차로안,승용,여,44세,경상,승용,남,34세,상해없음
2013051500100443,2013년 5월 15일 17시,수요일,제주특별자치도 제주시 삼도일동,중상사고,0,1,0,0,차대차 - 측면직각충돌,교차로운행방법위반,건조,맑음,교차로 - 교차로안,승합,여,43세,상해없음,이륜,남,35세,중상
2013051500100605,2013년 5월 15일 21시,수요일,제주특별자치도 제주시 한림읍,부상신고사고,0,0,0,1,차대사람 - 길가장자리구역통행중,안전운전불이행,건조,맑음,단일로 - 기타,기타불명,기타불명,기타불명,기타불명,보행자,남,37세,부상신고
2013051500100670,2013년 5월 15일 23시,수요일,제주특별자치도 제주시 아라이동,경상사고,0,0,1,0,차대차 - 측면직각충돌,신호위반,건조,맑음,교차로 - 교차로안,승용,여,60세,상해없음,승용,남,40세,경상
2013051500100671,2013년 5월 15일 23시,수요일,제주특별자치도 제주시 연동,경상사고,0,0,1,0,차량단독 - 기타,안전운전불이행,건조,맑음,교차로 - 교차로부근,승용,남,43세,상해없음,,,,
2013051600100054,2013년 5월 16일 02시,목요일,제주특별자치도 서귀포시 안덕면,중상사고,0,1,0,0,차대사람 - 기타,안전운전불이행,건조,맑음,단일로 - 기타,승용,남,28세,상해없음,보행자,남,26세,중상
2013051600100070,2013년 5월 16일 03시,목요일,제주특별자치도 제주시 한림읍,중상사고,0,1,0,0,차량단독 - 기타,안전운전불이행,건조,맑음,단일로 - 기타,이륜,남,51세,중상,,,,
2013051600100084,2013년 5월 16일 04시,목요일,제주특별자치도 제주시 연동,경상사고,0,0,1,0,차대차 - 추돌 - 진행중,안전운전불이행,건조,맑음,단일로 - 기타,이륜,여,19세,경상,승용,남,71세,상해없음
2013051600100173,2013년 5월 16일 08시,목요일,제주특별자치도 제주시 애월읍,경상사고,0,0,2,0,차대차 - 추돌 - 진행중,안전운전불이행,건조,맑음,단일로 - 기타,화물,남,31세,경상,승용,남,66세,상해없음
2013051600100248,2013년 5월 16일 10시,목요일,제주특별자치도 제주시 애월읍,경상사고,0,0,1,0,차대사람 - 횡단중,안전운전불이행,건조,맑음,단일로 - 기타,자전거,남,36세,기타불명,보행자,여,74세,경상
2013051600100276,2013년 5월 16일 11시,목요일,제주특별자치도 제주시 삼양삼동,경상사고,0,0,1,0,차대차 - 측면직각충돌,안전거리미확보,건조,맑음,단일로 - 기타,이륜,남,28세,경상,승용,남,23세,상해없음
2013051600100305,2013년 5월 16일 12시,목요일,제주특별자치도 서귀포시 토평동,경상사고,0,0,1,0,차대차 - 측면직각충돌,직진우회전진행방해,건조,맑음,교차로 - 교차로안,승용,남,72세,경상,건설기계,남,43세,상해없음
2013051600100321,2013년 5월 16일 13시,목요일,제주특별자치도 제주시 일도일동,경상사고,0,0,1,0,차대사람 - 횡단중,안전운전불이행,건조,맑음,교차로 - 교차로부근,승용,여,40세,상해없음,보행자,여,49세,경상
2013051600100322,2013년 5월 16일 13시,목요일,제주특별자치도 제주시 용담일동,경상사고,0,0,1,0,차대차 - 측면직각충돌,교차로운행방법위반,건조,맑음,교차로 - 교차로안,승용,남,65세,상해없음,승용,남,58세,상해없음
2013051600100323,2013년 5월 16일 13시,목요일,제주특별자치도 서귀포시 강정동,경상사고,0,0,2,1,차대차 - 기타,직진우회전진행방해,건조,맑음,교차로 - 교차로안,승용,여,60세,부상신고,승용,여,46세,경상
2013051600100363,2013년 5월 16일 14시,목요일,제주특별자치도 제주시 건입동,경상사고,0,0,1,0,차대차 - 측면직각충돌,교차로운행방법위반,기타,맑음,교차로 - 교차로안,승용,남,36세,상해없음,승용,여,50세,상해없음
2013051600100393,2013년 5월 16일 15시,목요일,제주특별자치도 서귀포시 대정읍,경상사고,0,0,1,0,차대차 - 추돌 - 진행중,안전운전불이행,건조,맑음,교차로 - 교차로안,승용,여,52세,상해없음,승합,여,54세,경상
2013051600100394,2013년 5월 16일 15시,목요일,제주특별자치도 서귀포시 안덕면,중상사고,0,1,0,0,차대차 - 추돌 - 진행중,안전운전불이행,건조,맑음,교차로 - 교차로부근,원동기,남,22세,중상,승용,남,22세,상해없음
2013051600100440,2013년 5월 16일 16시,목요일,제주특별자치도 제주시 연동,경상사고,0,0,1,0,차대차 - 측면직각충돌,안전운전불이행,건조,맑음,교차로 - 교차로안,승용,남,51세,경상,승합,남,48세,상해없음
2013051600100597,2013년 5월 16일 20시,목요일,제주특별자치도 서귀포시 동홍동,경상사고,0,0,1,0,차대사람 - 기타,안전운전불이행,건조,맑음,단일로 - 기타,승용,남,54세,상해없음,보행자,여,67세,경상
2013051600100633,2013년 5월 16일 21시,목요일,제주특별자치도 제주시 노형동,경상사고,0,0,1,0,차대차 - 기타,신호위반,건조,맑음,교차로 - 교차로안,승용,여,57세,상해없음,승용,여,48세,경상
2013051600100697,2013년 5월 16일 23시,목요일,제주특별자치도 제주시 일도이동,경상사고,0,0,1,0,차대사람 - 횡단중,안전운전불이행,건조,흐림,단일로 - 기타,승용,남,64세,상해없음,보행자,남,33세,경상
2013051600100698,2013년 5월 16일 23시,목요일,제주특별자치도 제주시 연동,경상사고,0,0,1,0,차대차 - 기타,직진우회전진행방해,건조,맑음,교차로 - 교차로안,이륜,남,18세,경상,승합,남,29세,상해없음
2013051700100146,2013년 5월 17일 06시,금요일,제주특별자치도 제주시 노형동,중상사고,0,1,0,0,차대사람 - 기타,안전운전불이행,건조,맑음,교차로 - 교차로안,승용,남,55세,상해없음,보행자,남,38세,중상
2013051700100264,2013년 5월 17일 11시,금요일,제주특별자치도 제주시 이도일동,경상사고,0,0,2,0,차대차 - 측면직각충돌,교차로운행방법위반,건조,맑음,교차로 - 교차로안,승용,남,60세,상해없음,승용,남,61세,상해없음
2013051700100329,2013년 5월 17일 13시,금요일,제주특별자치도 제주시 노형동,경상사고,0,0,5,0,차대차 - 추돌 - 진행중,안전운전불이행,건조,맑음,교차로 - 교차로안,승용,남,32세,경상,승용,남,31세,상해없음
2013051700100372,2013년 5월 17일 14시,금요일,제주특별자치도 제주시 봉개동,중상사고,0,1,3,0,차대차 - 추돌 - 주정차중,안전운전불이행,기타,맑음,단일로 - 기타,승합,남,48세,상해없음,승용,남,46세,중상
2013051700100477,2013년 5월 17일 17시,금요일,제주특별자치도 제주시 삼양이동,중상사고,0,1,0,0,차대차 - 측면직각충돌,교차로운행방법위반,건조,맑음,교차로 - 교차로안,자전거,여,11세,중상,화물,여,30세,상해없음
2013051700100506,2013년 5월 17일 18시,금요일,제주특별자치도 제주시 조천읍,중상사고,0,4,2,0,차대차 - 정면충돌,중앙선침범,건조,맑음,단일로 - 기타,승용,남,50세,경상,승용,남,37세,중상
2013051700100616,2013년 5월 17일 21시,금요일,제주특별자치도 제주시 외도일동,경상사고,0,0,1,0,차대사람 - 횡단중,안전운전불이행,건조,맑음,단일로 - 기타,화물,남,49세,상해없음,보행자,남,16세,경상
2013051800100141,2013년 5월 18일 08시,토요일,제주특별자치도 제주시 조천읍,중상사고,0,1,0,0,차대사람 - 횡단중,안전운전불이행,건조,맑음,교차로 - 교차로부근,승용,남,54세,상해없음,보행자,여,48세,중상
2013051800100142,2013년 5월 18일 08시,토요일,제주특별자치도 서귀포시 성산읍,부상신고사고,0,0,0,1,차대차 - 측면직각충돌,신호위반,건조,맑음,교차로 - 교차로안,화물,남,57세,부상신고,승합,남,52세,상해없음
2013051800100203,2013년 5월 18일 11시,토요일,제주특별자치도 제주시 이도일동,경상사고,0,0,1,0,차대사람 - 횡단중,안전운전불이행,건조,맑음,단일로 - 횡단보도부근,승용,여,62세,상해없음,보행자,여,47세,경상
2013051800100204,2013년 5월 18일 11시,토요일,제주특별자치도 서귀포시 서귀동,경상사고,0,0,1,0,차대차 - 추돌 - 진행중,안전운전불이행,건조,맑음,단일로 - 기타,승용,남,73세,상해없음,승용,남,53세,경상
2013051800100443,2013년 5월 18일 19시,토요일,제주특별자치도 서귀포시 상예동,경상사고,0,0,2,0,차대차 - 측면직각충돌,직진우회전진행방해,건조,맑음,단일로 - 기타,승용,남,43세,기타불명,승용,남,35세,경상
2013051800100546,2013년 5월 18일 21시,토요일,제주특별자치도 제주시 삼도이동,중상사고,0,1,0,0,차대사람 - 횡단중,보행자보호의무위반,습기,비,단일로 - 횡단보도상,화물,남,32세,상해없음,보행자,여,48세,중상
2013051800100547,2013년 5월 18일 21시,토요일,제주특별자치도 제주시 노형동,경상사고,0,0,1,0,차대차 - 기타,안전운전불이행,건조,맑음,단일로 - 기타,승합,여,39세,상해없음,승용,남,45세,경상
2013051800100610,2013년 5월 18일 22시,토요일,제주특별자치도 서귀포시 동홍동,중상사고,0,1,0,0,차대사람 - 횡단중,보행자보호의무위반,건조,맑음,교차로 - 교차로부근,승용,여,48세,상해없음,보행자,여,68세,중상
2013051800100611,2013년 5월 18일 22시,토요일,제주특별자치도 서귀포시 동홍동,경상사고,0,0,1,0,차대사람 - 횡단중,보행자보호의무위반,습기,비,교차로 - 교차로부근,승용,남,60세,상해없음,보행자,남,48세,경상
2013051800100670,2013년 5월 18일 23시,토요일,제주특별자치도 서귀포시 대정읍,중상사고,0,2,0,0,차대차 - 추돌 - 주정차중,안전운전불이행,습기,비,단일로 - 기타,원동기,남,20세,중상,화물,남,56세,기타불명
2013051800100671,2013년 5월 18일 23시,토요일,제주특별자치도 서귀포시 법환동,경상사고,0,0,1,0,차대차 - 정면충돌,중앙선침범,습기,비,단일로 - 기타,승용,남,26세,상해없음,승용,남,52세,상해없음
2013051900100035,2013년 5월 19일 00시,일요일,제주특별자치도 제주시 일도이동,중상사고,0,1,0,0,차대사람 - 횡단중,안전거리미확보,습기,비,단일로 - 기타,화물,남,40세,상해없음,보행자,남,33세,중상
2013051900100074,2013년 5월 19일 01시,일요일,제주특별자치도 제주시 연동,중상사고,0,1,0,0,차대사람 - 횡단중,보행자보호의무위반,습기,비,교차로 - 교차로부근,승용,남,23세,상해없음,보행자,남,52세,중상
2013051900100149,2013년 5월 19일 04시,일요일,제주특별자치도 제주시 용담삼동,경상사고,0,0,1,0,차량단독 - 공작물충돌,안전운전불이행,건조,흐림,단일로 - 기타,승용,남,55세,경상,,,,
2013051900100205,2013년 5월 19일 07시,일요일,제주특별자치도 서귀포시 표선면,부상신고사고,0,0,0,1,차량단독 - 공작물충돌,안전운전불이행,건조,맑음,단일로 - 기타,승용,남,30세,부상신고,,,,
2013051900100267,2013년 5월 19일 11시,일요일,제주특별자치도 제주시 영평동,경상사고,0,0,1,0,차대차 - 측면직각충돌,안전운전불이행,건조,맑음,교차로 - 교차로부근,승용,남,60세,상해없음,자전거,남,52세,경상
2013051900100437,2013년 5월 19일 17시,일요일,제주특별자치도 제주시 건입동,사망사고,1,0,0,0,차대사람 - 횡단중,안전운전불이행,건조,흐림,단일로 - 기타,승합,남,55세,상해없음,보행자,여,44세,사망
2013051900100438,2013년 5월 19일 17시,일요일,제주특별자치도 제주시 영평동,중상사고,0,2,1,0,차대차 - 측면직각충돌,안전운전불이행,습기,맑음,교차로 - 교차로부근,화물,남,66세,상해없음,승용,남,46세,경상
2013051900100522,2013년 5월 19일 20시,일요일,제주특별자치도 서귀포시 상예동,중상사고,0,3,1,0,차대차 - 기타,신호위반,건조,맑음,교차로 - 교차로부근,승용,여,59세,중상,승용,남,42세,중상
2013051900100523,2013년 5월 19일 20시,일요일,제주특별자치도 제주시 연동,경상사고,0,0,1,0,차대차 - 추돌 - 진행중,안전운전불이행,건조,맑음,단일로 - 기타,승합,남,44세,상해없음,승용,남,40세,경상
2013052000100048,2013년 5월 20일 05시,월요일,제주특별자치도 서귀포시 서귀동,중상사고,0,1,1,0,차대차 - 기타,신호위반,건조,맑음,교차로 - 교차로안,승용,남,52세,상해없음,이륜,남,68세,경상
2013052000100080,2013년 5월 20일 07시,월요일,제주특별자치도 제주시 화북이동,경상사고,0,0,2,0,차대차 - 측면직각충돌,중앙선침범,건조,맑음,단일로 - 기타,승용,남,24세,상해없음,승용,여,39세,경상
2013052000100109,2013년 5월 20일 08시,월요일,제주특별자치도 서귀포시 남원읍,경상사고,0,0,1,0,차대차 - 측면직각충돌,직진우회전진행방해,건조,맑음,교차로 - 교차로안,승용,남,38세,상해없음,원동기,남,33세,경상
2013052000100133,2013년 5월 20일 09시,월요일,제주특별자치도 제주시 이도이동,경상사고,0,0,1,0,차대사람 - 횡단중,안전운전불이행,건조,맑음,교차로 - 교차로안,기타불명,기타불명,기타불명,기타불명,보행자,여,72세,경상
2013052000100134,2013년 5월 20일 09시,월요일,제주특별자치도 제주시 노형동,경상사고,0,0,1,0,차대차 - 측면직각충돌,직진우회전진행방해,건조,맑음,교차로 - 교차로안,승용,여,39세,상해없음,승용,여,47세,경상
2013052000100185,2013년 5월 20일 11시,월요일,제주특별자치도 서귀포시 동홍동,경상사고,0,0,1,0,차대차 - 측면직각충돌,교차로운행방법위반,건조,맑음,교차로 - 교차로안,화물,여,48세,상해없음,승용,남,20세,상해없음
2013052000100186,2013년 5월 20일 11시,월요일,제주특별자치도 서귀포시 대정읍,경상사고,0,0,1,0,차대차 - 측면직각충돌,직진우회전진행방해,건조,맑음,교차로 - 교차로안,승용,남,32세,상해없음,화물,남,55세,상해없음
2013052000100239,2013년 5월 20일 13시,월요일,제주특별자치도 제주시 오라일동,경상사고,0,0,1,0,차대사람 - 횡단중,안전운전불이행,건조,맑음,기타 - 기타,승용,남,65세,상해없음,보행자,남,27세,경상
2013052000100240,2013년 5월 20일 13시,월요일,제주특별자치도 서귀포시 남원읍,중상사고,0,2,0,0,차대차 - 정면충돌,중앙선침범,건조,맑음,단일로 - 기타,승용,남,38세,상해없음,승용,여,37세,중상
2013052000100311,2013년 5월 20일 15시,월요일,제주특별자치도 제주시 우도면,중상사고,0,1,0,0,차량단독 - 공작물충돌,안전운전불이행,기타,맑음,단일로 - 기타,이륜,여,32세,상해없음,,,,
2013052000100312,2013년 5월 20일 15시,월요일,제주특별자치도 서귀포시 대정읍,중상사고,0,1,0,0,차대사람 - 횡단중,안전운전불이행,건조,맑음,단일로 - 기타,화물,남,62세,상해없음,보행자,여,64세,중상
2013052000100351,2013년 5월 20일 16시,월요일,제주특별자치도 서귀포시 강정동,경상사고,0,0,1,0,차대차 - 기타,안전운전불이행,건조,맑음,단일로 - 기타,승합,남,57세,상해없음,승용,여,56세,경상
2013052000100521,2013년 5월 20일 21시,월요일,제주특별자치도 제주시 화북이동,경상사고,0,0,2,0,차대차 - 측면직각충돌,안전운전불이행,건조,맑음,단일로 - 기타,승용,남,33세,경상,승용,남,61세,상해없음
2013052100100039,2013년 5월 21일 02시,화요일,제주특별자치도 제주시 오라일동,중상사고,0,1,2,0,차대차 - 측면직각충돌,안전운전불이행,건조,맑음,교차로 - 교차로부근,승용,남,36세,상해없음,승용,남,40세,경상
2013052100100092,2013년 5월 21일 07시,화요일,제주특별자치도 제주시 오라일동,경상사고,0,0,1,0,차량단독 - 공작물충돌,안전운전불이행,건조,맑음,단일로 - 기타,승합,남,51세,상해없음,,,,