사고번호,사고일시,요일,시군구,사고내용,사망자수,중상자수,경상자수,부상신고자수,사고유형,법규위반,노면상태,기상상태,도로형태,가해운전자 차종,가해운전자 성별,가해운전자 연령,가해운전자 상해정도,피해운전자 차종,피해운전자 성별,피해운전자 연령,피해운전자 상해정도
2013052100100093,2013년 5월 21일 07시,화요일,제주특별자치도 서귀포시 상효동,경상사고,0,0,2,0,차대차 - 측면직각충돌,직진우회전진행방해,습기,흐림,교차로 - 교차로안,화물,남,25세,경상,승용,남,58세,경상
2013052100100094,2013년 5월 21일 07시,화요일,제주특별자치도 제주시 애월읍,경상사고,0,0,2,0,차대차 - 추돌 - 진행중,안전운전불이행,건조,맑음,단일로 - 기타,화물,남,51세,상해없음,승용,여,39세,상해없음
2013052100100134,2013년 5월 21일 08시,화요일,제주특별자치도 제주시 한경면,중상사고,0,1,0,0,차대차 - 측면직각충돌,안전운전불이행,건조,맑음,교차로 - 교차로안,화물,여,56세,상해없음,이륜,남,20세,중상
2013052100100164,2013년 5월 21일 09시,화요일,제주특별자치도 제주시 오등동,중상사고,0,1,0,0,차대차 - 측면직각충돌,안전운전불이행,건조,맑음,단일로 - 기타,원동기,여,63세,중상,화물,남,34세,상해없음
2013052100100276,2013년 5월 21일 13시,화요일,제주특별자치도 서귀포시 동홍동,부상신고사고,0,0,0,1,차대차 - 기타,안전운전불이행,기타,맑음,기타 - 기타,이륜,남,19세,부상신고,승용,남,41세,상해없음
2013052100100342,2013년 5월 21일 15시,화요일,제주특별자치도 서귀포시 서귀동,중상사고,0,1,0,0,차대차 - 기타,안전운전불이행,건조,맑음,단일로 - 기타,승용,남,45세,상해없음,승용,남,30세,중상
2013052100100374,2013년 5월 21일 16시,화요일,제주특별자치도 제주시 일도이동,경상사고,0,0,1,0,차대차 - 측면직각충돌,신호위반,건조,맑음,교차로 - 교차로안,승용,남,60세,상해없음,이륜,남,44세,경상
2013052100100583,2013년 5월 21일 21시,화요일,제주특별자치도 제주시 연동,부상신고사고,0,0,0,1,차대차 - 기타,기타,건조,맑음,단일로 - 기타,승합,여,29세,상해없음,이륜,남,41세,부상신고
2013052200100032,2013년 5월 22일 01시,수요일,제주특별자치도 제주시 화북일동,경상사고,0,0,3,0,차대차 - 측면직각충돌,중앙선침범,건조,맑음,단일로 - 기타,승용,남,48세,경상,승합,남,36세,경상
2013052200100082,2013년 5월 22일 06시,수요일,제주특별자치도 서귀포시 토평동,경상사고,0,0,1,0,차대차 - 측면직각충돌,신호위반,건조,맑음,교차로 - 교차로안,화물,남,44세,상해없음,승용,남,38세,경상
2013052200100265,2013년 5월 22일 12시,수요일,제주특별자치도 제주시 아라일동,중상사고,0,1,0,0,차대차 - 측면직각충돌,안전거리미확보,건조,맑음,교차로 - 교차로부근,승용,남,57세,상해없음,승용,남,59세,중상
2013052200100288,2013년 5월 22일 13시,수요일,제주특별자치도 제주시 애월읍,중상사고,0,1,0,0,차대차 - 추돌 - 진행중,안전운전불이행,건조,맑음,단일로 - 기타,승용,여,25세,상해없음,이륜,여,75세,중상
2013052200100316,2013년 5월 22일 14시,수요일,제주특별자치도 제주시 연동,경상사고,0,0,3,0,차대차 - 추돌 - 주정차중,안전운전불이행,건조,맑음,단일로 - 기타,승용,남,71세,경상,건설기계,남,30세,상해없음
2013052200100356,2013년 5월 22일 15시,수요일,제주특별자치도 제주시 일도일동,중상사고,0,1,3,0,차대차 - 측면직각충돌,신호위반,건조,맑음,교차로 - 교차로안,승용,남,51세,상해없음,승합,남,38세,경상
2013052200100494,2013년 5월 22일 19시,수요일,제주특별자치도 제주시 노형동,부상신고사고,0,0,0,1,차대사람 - 기타,안전운전불이행,건조,맑음,단일로 - 기타,자전거,기타불명,기타불명,기타불명,보행자,남,11세,부상신고
2013052300100032,2013년 5월 23일 01시,목요일,제주특별자치도 제주시 이도이동,경상사고,0,0,1,0,차대차 - 측면직각충돌,신호위반,기타,맑음,교차로 - 교차로안,승용,여,43세,상해없음,승용,남,33세,상해없음
2013052300100192,2013년 5월 23일 10시,목요일,제주특별자치도 제주시 연동,중상사고,0,1,0,0,차대사람 - 횡단중,안전운전불이행,건조,맑음,단일로 - 기타,승용,남,52세,상해없음,보행자,여,66세,중상
2013052300100222,2013년 5월 23일 11시,목요일,제주특별자치도 제주시 조천읍,경상사고,0,0,1,0,차대차 - 측면직각충돌,교차로운행방법위반,건조,맑음,교차로 - 교차로안,승용,여,49세,상해없음,이륜,남,46세,경상
2013052300100274,2013년 5월 23일 13시,목요일,제주특별자치도 제주시 조천읍,중상사고,0,2,2,0,차대차 - 측면직각충돌,신호위반,건조,맑음,교차로 - 교차로안,승용,여,23세,경상,승용,여,46세,중상
2013052300100275,2013년 5월 23일 13시,목요일,제주특별자치도 제주시 연동,경상사고,0,0,3,0,차대차 - 추돌 - 주정차중,안전운전불이행,건조,맑음,교차로 - 교차로부근,승용,남,28세,상해없음,화물,남,37세,상해없음
2013052300100305,2013년 5월 23일 14시,목요일,제주특별자치도 제주시 삼도일동,경상사고,0,0,1,0,차대차 - 측면직각충돌,신호위반,기타,맑음,교차로 - 교차로안,승용,여,45세,상해없음,승용,남,32세,경상
2013052300100339,2013년 5월 23일 15시,목요일,제주특별자치도 제주시 구좌읍,경상사고,0,0,1,0,차량단독 - 공작물충돌,안전운전불이행,건조,맑음,단일로 - 기타,승용,여,27세,경상,,,,
2013052300100371,2013년 5월 23일 16시,목요일,제주특별자치도 제주시 연동,경상사고,0,0,2,0,차대사람 - 기타,안전운전불이행,건조,맑음,교차로 - 교차로부근,승용,남,65세,상해없음,보행자,여,40세,경상
2013052300100513,2013년 5월 23일 20시,목요일,제주특별자치도 서귀포시 대정읍,경상사고,0,0,1,0,차량단독 - 전도전복,안전운전불이행,건조,맑음,단일로 - 기타,자전거,남,53세,경상,,,,
2013052300100545,2013년 5월 23일 21시,목요일,제주특별자치도 제주시 연동,경상사고,0,0,1,0,차대사람 - 횡단중,안전운전불이행,건조,맑음,교차로 - 교차로안,승용,남,44세,상해없음,보행자,남,24세,경상
2013052400100120,2013년 5월 24일 07시,금요일,제주특별자치도 제주시 노형동,경상사고,0,0,1,0,차대차 - 측면직각충돌,안전거리미확보,건조,맑음,단일로 - 기타,건설기계,남,30세,상해없음,승용,남,34세,경상
2013052400100162,2013년 5월 24일 08시,금요일,제주특별자치도 서귀포시 법환동,경상사고,0,0,2,0,차대차 - 기타,안전운전불이행,건조,맑음,교차로 - 교차로부근,화물,남,32세,상해없음,승합,여,35세,경상
2013052400100283,2013년 5월 24일 13시,금요일,제주특별자치도 제주시 한림읍,중상사고,0,2,0,0,차대차 - 기타,안전운전불이행,건조,맑음,단일로 - 기타,화물,남,26세,상해없음,농기계,남,71세,중상
2013052400100332,2013년 5월 24일 15시,금요일,제주특별자치도 제주시 추자면,경상사고,0,0,1,0,차량단독 - 공작물충돌,안전운전불이행,기타,맑음,기타 - 기타,화물,남,52세,경상,,,,
2013052400100333,2013년 5월 24일 15시,금요일,제주특별자치도 서귀포시 남원읍,경상사고,0,0,1,0,차대차 - 기타,안전거리미확보,건조,맑음,단일로 - 기타,원동기,남,78세,경상,승용,여,41세,상해없음
2013052400100379,2013년 5월 24일 16시,금요일,제주특별자치도 제주시 노형동,경상사고,0,0,1,0,차대사람 - 기타,보행자보호의무위반,건조,맑음,단일로 - 횡단보도상,원동기,남,19세,상해없음,보행자,여,13세,경상
2013052400100478,2013년 5월 24일 18시,금요일,제주특별자치도 제주시 연동,경상사고,0,0,4,0,차대차 - 기타,신호위반,건조,맑음,교차로 - 교차로안,승용,남,28세,경상,승용,여,30세,경상
2013052500100121,2013년 5월 25일 05시,토요일,제주특별자치도 제주시 삼도일동,중상사고,0,2,0,0,차대차 - 측면직각충돌,신호위반,건조,맑음,교차로 - 교차로안,승용,남,46세,중상,승용,여,46세,중상
2013052500100164,2013년 5월 25일 07시,토요일,제주특별자치도 제주시 일도이동,경상사고,0,0,2,0,차대차 - 측면직각충돌,교차로운행방법위반,건조,맑음,교차로 - 교차로안,화물,남,34세,상해없음,화물,남,58세,상해없음
2013052500100165,2013년 5월 25일 07시,토요일,제주특별자치도 제주시 화북일동,경상사고,0,0,1,0,차대차 - 측면직각충돌,신호위반,건조,맑음,교차로 - 교차로안,승용,여,47세,상해없음,승용,남,34세,경상
2013052500100166,2013년 5월 25일 07시,토요일,제주특별자치도 제주시 오라삼동,경상사고,0,0,2,0,차대차 - 측면직각충돌,안전운전불이행,건조,맑음,단일로 - 기타,승용,남,43세,경상,화물,남,45세,경상
2013052500100167,2013년 5월 25일 07시,토요일,제주특별자치도 제주시 한림읍,중상사고,0,1,0,0,차대차 - 기타,안전운전불이행,건조,맑음,교차로 - 교차로부근,승합,남,46세,상해없음,자전거,여,55세,중상
2013052500100258,2013년 5월 25일 10시,토요일,제주특별자치도 제주시 오라일동,경상사고,0,0,1,0,차대사람 - 횡단중,안전운전불이행,건조,맑음,단일로 - 기타,기타불명,기타불명,기타불명,기타불명,보행자,남,46세,경상
2013052500100259,2013년 5월 25일 10시,토요일,제주특별자치도 서귀포시 남원읍,경상사고,0,0,2,0,차대차 - 추돌 - 진행중,안전운전불이행,건조,맑음,교차로 - 교차로부근,승용,여,25세,경상,화물,남,63세,경상
2013052500100291,2013년 5월 25일 11시,토요일,제주특별자치도 제주시 이호이동,중상사고,0,1,0,0,차대사람 - 기타,안전운전불이행,건조,맑음,단일로 - 기타,승합,남,45세,상해없음,보행자,여,71세,중상
2013052500100331,2013년 5월 25일 12시,토요일,제주특별자치도 제주시 도남동,경상사고,0,0,1,0,차대사람 - 기타,보행자보호의무위반,건조,맑음,단일로 - 기타,승용,남,31세,상해없음,보행자,남,5세,경상
2013052500100437,2013년 5월 25일 15시,토요일,제주특별자치도 제주시 노형동,경상사고,0,0,1,0,차대차 - 추돌 - 주정차중,안전운전불이행,건조,맑음,교차로 - 교차로부근,화물,남,30세,상해없음,승용,여,40세,경상
2013052500100474,2013년 5월 25일 16시,토요일,제주특별자치도 서귀포시 호근동,중상사고,0,1,0,0,차대차 - 추돌 - 진행중,안전거리미확보,건조,맑음,단일로 - 기타,화물,남,67세,상해없음,이륜,여,28세,중상
2013052500100555,2013년 5월 25일 18시,토요일,제주특별자치도 제주시 오라일동,경상사고,0,0,1,0,차대차 - 측면직각충돌,안전운전불이행,건조,맑음,기타 - 기타,승용,남,44세,상해없음,자전거,남,57세,경상
2013052500100556,2013년 5월 25일 18시,토요일,제주특별자치도 서귀포시 남원읍,경상사고,0,0,1,0,차대사람 - 차도통행중,보행자보호의무위반,건조,맑음,단일로 - 기타,승용,남,51세,상해없음,보행자,여,15세,경상
2013052500100683,2013년 5월 25일 22시,토요일,제주특별자치도 제주시 연동,부상신고사고,0,0,0,1,차대사람 - 횡단중,안전운전불이행,건조,맑음,단일로 - 기타,이륜,남,23세,부상신고,보행자,여,35세,상해없음
2013052600100080,2013년 5월 26일 04시,일요일,제주특별자치도 제주시 아라일동,중상사고,0,1,0,0,차대차 - 측면직각충돌,안전운전불이행,건조,맑음,교차로 - 교차로부근,승용,남,27세,상해없음,승용,남,67세,중상
2013052600100081,2013년 5월 26일 04시,일요일,제주특별자치도 제주시 연동,경상사고,0,0,1,0,차대차 - 추돌 - 주정차중,안전운전불이행,건조,맑음,교차로 - 교차로부근,승용,남,32세,상해없음,승용,남,30세,경상
2013052600100238,2013년 5월 26일 12시,일요일,제주특별자치도 제주시 건입동,경상사고,0,0,1,0,차대차 - 측면직각충돌,교차로운행방법위반,건조,맑음,교차로 - 교차로안,승용,남,59세,상해없음,승용,남,28세,경상
2013052600100491,2013년 5월 26일 20시,일요일,제주특별자치도 서귀포시 상효동,사망사고,1,0,0,0,차대사람 - 횡단중,보행자보호의무위반,건조,맑음,단일로 - 횡단보도상,승용,여,36세,상해없음,보행자,남,68세,사망
2013052700100077,2013년 5월 27일 06시,월요일,제주특별자치도 제주시 애월읍,경상사고,0,0,1,0,차량단독 - 공작물충돌,안전운전불이행,습기,비,단일로 - 기타,승용,여,37세,경상,,,,
2013052700100107,2013년 5월 27일 07시,월요일,제주특별자치도 서귀포시 법환동,중상사고,0,1,0,0,차대차 - 기타,직진우회전진행방해,습기,비,교차로 - 교차로안,승용,여,45세,상해없음,이륜,여,55세,중상
2013052700100235,2013년 5월 27일 11시,월요일,제주특별자치도 제주시 삼도일동,중상사고,0,1,0,0,차대차 - 측면직각충돌,안전운전불이행,습기,비,교차로 - 교차로부근,화물,남,61세,상해없음,승용,남,57세,상해없음
2013052700100293,2013년 5월 27일 13시,월요일,제주특별자치도 서귀포시 서홍동,중상사고,0,1,0,0,차대차 - 기타,안전거리미확보,습기,비,단일로 - 기타,승용,여,53세,상해없음,이륜,남,57세,중상
2013052700100485,2013년 5월 27일 18시,월요일,제주특별자치도 서귀포시 서귀동,중상사고,0,1,0,0,차대사람 - 횡단중,안전운전불이행,습기,비,교차로 - 교차로부근,승용,여,52세,상해없음,보행자,여,48세,중상
2013052700100486,2013년 5월 27일 18시,월요일,제주특별자치도 서귀포시 표선면,경상사고,0,0,2,0,차대차 - 측면직각충돌,직진우회전진행방해,건조,맑음,교차로 - 교차로안,승용,남,33세,상해없음,승용,여,37세,경상
2013052700100487,2013년 5월 27일 18시,월요일,제주특별자치도 제주시 노형동,경상사고,0,0,1,0,차대차 - 기타,중앙선침범,습기,비,단일로 - 기타,승용,여,49세,상해없음,승용,여,41세,경상
2013052700100549,2013년 5월 27일 19시,월요일,제주특별자치도 제주시 도남동,경상사고,0,0,1,0,차대사람 - 횡단중,보행자보호의무위반,습기,비,단일로 - 기타,승용,남,32세,상해없음,보행자,여,21세,경상
2013052700100809,2013년 5월 27일 23시,월요일,제주특별자치도 제주시 노형동,중상사고,0,1,1,1,차대차 - 측면직각충돌,안전운전불이행,습기,비,교차로 - 교차로안,승용,남,51세,상해없음,승용,여,43세,중상
2013052800100061,2013년 5월 28일 01시,화요일,제주특별자치도 서귀포시 대정읍,경상사고,0,0,1,0,차량단독 - 공작물충돌,안전운전불이행,습기,비,단일로 - 기타,승용,남,35세,경상,,,,
2013052800100107,2013년 5월 28일 04시,화요일,제주특별자치도 제주시 애월읍,부상신고사고,0,0,0,1,차량단독 - 공작물충돌,안전운전불이행,건조,맑음,단일로 - 기타,승용,남,20세,부상신고,,,,
2013052800100115,2013년 5월 28일 05시,화요일,제주특별자치도 서귀포시 성산읍,중상사고,0,1,0,0,차량단독 - 공작물충돌,안전운전불이행,습기,비,단일로 - 기타,화물,남,47세,중상,,,,
2013052800100288,2013년 5월 28일 12시,화요일,제주특별자치도 서귀포시 색달동,경상사고,0,0,1,0,차대차 - 추돌 - 진행중,안전운전불이행,건조,맑음,교차로 - 교차로부근,화물,남,37세,상해없음,승용,남,41세,상해없음
2013052800100343,2013년 5월 28일 14시,화요일,제주특별자치도 제주시 연동,중상사고,0,1,0,0,차대차 - 측면직각충돌,안전운전불이행,건조,맑음,단일로 - 기타,승용,남,61세,상해없음,자전거,남,12세,중상
2013052800100413,2013년 5월 28일 16시,화요일,제주특별자치도 제주시 노형동,부상신고사고,0,0,0,1,차대차 - 측면직각충돌,안전운전불이행,건조,맑음,단일로 - 기타,화물,남,64세,상해없음,자전거,남,13세,부상신고
2013052800100671,2013년 5월 28일 23시,화요일,제주특별자치도 제주시 이도이동,중상사고,0,1,0,0,차대사람 - 횡단중,안전운전불이행,건조,흐림,단일로 - 기타,승용,여,46세,상해없음,보행자,남,23세,중상
2013052900100044,2013년 5월 29일 01시,수요일,제주특별자치도 제주시 연동,경상사고,0,0,1,0,차대차 - 기타,안전운전불이행,건조,맑음,단일로 - 기타,승용,남,25세,상해없음,승합,남,25세,상해없음
2013052900100103,2013년 5월 29일 06시,수요일,제주특별자치도 제주시 구좌읍,경상사고,0,0,1,0,차대차 - 측면직각충돌,안전운전불이행,건조,맑음,교차로 - 교차로안,승용,여,23세,경상,이륜,여,84세,상해없음
2013052900100206,2013년 5월 29일 10시,수요일,제주특별자치도 제주시 이호이동,경상사고,0,0,1,0,차대차 - 추돌 - 진행중,안전운전불이행,건조,흐림,단일로 - 기타,승용,남,43세,상해없음,승용,여,39세,경상
2013052900100280,2013년 5월 29일 13시,수요일,제주특별자치도 서귀포시 상효동,중상사고,0,1,1,0,차대차 - 측면직각충돌,신호위반,건조,맑음,교차로 - 교차로안,승용,여,46세,중상,승용,남,65세,경상
2013052900100396,2013년 5월 29일 17시,수요일,제주특별자치도 서귀포시 남원읍,중상사고,0,1,0,0,차량단독 - 공작물충돌,안전운전불이행,습기,흐림,단일로 - 기타,이륜,남,18세,상해없음,,,,
2013052900100425,2013년 5월 29일 18시,수요일,제주특별자치도 서귀포시 표선면,중상사고,0,1,0,0,차대차 - 측면직각충돌,직진우회전진행방해,건조,맑음,교차로 - 교차로안,승용,남,41세,중상,승합,남,48세,상해없음
2013052900100426,2013년 5월 29일 18시,수요일,제주특별자치도 제주시 애월읍,중상사고,0,1,0,0,차량단독 - 도로외이탈 - 기타,안전운전불이행,건조,맑음,단일로 - 기타,이륜,남,45세,중상,,,,
2013052900100512,2013년 5월 29일 21시,수요일,제주특별자치도 서귀포시 표선면,중상사고,0,1,2,0,차대차 - 측면직각충돌,직진우회전진행방해,건조,맑음,교차로 - 교차로안,승용,남,19세,경상,승용,남,58세,중상
2013052900100513,2013년 5월 29일 21시,수요일,제주특별자치도 서귀포시 법환동,중상사고,0,1,1,0,차대차 - 측면직각충돌,직진우회전진행방해,건조,맑음,교차로 - 교차로안,승용,남,18세,경상,화물,여,39세,상해없음
2013052900100572,2013년 5월 29일 23시,수요일,제주특별자치도 제주시 용담이동,중상사고,0,1,0,0,차대차 - 기타,교차로운행방법위반,건조,맑음,교차로 - 교차로안,승용,남,33세,상해없음,원동기,남,42세,중상
2013053000100032,2013년 5월 30일 01시,목요일,제주특별자치도 제주시 연동,중상사고,0,1,0,0,차대사람 - 기타,안전운전불이행,건조,맑음,단일로 - 기타,승용,남,49세,상해없음,보행자,남,32세,중상
2013053000100033,2013년 5월 30일 01시,목요일,제주특별자치도 제주시 노형동,경상사고,0,0,3,0,차대차 - 측면직각충돌,신호위반,건조,맑음,교차로 - 교차로안,승용,여,30세,경상,승용,남,32세,경상
2013053000100109,2013년 5월 30일 07시,목요일,제주특별자치도 서귀포시 남원읍,중상사고,0,1,0,0,차대차 - 측면직각충돌,직진우회전진행방해,건조,맑음,교차로 - 교차로안,원동기,남,69세,중상,화물,남,43세,상해없음
2013053000100110,2013년 5월 30일 07시,목요일,제주특별자치도 서귀포시 남원읍,중상사고,0,2,0,0,차량단독 - 공작물충돌,안전운전불이행,건조,맑음,단일로 - 기타,화물,남,64세,중상,,,,
2013053000100111,2013년 5월 30일 07시,목요일,제주특별자치도 서귀포시 남원읍,중상사고,0,1,0,0,차대사람 - 기타,기타,건조,맑음,단일로 - 기타,승용,남,31세,상해없음,보행자,여,7세,중상
2013053000100205,2013년 5월 30일 10시,목요일,제주특별자치도 제주시 연동,경상사고,0,0,1,0,차대차 - 기타,교차로운행방법위반,건조,흐림,교차로 - 교차로안,화물,남,56세,상해없음,승용,남,28세,경상
2013053000100206,2013년 5월 30일 10시,목요일,제주특별자치도 제주시 노형동,경상사고,0,0,1,0,차대차 - 측면직각충돌,안전운전불이행,건조,맑음,교차로 - 교차로부근,화물,남,59세,상해없음,승용,남,46세,경상
2013053000100265,2013년 5월 30일 12시,목요일,제주특별자치도 제주시 도남동,경상사고,0,0,1,0,차대사람 - 횡단중,안전운전불이행,건조,맑음,단일로 - 기타,기타불명,기타불명,기타불명,기타불명,보행자,남,35세,경상
2013053000100443,2013년 5월 30일 18시,목요일,제주특별자치도 제주시 봉개동,경상사고,0,0,1,0,차대차 - 측면직각충돌,과속,건조,맑음,단일로 - 기타,승용,남,38세,상해없음,승용,남,46세,경상
2013053000100549,2013년 5월 30일 21시,목요일,제주특별자치도 제주시 삼도이동,중상사고,0,1,1,0,차대차 - 측면직각충돌,안전거리미확보,건조,흐림,단일로 - 기타,원동기,남,51세,경상,승용,남,36세,상해없음
2013053000100586,2013년 5월 30일 22시,목요일,제주특별자치도 제주시 일도일동,중상사고,0,1,0,0,차대차 - 측면직각충돌,신호위반,건조,맑음,교차로 - 교차로부근,승용,남,60세,상해없음,자전거,여,29세,중상
2013053000100628,2013년 5월 30일 23시,목요일,제주특별자치도 서귀포시 동홍동,경상사고,0,0,1,1,차대차 - 측면직각충돌,신호위반,건조,맑음,교차로 - 교차로안,승용,남,30세,부상신고,승용,여,52세,경상
2013053100100026,2013년 5월 31일 00시,금요일,제주특별자치도 제주시 조천읍,경상사고,0,0,1,0,차대차 - 측면직각충돌,안전운전불이행,기타,맑음,단일로 - 기타,승용,남,37세,상해없음,화물,남,54세,상해없음
2013053100100142,2013년 5월 31일 08시,금요일,제주특별자치도 제주시 화북일동,경상사고,0,0,1,0,차량단독 - 공작물충돌,안전운전불이행,건조,맑음,교차로 - 교차로부근,승합,남,44세,상해없음,,,,
2013053100100143,2013년 5월 31일 08시,금요일,제주특별자치도 서귀포시 성산읍,중상사고,0,1,0,0,차대차 - 추돌 - 진행중,안전운전불이행,건조,맑음,단일로 - 기타,승용,여,56세,상해없음,이륜,여,74세,중상
2013053100100205,2013년 5월 31일 10시,금요일,제주특별자치도 서귀포시 색달동,중상사고,0,1,0,0,차대차 - 기타,안전운전불이행,건조,맑음,교차로 - 교차로부근,승용,남,64세,상해없음,이륜,여,64세,중상
2013053100100329,2013년 5월 31일 14시,금요일,제주특별자치도 서귀포시 대정읍,경상사고,0,0,1,0,차대차 - 기타,교차로운행방법위반,건조,맑음,교차로 - 교차로안,원동기,남,75세,경상,승용,여,23세,상해없음
2013053100100393,2013년 5월 31일 16시,금요일,제주특별자치도 서귀포시 남원읍,경상사고,0,0,1,0,차대사람 - 횡단중,보행자보호의무위반,건조,흐림,단일로 - 기타,승용,여,52세,상해없음,보행자,여,9세,경상
2013053100100430,2013년 5월 31일 17시,금요일,제주특별자치도 서귀포시 서귀동,중상사고,0,1,1,0,차대차 - 측면직각충돌,교차로운행방법위반,건조,맑음,교차로 - 교차로안,승용,남,47세,경상,화물,남,45세,상해없음
2013053100100552,2013년 5월 31일 20시,금요일,제주특별자치도 서귀포시 서귀동,경상사고,0,0,1,0,차대차 - 측면직각충돌,교차로운행방법위반,건조,맑음,교차로 - 교차로안,승용,여,33세,상해없음,원동기,남,39세,경상
2013053100100589,2013년 5월 31일 21시,금요일,제주특별자치도 제주시 연동,경상사고,0,0,1,0,차대사람 - 기타,안전운전불이행,건조,맑음,단일로 - 기타,자전거,여,34세,상해없음,보행자,남,55세,경상
2013053100100662,2013년 5월 31일 23시,금요일,제주특별자치도 제주시 삼도일동,중상사고,0,1,0,0,차대사람 - 횡단중,안전운전불이행,건조,맑음,단일로 - 기타,승용,남,23세,상해없음,보행자,남,64세,중상
2013060100100021,2013년 6월 1일 00시,토요일,제주특별자치도 제주시 일도이동,경상사고,0,0,1,0,차대차 - 측면직각충돌,안전운전불이행,건조,맑음,교차로 - 교차로부근,승용,여,29세,상해없음,승용,남,58세,상해없음
2013060100100096,2013년 6월 1일 04시,토요일,제주특별자치도 제주시 이도이동,부상신고사고,0,0,0,1,차대차 - 기타,안전거리미확보,건조,맑음,단일로 - 기타,원동기,남,18세,부상신고,승용,남,59세,상해없음
2013060100100111,2013년 6월 1일 05시,토요일,제주특별자치도 서귀포시 표선면,경상사고,0,0,1,1,차대차 - 정면충돌,중앙선침범,건조,흐림,교차로 - 교차로부근,승용,여,40세,부상신고,건설기계,남,36세,경상
2013060100100112,2013년 6월 1일 05시,토요일,제주특별자치도 제주시 애월읍,경상사고,0,0,2,0,차대차 - 추돌 - 진행중,기타,습기,흐림,단일로 - 기타,승용,남,31세,상해없음,승용,남,51세,경상
2013060100100201,2013년 6월 1일 09시,토요일,제주특별자치도 서귀포시 남원읍,중상사고,0,1,0,0,차대차 - 기타,직진우회전진행방해,습기,흐림,교차로 - 교차로안,승용,여,33세,상해없음,화물,남,31세,중상
2013060100100223,2013년 6월 1일 10시,토요일,제주특별자치도 제주시 연동,중상사고,0,1,0,0,차대차 - 기타,안전운전불이행,기타,맑음,단일로 - 기타,자전거,남,44세,중상,승용,남,39세,상해없음
2013060100100319,2013년 6월 1일 13시,토요일,제주특별자치도 서귀포시 서귀동,경상사고,0,0,1,0,차대사람 - 기타,안전운전불이행,건조,맑음,단일로 - 기타,승용,남,43세,상해없음,보행자,여,13세,경상
2013060100100455,2013년 6월 1일 17시,토요일,제주특별자치도 제주시 이도이동,중상사고,0,1,0,0,차대차 - 측면직각충돌,안전운전불이행,습기,비,단일로 - 기타,기타불명,기타불명,기타불명,기타불명,이륜,남,72세,중상
2013060100100490,2013년 6월 1일 18시,토요일,제주특별자치도 제주시 이도이동,중상사고,0,1,0,0,차대차 - 측면직각충돌,안전운전불이행,건조,맑음,단일로 - 기타,승용,여,35세,상해없음,자전거,여,66세,중상
2013060100100561,2013년 6월 1일 20시,토요일,제주특별자치도 서귀포시 서홍동,경상사고,0,0,1,0,차대사람 - 기타,중앙선침범,건조,맑음,단일로 - 기타,농기계,남,61세,상해없음,보행자,남,32세,경상
2013060100100616,2013년 6월 1일 22시,토요일,제주특별자치도 제주시 이도이동,경상사고,0,0,1,0,차대차 - 측면직각충돌,안전운전불이행,건조,맑음,단일로 - 기타,이륜,남,45세,경상,승용,남,22세,상해없음
2013060200100062,2013년 6월 2일 02시,일요일,제주특별자치도 제주시 이도이동,중상사고,0,1,0,0,차대차 - 측면직각충돌,안전운전불이행,건조,맑음,단일로 - 기타,승합,남,41세,상해없음,자전거,남,17세,중상
2013060200100130,2013년 6월 2일 07시,일요일,제주특별자치도 제주시 이도이동,경상사고,0,0,1,0,차대차 - 측면직각충돌,안전운전불이행,건조,맑음,교차로 - 교차로부근,승용,남,53세,기타불명,승용,여,25세,경상
2013060200100152,2013년 6월 2일 08시,일요일,제주특별자치도 제주시 연동,경상사고,0,0,1,0,차대차 - 측면직각충돌,안전운전불이행,건조,맑음,기타 - 기타,승용,남,25세,상해없음,원동기,남,60세,상해없음
2013060200100198,2013년 6월 2일 11시,일요일,제주특별자치도 서귀포시 하효동,중상사고,0,1,0,0,차대차 - 추돌 - 주정차중,안전운전불이행,건조,맑음,단일로 - 기타,승용,여,37세,중상,승용,남,72세,기타불명
2013060200100226,2013년 6월 2일 12시,일요일,제주특별자치도 제주시 용담이동,경상사고,0,0,3,0,차대차 - 측면직각충돌,안전운전불이행,건조,맑음,교차로 - 교차로안,승용,남,51세,상해없음,승용,남,39세,상해없음
2013060200100280,2013년 6월 2일 14시,일요일,제주특별자치도 제주시 이도이동,경상사고,0,0,1,0,차대차 - 측면직각충돌,신호위반,건조,맑음,교차로 - 교차로안,승용,남,68세,상해없음,원동기,남,72세,경상
2013060200100335,2013년 6월 2일 16시,일요일,제주특별자치도 제주시 노형동,경상사고,0,0,2,0,차대차 - 측면직각충돌,안전운전불이행,건조,맑음,교차로 - 교차로안,승용,여,50세,상해없음,원동기,남,17세,경상