사고번호,사고일시,요일,시군구,사고내용,사망자수,중상자수,경상자수,부상신고자수,사고유형,법규위반,노면상태,기상상태,도로형태,가해운전자 차종,가해운전자 성별,가해운전자 연령,가해운전자 상해정도,피해운전자 차종,피해운전자 성별,피해운전자 연령,피해운전자 상해정도
2013062400100090,2013년 6월 24일 07시,월요일,제주특별자치도 서귀포시 서홍동,경상사고,0,0,1,0,차대차 - 기타,안전거리미확보,건조,맑음,단일로 - 기타,승용,남,58세,상해없음,화물,남,38세,상해없음
2013062400100125,2013년 6월 24일 08시,월요일,제주특별자치도 제주시 이도이동,경상사고,0,0,1,0,차대차 - 측면직각충돌,안전거리미확보,건조,맑음,교차로 - 교차로부근,승용,남,66세,상해없음,승용,남,66세,경상
2013062400100126,2013년 6월 24일 08시,월요일,제주특별자치도 제주시 봉개동,경상사고,0,0,1,0,차대사람 - 횡단중,안전운전불이행,건조,맑음,단일로 - 기타,화물,남,47세,상해없음,보행자,여,10세,경상
2013062400100127,2013년 6월 24일 08시,월요일,제주특별자치도 서귀포시 남원읍,중상사고,0,1,0,0,차대차 - 기타,안전운전불이행,건조,맑음,단일로 - 기타,화물,남,66세,상해없음,승용,남,46세,중상
2013062400100156,2013년 6월 24일 09시,월요일,제주특별자치도 제주시 도남동,경상사고,0,0,2,0,차대차 - 측면직각충돌,안전운전불이행,건조,맑음,단일로 - 기타,승용,남,47세,상해없음,화물,여,19세,경상
2013062400100201,2013년 6월 24일 11시,월요일,제주특별자치도 제주시 조천읍,경상사고,0,0,1,0,차량단독 - 공작물충돌,안전거리미확보,건조,맑음,단일로 - 기타,화물,남,47세,경상,,,,
2013062400100355,2013년 6월 24일 16시,월요일,제주특별자치도 서귀포시 성산읍,경상사고,0,0,1,0,차대차 - 추돌 - 진행중,직진우회전진행방해,건조,맑음,교차로 - 교차로안,승용,남,32세,상해없음,이륜,남,20세,상해없음
2013062400100356,2013년 6월 24일 16시,월요일,제주특별자치도 서귀포시 토평동,중상사고,0,1,0,0,차대차 - 측면직각충돌,직진우회전진행방해,건조,맑음,교차로 - 교차로안,이륜,남,66세,중상,화물,남,28세,상해없음
2013062400100383,2013년 6월 24일 17시,월요일,제주특별자치도 제주시 일도이동,경상사고,0,0,1,0,차대차 - 측면직각충돌,안전운전불이행,건조,맑음,단일로 - 기타,화물,남,22세,상해없음,승용,남,55세,경상
2013062400100603,2013년 6월 24일 23시,월요일,제주특별자치도 제주시 연동,중상사고,0,1,0,0,차대사람 - 횡단중,안전운전불이행,건조,기타,교차로 - 교차로안,승용,남,42세,상해없음,보행자,남,42세,중상
2013062500100019,2013년 6월 25일 00시,화요일,제주특별자치도 제주시 연동,부상신고사고,0,0,0,1,차대사람 - 횡단중,안전운전불이행,건조,맑음,단일로 - 기타,승용,남,50세,상해없음,보행자,남,36세,부상신고
2013062500100048,2013년 6월 25일 02시,화요일,제주특별자치도 제주시 연동,경상사고,0,0,2,0,차대차 - 추돌 - 진행중,안전운전불이행,건조,흐림,교차로 - 교차로부근,승용,남,23세,상해없음,승용,남,51세,경상
2013062500100152,2013년 6월 25일 08시,화요일,제주특별자치도 제주시 조천읍,중상사고,0,1,0,0,차대차 - 측면직각충돌,중앙선침범,기타,맑음,단일로 - 기타,이륜,여,57세,상해없음,승용,여,41세,중상
2013062500100209,2013년 6월 25일 10시,화요일,제주특별자치도 서귀포시 성산읍,경상사고,0,0,1,0,차대사람 - 기타,기타,건조,맑음,단일로 - 기타,기타불명,기타불명,기타불명,기타불명,보행자,남,24세,경상
2013062500100239,2013년 6월 25일 11시,화요일,제주특별자치도 제주시 용담일동,경상사고,0,0,2,0,차대차 - 측면직각충돌,교차로운행방법위반,건조,맑음,교차로 - 교차로안,화물,남,56세,상해없음,승용,여,36세,경상
2013062500100278,2013년 6월 25일 12시,화요일,제주특별자치도 제주시 일도이동,중상사고,0,1,1,0,차대차 - 추돌 - 주정차중,안전운전불이행,건조,맑음,교차로 - 교차로부근,승용,남,66세,상해없음,화물,여,51세,중상
2013062500100279,2013년 6월 25일 12시,화요일,제주특별자치도 서귀포시 서홍동,중상사고,0,1,0,0,차대차 - 추돌 - 주정차중,안전운전불이행,건조,맑음,단일로 - 기타,승용,여,61세,중상,화물,남,57세,기타불명
2013062500100307,2013년 6월 25일 13시,화요일,제주특별자치도 제주시 한림읍,경상사고,0,0,1,0,차대차 - 추돌 - 진행중,안전거리미확보,건조,맑음,교차로 - 교차로부근,승용,여,22세,상해없음,승용,남,58세,경상
2013062500100337,2013년 6월 25일 14시,화요일,제주특별자치도 제주시 오라일동,경상사고,0,0,1,0,차대차 - 측면직각충돌,안전거리미확보,기타,맑음,단일로 - 기타,승용,남,22세,상해없음,승용,남,58세,경상
2013062500100338,2013년 6월 25일 14시,화요일,제주특별자치도 제주시 용담이동,중상사고,0,2,0,0,차대차 - 추돌 - 진행중,안전거리미확보,건조,맑음,교차로 - 교차로부근,화물,남,45세,상해없음,승용,여,29세,중상
2013062500100339,2013년 6월 25일 14시,화요일,제주특별자치도 제주시 용담삼동,부상신고사고,0,0,0,1,차대차 - 기타,안전운전불이행,습기,흐림,단일로 - 기타,화물,남,53세,상해없음,자전거,남,74세,부상신고
2013062500100365,2013년 6월 25일 15시,화요일,제주특별자치도 제주시 건입동,중상사고,0,1,1,0,차대차 - 측면직각충돌,교차로운행방법위반,습기,흐림,교차로 - 교차로안,승용,여,36세,중상,승용,남,60세,경상
2013062500100438,2013년 6월 25일 17시,화요일,제주특별자치도 제주시 도남동,경상사고,0,0,1,0,차대차 - 측면직각충돌,안전거리미확보,습기,비,단일로 - 기타,승용,남,40세,상해없음,승용,남,48세,상해없음
2013062500100439,2013년 6월 25일 17시,화요일,제주특별자치도 제주시 오라이동,중상사고,0,1,1,0,차대차 - 측면직각충돌,교차로운행방법위반,습기,비,교차로 - 교차로안,승용,여,43세,상해없음,승용,여,45세,중상
2013062500100440,2013년 6월 25일 17시,화요일,제주특별자치도 서귀포시 성산읍,중상사고,0,1,0,1,차대차 - 기타,안전운전불이행,습기,비,단일로 - 기타,화물,남,62세,부상신고,승용,남,63세,기타불명
2013062500100441,2013년 6월 25일 17시,화요일,제주특별자치도 서귀포시 중문동,중상사고,0,1,1,0,차대차 - 정면충돌,중앙선침범,습기,흐림,단일로 - 기타,승용,여,52세,경상,승용,남,56세,중상
2013062500100442,2013년 6월 25일 17시,화요일,제주특별자치도 제주시 연동,경상사고,0,0,1,0,차대차 - 추돌 - 진행중,직진우회전진행방해,습기,비,교차로 - 교차로안,승합,남,43세,상해없음,승용,남,66세,상해없음
2013062500100491,2013년 6월 25일 18시,화요일,제주특별자치도 제주시 이도일동,중상사고,0,1,0,0,차대사람 - 횡단중,보행자보호의무위반,습기,비,교차로 - 교차로안,승용,남,46세,상해없음,보행자,남,14세,중상
2013062500100524,2013년 6월 25일 19시,화요일,제주특별자치도 제주시 노형동,중상사고,0,1,0,0,차대사람 - 횡단중,보행자보호의무위반,습기,비,단일로 - 횡단보도상,승용,남,26세,상해없음,보행자,여,24세,중상
2013062500100572,2013년 6월 25일 20시,화요일,제주특별자치도 제주시 이도이동,경상사고,0,0,1,0,차대차 - 측면직각충돌,안전운전불이행,습기,비,단일로 - 기타,승용,여,29세,상해없음,승용,여,49세,경상
2013062500100573,2013년 6월 25일 20시,화요일,제주특별자치도 서귀포시 신효동,경상사고,0,0,2,0,차대차 - 추돌 - 주정차중,안전운전불이행,습기,비,교차로 - 교차로안,화물,남,51세,상해없음,화물,여,43세,경상
2013062500100620,2013년 6월 25일 21시,화요일,제주특별자치도 제주시 애월읍,경상사고,0,0,2,0,차대차 - 추돌 - 진행중,안전운전불이행,습기,비,단일로 - 기타,승용,여,51세,경상,승용,남,24세,상해없음
2013062500100651,2013년 6월 25일 22시,화요일,제주특별자치도 제주시 봉개동,중상사고,0,1,0,0,차량단독 - 공작물충돌,안전운전불이행,습기,비,단일로 - 기타,승용,남,43세,중상,,,,
2013062500100685,2013년 6월 25일 23시,화요일,제주특별자치도 제주시 연동,경상사고,0,0,1,0,차대사람 - 기타,안전운전불이행,건조,맑음,교차로 - 교차로안,승용,여,40세,상해없음,보행자,여,46세,경상
2013062600100143,2013년 6월 26일 07시,수요일,제주특별자치도 제주시 도남동,경상사고,0,0,2,0,차대차 - 측면직각충돌,교차로운행방법위반,기타,맑음,교차로 - 교차로안,승용,남,68세,상해없음,승용,여,31세,경상
2013062600100187,2013년 6월 26일 08시,수요일,제주특별자치도 제주시 건입동,중상사고,0,1,0,0,차량단독 - 공작물충돌,안전운전불이행,건조,맑음,단일로 - 기타,승합,남,44세,상해없음,,,,
2013062600100247,2013년 6월 26일 10시,수요일,제주특별자치도 제주시 조천읍,경상사고,0,0,3,0,차대차 - 측면직각충돌,교차로운행방법위반,건조,흐림,교차로 - 교차로안,화물,남,73세,상해없음,승용,여,47세,상해없음
2013062600100248,2013년 6월 26일 10시,수요일,제주특별자치도 서귀포시 남원읍,중상사고,0,1,0,0,차대사람 - 기타,신호위반,건조,흐림,단일로 - 기타,화물,남,64세,상해없음,보행자,여,72세,중상
2013062600100249,2013년 6월 26일 10시,수요일,제주특별자치도 제주시 외도일동,경상사고,0,0,1,0,차대차 - 측면직각충돌,안전거리미확보,건조,맑음,단일로 - 기타,승용,여,32세,상해없음,승합,남,41세,상해없음
2013062600100380,2013년 6월 26일 15시,수요일,제주특별자치도 서귀포시 서홍동,경상사고,0,0,1,0,차대사람 - 횡단중,신호위반,건조,맑음,단일로 - 기타,승용,여,39세,상해없음,보행자,남,9세,경상
2013062600100381,2013년 6월 26일 15시,수요일,제주특별자치도 제주시 외도일동,중상사고,0,1,0,0,차대사람 - 기타,안전운전불이행,건조,맑음,단일로 - 기타,승용,남,29세,상해없음,보행자,남,8세,중상
2013062600100456,2013년 6월 26일 17시,수요일,제주특별자치도 제주시 조천읍,부상신고사고,0,0,0,2,차대차 - 측면직각충돌,중앙선침범,건조,맑음,단일로 - 기타,승용,남,19세,기타불명,승용,남,29세,부상신고
2013062600100457,2013년 6월 26일 17시,수요일,제주특별자치도 제주시 연동,경상사고,0,0,1,0,차대차 - 기타,안전운전불이행,건조,맑음,기타 - 기타,승용,남,57세,기타불명,승용,남,35세,경상
2013062600100501,2013년 6월 26일 18시,수요일,제주특별자치도 제주시 조천읍,경상사고,0,0,1,0,차량단독 - 공작물충돌,안전운전불이행,건조,맑음,단일로 - 기타,승합,남,39세,상해없음,,,,
2013062600100536,2013년 6월 26일 19시,수요일,제주특별자치도 제주시 구좌읍,중상사고,0,1,0,0,차대차 - 측면직각충돌,안전운전불이행,건조,맑음,단일로 - 기타,화물,남,61세,상해없음,원동기,남,71세,중상
2013062600100537,2013년 6월 26일 19시,수요일,제주특별자치도 서귀포시 성산읍,사망사고,1,0,0,0,차대사람 - 횡단중,보행자보호의무위반,건조,맑음,교차로 - 교차로안,승용,남,26세,상해없음,보행자,남,71세,사망
2013062600100634,2013년 6월 26일 22시,수요일,제주특별자치도 제주시 일도이동,중상사고,0,1,0,0,차량단독 - 공작물충돌,안전운전불이행,건조,맑음,교차로 - 교차로안,원동기,남,18세,중상,,,,
2013062600100635,2013년 6월 26일 22시,수요일,제주특별자치도 서귀포시 남원읍,중상사고,0,1,0,0,차대차 - 추돌 - 주정차중,안전운전불이행,건조,흐림,교차로 - 교차로부근,화물,남,55세,상해없음,승용,남,56세,상해없음
2013062600100636,2013년 6월 26일 22시,수요일,제주특별자치도 제주시 노형동,경상사고,0,0,1,0,차대차 - 기타,안전운전불이행,건조,맑음,교차로 - 교차로안,승용,남,28세,상해없음,승용,여,53세,경상
2013062600100661,2013년 6월 26일 23시,수요일,제주특별자치도 서귀포시 서귀동,중상사고,0,1,0,0,차대사람 - 기타,안전운전불이행,건조,맑음,교차로 - 교차로안,승용,남,44세,상해없음,보행자,남,53세,중상
2013062700100147,2013년 6월 27일 09시,목요일,제주특별자치도 제주시 이도이동,부상신고사고,0,0,0,1,차대차 - 측면직각충돌,안전거리미확보,건조,맑음,단일로 - 기타,승용,여,45세,상해없음,승용,남,45세,부상신고
2013062700100280,2013년 6월 27일 14시,목요일,제주특별자치도 제주시 조천읍,중상사고,0,3,4,0,차대차 - 측면직각충돌,중앙선침범,습기,비,단일로 - 기타,승용,남,65세,경상,승합,남,43세,경상
2013062700100337,2013년 6월 27일 16시,목요일,제주특별자치도 제주시 삼양이동,경상사고,0,0,1,0,차대차 - 측면직각충돌,안전운전불이행,습기,비,교차로 - 교차로안,기타불명,기타불명,기타불명,기타불명,자전거,남,15세,경상
2013062700100414,2013년 6월 27일 18시,목요일,제주특별자치도 서귀포시 동홍동,경상사고,0,0,1,0,차대차 - 추돌 - 진행중,안전운전불이행,건조,맑음,교차로 - 교차로부근,승용,여,50세,상해없음,승용,남,41세,경상
2013062700100415,2013년 6월 27일 18시,목요일,제주특별자치도 제주시 연동,경상사고,0,0,3,0,차대차 - 기타,안전운전불이행,습기,비,교차로 - 교차로부근,승용,남,54세,상해없음,승용,여,39세,경상
2013062700100502,2013년 6월 27일 21시,목요일,제주특별자치도 제주시 노형동,중상사고,0,1,2,0,차대차 - 기타,안전거리미확보,건조,맑음,교차로 - 교차로부근,승용,남,34세,경상,승용,남,61세,상해없음
2013062700100535,2013년 6월 27일 22시,목요일,제주특별자치도 제주시 삼양이동,경상사고,0,0,2,0,차대차 - 측면직각충돌,신호위반,습기,비,교차로 - 교차로부근,승용,남,49세,상해없음,승용,남,42세,경상
2013062800100165,2013년 6월 28일 08시,금요일,제주특별자치도 제주시 오라일동,경상사고,0,0,2,0,차대차 - 측면직각충돌,직진우회전진행방해,건조,맑음,교차로 - 교차로안,승용,남,65세,상해없음,화물,남,39세,경상
2013062800100215,2013년 6월 28일 10시,금요일,제주특별자치도 제주시 이도이동,경상사고,0,0,2,0,차대차 - 측면직각충돌,신호위반,건조,맑음,교차로 - 교차로안,승용,남,71세,경상,승용,여,34세,경상
2013062800100251,2013년 6월 28일 11시,금요일,제주특별자치도 제주시 이도일동,경상사고,0,0,1,0,차대사람 - 횡단중,안전운전불이행,건조,맑음,단일로 - 기타,승용,남,39세,상해없음,보행자,남,38세,경상
2013062800100272,2013년 6월 28일 12시,금요일,제주특별자치도 서귀포시 대정읍,경상사고,0,0,1,0,차대차 - 기타,불법유턴,건조,맑음,교차로 - 교차로부근,승용,남,73세,상해없음,화물,남,33세,경상
2013062800100273,2013년 6월 28일 12시,금요일,제주특별자치도 서귀포시 남원읍,중상사고,0,1,0,0,차대차 - 기타,직진우회전진행방해,건조,맑음,교차로 - 교차로안,원동기,남,66세,중상,승합,여,52세,상해없음
2013062800100274,2013년 6월 28일 12시,금요일,제주특별자치도 서귀포시 남원읍,중상사고,0,1,1,0,차대차 - 기타,직진우회전진행방해,건조,맑음,교차로 - 교차로안,승용,여,25세,경상,승용,남,64세,중상
2013062800100275,2013년 6월 28일 12시,금요일,제주특별자치도 제주시 노형동,경상사고,0,0,2,0,차대차 - 측면직각충돌,안전거리미확보,건조,맑음,단일로 - 기타,승용,남,26세,상해없음,승용,남,30세,경상
2013062800100303,2013년 6월 28일 13시,금요일,제주특별자치도 제주시 오라일동,경상사고,0,0,3,0,차대차 - 추돌 - 주정차중,안전거리미확보,건조,맑음,단일로 - 기타,화물,남,56세,상해없음,승용,남,46세,경상
2013062800100304,2013년 6월 28일 13시,금요일,제주특별자치도 제주시 용담삼동,경상사고,0,0,1,0,차대사람 - 기타,안전운전불이행,건조,맑음,단일로 - 기타,승용,남,34세,상해없음,보행자,여,16세,경상
2013062800100377,2013년 6월 28일 15시,금요일,제주특별자치도 서귀포시 서홍동,경상사고,0,0,1,0,차대사람 - 기타,보행자보호의무위반,건조,맑음,단일로 - 기타,승용,여,47세,상해없음,보행자,남,9세,경상
2013062800100462,2013년 6월 28일 17시,금요일,제주특별자치도 제주시 노형동,중상사고,0,1,0,0,차대사람 - 기타,안전운전불이행,건조,흐림,교차로 - 교차로안,승용,여,39세,상해없음,보행자,남,12세,중상
2013062800100491,2013년 6월 28일 18시,금요일,제주특별자치도 서귀포시 표선면,경상사고,0,0,2,1,차대차 - 추돌 - 진행중,안전운전불이행,건조,흐림,교차로 - 교차로부근,승용,여,42세,부상신고,승용,남,37세,상해없음
2013062800100492,2013년 6월 28일 18시,금요일,제주특별자치도 제주시 연동,경상사고,0,0,1,0,차대차 - 측면직각충돌,신호위반,건조,맑음,교차로 - 교차로안,승용,여,53세,상해없음,승용,남,32세,경상
2013062800100524,2013년 6월 28일 19시,금요일,제주특별자치도 제주시 노형동,경상사고,0,0,1,0,차대사람 - 횡단중,보행자보호의무위반,건조,맑음,교차로 - 교차로부근,승용,남,38세,상해없음,보행자,남,21세,경상
2013062800100561,2013년 6월 28일 20시,금요일,제주특별자치도 제주시 용담일동,경상사고,0,0,1,0,차대차 - 추돌 - 주정차중,안전운전불이행,건조,맑음,교차로 - 교차로부근,승용,여,38세,상해없음,승용,남,52세,경상
2013062800100562,2013년 6월 28일 20시,금요일,제주특별자치도 제주시 용담일동,경상사고,0,0,1,0,차대차 - 측면직각충돌,교차로운행방법위반,건조,맑음,교차로 - 교차로안,승용,남,71세,상해없음,승용,남,27세,상해없음
2013062900100154,2013년 6월 29일 08시,토요일,제주특별자치도 서귀포시 남원읍,경상사고,0,0,1,0,차대차 - 추돌 - 진행중,안전운전불이행,건조,맑음,단일로 - 기타,승용,여,58세,기타불명,화물,여,66세,경상
2013062900100206,2013년 6월 29일 10시,토요일,제주특별자치도 서귀포시 안덕면,경상사고,0,0,1,0,차량단독 - 공작물충돌,안전운전불이행,건조,맑음,단일로 - 기타,원동기,남,19세,경상,,,,
2013062900100231,2013년 6월 29일 11시,토요일,제주특별자치도 서귀포시 성산읍,경상사고,0,0,1,0,차대사람 - 길가장자리구역통행중,안전운전불이행,건조,맑음,교차로 - 교차로부근,화물,남,43세,상해없음,보행자,남,60세,경상
2013062900100274,2013년 6월 29일 12시,토요일,제주특별자치도 제주시 오라일동,경상사고,0,0,1,0,차대차 - 측면직각충돌,안전운전불이행,건조,맑음,단일로 - 기타,승합,여,31세,상해없음,승용,남,62세,경상
2013062900100275,2013년 6월 29일 12시,토요일,제주특별자치도 서귀포시 안덕면,사망사고,1,1,0,0,차량단독 - 기타,안전운전불이행,건조,맑음,교차로 - 교차로안,원동기,남,25세,사망,,,,
2013062900100317,2013년 6월 29일 13시,토요일,제주특별자치도 제주시 이도이동,경상사고,0,0,1,0,차대차 - 측면직각충돌,신호위반,건조,맑음,교차로 - 교차로안,승용,남,25세,상해없음,이륜,남,40세,경상
2013062900100318,2013년 6월 29일 13시,토요일,제주특별자치도 제주시 일도일동,경상사고,0,0,1,0,차대사람 - 횡단중,신호위반,기타,맑음,단일로 - 횡단보도부근,자전거,남,29세,상해없음,보행자,여,72세,경상
2013062900100319,2013년 6월 29일 13시,토요일,제주특별자치도 제주시 일도이동,경상사고,0,0,1,0,차대차 - 측면직각충돌,안전거리미확보,건조,맑음,단일로 - 기타,승용,남,36세,상해없음,이륜,남,33세,경상
2013062900100320,2013년 6월 29일 13시,토요일,제주특별자치도 제주시 연동,경상사고,0,0,1,0,차대차 - 기타,직진우회전진행방해,건조,맑음,단일로 - 기타,승용,남,40세,상해없음,이륜,남,24세,경상
2013062900100379,2013년 6월 29일 15시,토요일,제주특별자치도 제주시 노형동,부상신고사고,0,0,0,1,차대차 - 기타,안전운전불이행,건조,맑음,단일로 - 기타,승용,여,51세,상해없음,승용,남,47세,부상신고
2013062900100424,2013년 6월 29일 16시,토요일,제주특별자치도 제주시 이도이동,경상사고,0,0,3,0,차대차 - 측면직각충돌,신호위반,건조,맑음,교차로 - 교차로안,승용,여,41세,경상,승용,남,50세,경상
2013062900100654,2013년 6월 29일 22시,토요일,제주특별자치도 서귀포시 토평동,중상사고,0,2,0,0,차대차 - 추돌 - 진행중,안전운전불이행,건조,맑음,단일로 - 기타,승용,남,35세,상해없음,승용,남,52세,중상
2013062900100680,2013년 6월 29일 23시,토요일,제주특별자치도 제주시 이도이동,경상사고,0,0,1,0,차대차 - 측면직각충돌,차로위반,건조,흐림,단일로 - 기타,승용,남,67세,상해없음,승용,여,23세,경상
2013063000100036,2013년 6월 30일 01시,일요일,제주특별자치도 제주시 연동,경상사고,0,0,1,0,차대차 - 기타,안전거리미확보,건조,맑음,단일로 - 기타,승용,남,33세,상해없음,승용,남,53세,경상
2013063000100089,2013년 6월 30일 04시,일요일,제주특별자치도 제주시 도두이동,중상사고,0,1,0,0,차대사람 - 기타,안전운전불이행,건조,기타,단일로 - 기타,승용,남,48세,상해없음,보행자,남,21세,중상
2013063000100140,2013년 6월 30일 07시,일요일,제주특별자치도 제주시 조천읍,중상사고,0,1,0,0,차량단독 - 공작물충돌,안전운전불이행,습기,안개,단일로 - 기타,승용,남,44세,중상,,,,
2013063000100215,2013년 6월 30일 11시,일요일,제주특별자치도 제주시 일도이동,경상사고,0,0,1,0,차대차 - 측면직각충돌,안전운전불이행,기타,맑음,단일로 - 횡단보도부근,승용,여,31세,상해없음,자전거,남,47세,경상
2013063000100233,2013년 6월 30일 12시,일요일,제주특별자치도 제주시 봉개동,중상사고,0,1,1,0,차대차 - 측면직각충돌,차로위반,습기,비,단일로 - 기타,승용,남,62세,경상,승용,남,58세,상해없음
2013063000100234,2013년 6월 30일 12시,일요일,제주특별자치도 제주시 오라삼동,경상사고,0,0,1,0,차대차 - 기타,안전운전불이행,건조,맑음,단일로 - 기타,승용,여,52세,상해없음,승합,남,61세,경상
2013063000100262,2013년 6월 30일 13시,일요일,제주특별자치도 제주시 구좌읍,중상사고,0,1,0,0,차대사람 - 횡단중,안전운전불이행,건조,맑음,단일로 - 기타,승용,남,41세,상해없음,보행자,남,6세,중상
2013063000100263,2013년 6월 30일 13시,일요일,제주특별자치도 제주시 삼도일동,중상사고,0,1,0,0,차대차 - 측면직각충돌,신호위반,건조,맑음,교차로 - 교차로부근,승용,남,25세,상해없음,이륜,남,54세,중상
2013063000100289,2013년 6월 30일 14시,일요일,제주특별자치도 제주시 노형동,부상신고사고,0,0,0,1,차대사람 - 길가장자리구역통행중,안전운전불이행,건조,맑음,단일로 - 기타,승용,여,45세,상해없음,보행자,여,91세,부상신고
2013063000100362,2013년 6월 30일 16시,일요일,제주특별자치도 서귀포시 성산읍,중상사고,0,1,0,1,차량단독 - 공작물충돌,안전운전불이행,습기,흐림,단일로 - 기타,승용,남,26세,부상신고,,,,
2013063000100392,2013년 6월 30일 17시,일요일,제주특별자치도 제주시 한림읍,중상사고,0,1,0,0,차량단독 - 공작물충돌,안전운전불이행,건조,맑음,단일로 - 기타,화물,남,63세,상해없음,,,,
2013063000100531,2013년 6월 30일 23시,일요일,제주특별자치도 제주시 용담일동,경상사고,0,0,2,0,차대차 - 측면직각충돌,교차로운행방법위반,건조,맑음,교차로 - 교차로안,승용,여,27세,경상,승용,남,24세,경상
2013070100100177,2013년 7월 1일 10시,월요일,제주특별자치도 제주시 삼도일동,중상사고,0,1,0,0,차대사람 - 보도통행중,기타,건조,맑음,단일로 - 기타,화물,남,25세,상해없음,보행자,여,80세,중상
2013070100100178,2013년 7월 1일 10시,월요일,제주특별자치도 제주시 연동,경상사고,0,0,1,0,차대사람 - 횡단중,기타,건조,맑음,교차로 - 교차로부근,화물,남,26세,상해없음,보행자,여,67세,경상
2013070100100265,2013년 7월 1일 13시,월요일,제주특별자치도 제주시 연동,경상사고,0,0,4,0,차대차 - 측면직각충돌,안전거리미확보,건조,맑음,교차로 - 교차로안,승용,남,47세,경상,승용,남,48세,경상
2013070100100294,2013년 7월 1일 14시,월요일,제주특별자치도 제주시 조천읍,부상신고사고,0,0,0,1,차량단독 - 공작물충돌,안전운전불이행,건조,맑음,단일로 - 기타,이륜,남,76세,부상신고,,,,
2013070100100295,2013년 7월 1일 14시,월요일,제주특별자치도 제주시 애월읍,부상신고사고,0,0,0,1,차대차 - 추돌 - 진행중,교차로운행방법위반,건조,맑음,교차로 - 교차로부근,건설기계,남,43세,상해없음,승용,남,54세,부상신고
2013070100100398,2013년 7월 1일 17시,월요일,제주특별자치도 제주시 이도이동,경상사고,0,0,1,0,차대차 - 측면직각충돌,안전운전불이행,건조,맑음,단일로 - 횡단보도부근,승합,남,46세,상해없음,이륜,남,40세,경상
2013070100100399,2013년 7월 1일 17시,월요일,제주특별자치도 제주시 삼양이동,중상사고,0,1,0,0,차대차 - 측면직각충돌,중앙선침범,건조,맑음,교차로 - 교차로부근,승용,남,65세,상해없음,이륜,남,17세,중상
2013070100100400,2013년 7월 1일 17시,월요일,제주특별자치도 서귀포시 성산읍,경상사고,0,0,1,0,차대차 - 기타,안전운전불이행,건조,맑음,교차로 - 교차로안,이륜,남,59세,경상,승용,남,50세,상해없음
2013070100100422,2013년 7월 1일 18시,월요일,제주특별자치도 제주시 삼도일동,경상사고,0,0,1,0,차대차 - 측면직각충돌,중앙선침범,건조,맑음,단일로 - 기타,승용,남,48세,상해없음,승용,남,44세,경상
2013070100100423,2013년 7월 1일 18시,월요일,제주특별자치도 제주시 오라삼동,경상사고,0,0,1,0,차대차 - 기타,안전운전불이행,건조,맑음,단일로 - 기타,화물,남,53세,상해없음,자전거,남,32세,경상
2013070100100480,2013년 7월 1일 20시,월요일,제주특별자치도 제주시 우도면,중상사고,0,1,0,0,차대차 - 측면직각충돌,안전운전불이행,건조,맑음,단일로 - 기타,화물,여,42세,상해없음,원동기,여,59세,중상
2013070100100481,2013년 7월 1일 20시,월요일,제주특별자치도 제주시 이도이동,경상사고,0,0,1,0,차대차 - 측면직각충돌,안전운전불이행,건조,맑음,교차로 - 교차로안,승용,여,40세,상해없음,이륜,남,30세,경상
2013070200100130,2013년 7월 2일 07시,화요일,제주특별자치도 제주시 한림읍,경상사고,0,0,2,0,차대차 - 측면직각충돌,중앙선침범,건조,맑음,단일로 - 기타,화물,남,76세,상해없음,승용,남,28세,경상
2013070200100151,2013년 7월 2일 08시,화요일,제주특별자치도 제주시 도남동,경상사고,0,0,3,0,차대차 - 측면직각충돌,안전거리미확보,기타,맑음,단일로 - 기타,승용,남,34세,상해없음,승용,여,47세,경상
2013070200100188,2013년 7월 2일 09시,화요일,제주특별자치도 제주시 이호이동,중상사고,0,1,0,0,차대차 - 측면직각충돌,안전거리미확보,건조,맑음,단일로 - 기타,승용,여,31세,상해없음,승용,남,37세,중상
2013070200100235,2013년 7월 2일 11시,화요일,제주특별자치도 서귀포시 표선면,경상사고,0,0,1,0,차대차 - 기타,안전운전불이행,건조,맑음,단일로 - 기타,승용,여,65세,상해없음,승용,여,49세,경상
2013070200100254,2013년 7월 2일 12시,화요일,제주특별자치도 서귀포시 강정동,부상신고사고,0,0,0,1,차량단독 - 공작물충돌,기타,건조,맑음,단일로 - 기타,승용,남,39세,부상신고,,,,
2013070200100305,2013년 7월 2일 14시,화요일,제주특별자치도 제주시 용담이동,중상사고,0,1,0,0,차대사람 - 횡단중,기타,기타,맑음,단일로 - 기타,화물,남,55세,상해없음,보행자,여,84세,중상