사고번호,사고일시,요일,시군구,사고내용,사망자수,중상자수,경상자수,부상신고자수,사고유형,법규위반,노면상태,기상상태,도로형태,가해운전자 차종,가해운전자 성별,가해운전자 연령,가해운전자 상해정도,피해운전자 차종,피해운전자 성별,피해운전자 연령,피해운전자 상해정도
2013070200100306,2013년 7월 2일 14시,화요일,제주특별자치도 제주시 화북일동,경상사고,0,0,1,0,차대사람 - 횡단중,보행자보호의무위반,건조,맑음,교차로 - 교차로부근,이륜,남,31세,상해없음,보행자,여,9세,경상
2013070200100307,2013년 7월 2일 14시,화요일,제주특별자치도 서귀포시 중문동,부상신고사고,0,0,0,1,차대차 - 측면직각충돌,안전운전불이행,건조,맑음,교차로 - 교차로안,화물,남,57세,부상신고,건설기계,남,36세,상해없음
2013070200100332,2013년 7월 2일 15시,화요일,제주특별자치도 제주시 오라일동,경상사고,0,0,1,0,차대차 - 측면직각충돌,안전거리미확보,건조,맑음,교차로 - 교차로부근,승용,남,27세,상해없음,승합,남,35세,상해없음
2013070200100410,2013년 7월 2일 17시,화요일,제주특별자치도 제주시 용담이동,중상사고,0,1,0,0,차대차 - 기타,안전운전불이행,건조,맑음,단일로 - 기타,화물,남,30세,상해없음,승용,여,27세,기타불명
2013070200100411,2013년 7월 2일 17시,화요일,제주특별자치도 제주시 한림읍,중상사고,0,1,0,0,차대사람 - 기타,안전운전불이행,건조,맑음,교차로 - 교차로부근,승용,남,45세,상해없음,보행자,여,62세,중상
2013070200100450,2013년 7월 2일 18시,화요일,제주특별자치도 제주시 연동,경상사고,0,0,1,0,차대차 - 기타,교차로운행방법위반,건조,맑음,교차로 - 교차로안,승용,여,43세,상해없음,승용,여,43세,상해없음
2013070200100559,2013년 7월 2일 21시,화요일,제주특별자치도 제주시 일도일동,경상사고,0,0,1,0,차대차 - 추돌 - 주정차중,안전운전불이행,건조,맑음,기타 - 기타,승용,여,47세,경상,승용,여,60세,기타불명
2013070200100560,2013년 7월 2일 21시,화요일,제주특별자치도 서귀포시 법환동,중상사고,0,1,0,0,차대차 - 기타,안전거리미확보,건조,맑음,교차로 - 교차로부근,승용,여,39세,상해없음,승용,남,47세,중상
2013070300100015,2013년 7월 3일 00시,수요일,제주특별자치도 제주시 이도이동,경상사고,0,0,2,0,차대차 - 측면직각충돌,교차로운행방법위반,건조,맑음,교차로 - 교차로안,승용,남,49세,상해없음,승용,남,62세,상해없음
2013070300100082,2013년 7월 3일 06시,수요일,제주특별자치도 제주시 노형동,경상사고,0,0,3,0,차대차 - 추돌 - 진행중,직진우회전진행방해,건조,흐림,교차로 - 교차로안,승용,여,44세,경상,승용,남,56세,경상
2013070300100139,2013년 7월 3일 08시,수요일,제주특별자치도 제주시 노형동,경상사고,0,0,1,0,차대사람 - 기타,보행자보호의무위반,습기,흐림,단일로 - 기타,승용,남,55세,상해없음,보행자,남,23세,경상
2013070300100194,2013년 7월 3일 10시,수요일,제주특별자치도 제주시 삼도일동,중상사고,0,1,0,0,차대사람 - 횡단중,보행자보호의무위반,건조,맑음,단일로 - 횡단보도상,승용,여,25세,상해없음,보행자,여,50세,중상
2013070300100220,2013년 7월 3일 11시,수요일,제주특별자치도 제주시 건입동,경상사고,0,0,1,0,차대차 - 측면직각충돌,교차로운행방법위반,기타,맑음,교차로 - 교차로안,화물,남,56세,경상,화물,남,49세,상해없음
2013070300100248,2013년 7월 3일 12시,수요일,제주특별자치도 서귀포시 동홍동,경상사고,0,0,1,0,차대차 - 기타,중앙선침범,건조,맑음,단일로 - 기타,승용,남,38세,상해없음,원동기,남,36세,경상
2013070300100339,2013년 7월 3일 15시,수요일,제주특별자치도 제주시 영평동,경상사고,0,0,1,0,차대차 - 측면직각충돌,신호위반,건조,맑음,교차로 - 교차로안,승용,남,61세,상해없음,승용,남,44세,경상
2013070300100369,2013년 7월 3일 16시,수요일,제주특별자치도 제주시 노형동,중상사고,0,1,0,0,차대사람 - 횡단중,보행자보호의무위반,습기,흐림,단일로 - 기타,승용,여,49세,상해없음,보행자,여,71세,중상
2013070300100454,2013년 7월 3일 18시,수요일,제주특별자치도 제주시 용담일동,부상신고사고,0,0,0,1,차대사람 - 횡단중,안전운전불이행,건조,맑음,단일로 - 기타,승용,남,52세,상해없음,보행자,남,4세,부상신고
2013070300100485,2013년 7월 3일 19시,수요일,제주특별자치도 제주시 조천읍,중상사고,0,3,2,0,차대차 - 정면충돌,중앙선침범,건조,맑음,단일로 - 기타,승용,남,28세,경상,승용,여,38세,중상
2013070300100511,2013년 7월 3일 20시,수요일,제주특별자치도 제주시 용담이동,중상사고,0,1,0,0,차대사람 - 횡단중,보행자보호의무위반,건조,기타,교차로 - 교차로안,화물,남,44세,상해없음,보행자,남,70세,중상
2013070300100550,2013년 7월 3일 21시,수요일,제주특별자치도 제주시 이도이동,경상사고,0,0,2,0,차대차 - 측면직각충돌,안전거리미확보,건조,맑음,단일로 - 기타,승용,여,63세,상해없음,승용,여,47세,경상
2013070300100551,2013년 7월 3일 21시,수요일,제주특별자치도 제주시 노형동,경상사고,0,0,1,0,차대차 - 측면직각충돌,교차로운행방법위반,건조,맑음,교차로 - 교차로안,승용,남,50세,상해없음,이륜,남,28세,경상
2013070300100576,2013년 7월 3일 22시,수요일,제주특별자치도 제주시 조천읍,중상사고,0,1,2,0,차대차 - 측면직각충돌,신호위반,건조,맑음,교차로 - 교차로안,승용,남,55세,상해없음,승용,남,42세,경상
2013070300100604,2013년 7월 3일 23시,수요일,제주특별자치도 서귀포시 토평동,부상신고사고,0,0,0,1,차량단독 - 공작물충돌,안전운전불이행,건조,맑음,교차로 - 교차로부근,승용,남,31세,부상신고,,,,
2013070300100605,2013년 7월 3일 23시,수요일,제주특별자치도 서귀포시 서귀동,경상사고,0,0,1,0,차대차 - 기타,안전운전불이행,건조,흐림,단일로 - 기타,승용,여,29세,상해없음,승용,남,54세,상해없음
2013070400100047,2013년 7월 4일 02시,목요일,제주특별자치도 제주시 용담일동,경상사고,0,0,2,0,차대차 - 측면직각충돌,교차로운행방법위반,건조,맑음,교차로 - 교차로안,승용,남,29세,상해없음,승용,남,53세,경상
2013070400100175,2013년 7월 4일 09시,목요일,제주특별자치도 서귀포시 성산읍,중상사고,0,1,0,0,차대차 - 측면직각충돌,신호위반,건조,맑음,교차로 - 교차로안,승용,여,37세,상해없음,승용,남,23세,중상
2013070400100176,2013년 7월 4일 09시,목요일,제주특별자치도 제주시 노형동,중상사고,0,1,1,0,차대차 - 추돌 - 진행중,직진우회전진행방해,습기,비,교차로 - 교차로안,승용,여,46세,경상,승용,여,45세,중상
2013070400100226,2013년 7월 4일 11시,목요일,제주특별자치도 제주시 아라일동,경상사고,0,0,1,0,차대차 - 측면직각충돌,신호위반,건조,맑음,교차로 - 교차로안,승용,남,69세,상해없음,승용,남,35세,경상
2013070400100276,2013년 7월 4일 13시,목요일,제주특별자치도 제주시 일도이동,경상사고,0,0,1,0,차대차 - 측면직각충돌,안전운전불이행,기타,맑음,단일로 - 기타,자전거,남,60세,경상,승용,여,50세,상해없음
2013070400100277,2013년 7월 4일 13시,목요일,제주특별자치도 서귀포시 중문동,중상사고,0,1,0,0,차대사람 - 기타,안전운전불이행,건조,맑음,기타 - 기타,화물,남,38세,상해없음,보행자,여,73세,중상
2013070400100344,2013년 7월 4일 16시,목요일,제주특별자치도 제주시 이도이동,중상사고,0,1,0,0,차대차 - 측면직각충돌,신호위반,건조,맑음,단일로 - 횡단보도상,승용,여,42세,상해없음,이륜,남,26세,중상
2013070400100370,2013년 7월 4일 17시,목요일,제주특별자치도 제주시 구좌읍,경상사고,0,0,1,0,차대차 - 측면직각충돌,안전운전불이행,건조,맑음,단일로 - 기타,화물,남,32세,상해없음,승용,여,43세,경상
2013070400100371,2013년 7월 4일 17시,목요일,제주특별자치도 제주시 삼도일동,경상사고,0,0,1,0,차대차 - 측면직각충돌,안전운전불이행,기타,맑음,단일로 - 기타,기타불명,기타불명,기타불명,기타불명,승용,남,43세,상해없음
2013070400100372,2013년 7월 4일 17시,목요일,제주특별자치도 제주시 한림읍,중상사고,0,1,1,0,차대차 - 기타,중앙선침범,건조,맑음,교차로 - 교차로부근,승용,남,39세,경상,화물,남,44세,중상
2013070400100502,2013년 7월 4일 20시,목요일,제주특별자치도 서귀포시 하원동,경상사고,0,0,2,0,차량단독 - 공작물충돌,안전운전불이행,건조,맑음,단일로 - 기타,승용,남,56세,경상,,,,
2013070400100503,2013년 7월 4일 20시,목요일,제주특별자치도 제주시 노형동,부상신고사고,0,0,0,1,차대사람 - 기타,안전운전불이행,건조,맑음,단일로 - 기타,승용,남,31세,상해없음,보행자,여,44세,부상신고
2013070400100648,2013년 7월 4일 23시,목요일,제주특별자치도 제주시 아라일동,경상사고,0,0,1,0,차대차 - 측면직각충돌,교차로운행방법위반,기타,맑음,교차로 - 교차로안,승용,여,24세,상해없음,승용,남,58세,경상
2013070500100024,2013년 7월 5일 00시,금요일,제주특별자치도 제주시 이도이동,경상사고,0,0,1,0,차대차 - 측면직각충돌,안전운전불이행,건조,맑음,단일로 - 기타,승용,남,54세,상해없음,승용,남,24세,경상
2013070500100109,2013년 7월 5일 06시,금요일,제주특별자치도 서귀포시 상예동,경상사고,0,0,1,0,차대차 - 추돌 - 진행중,안전운전불이행,건조,맑음,단일로 - 기타,승용,남,51세,경상,승용,여,50세,기타불명
2013070500100125,2013년 7월 5일 07시,금요일,제주특별자치도 제주시 이도이동,중상사고,0,1,0,1,차대차 - 측면직각충돌,직진우회전진행방해,건조,맑음,교차로 - 교차로안,승용,여,24세,부상신고,승용,여,49세,중상
2013070500100163,2013년 7월 5일 08시,금요일,제주특별자치도 제주시 노형동,경상사고,0,0,1,2,차대차 - 기타,직진우회전진행방해,건조,맑음,교차로 - 교차로안,승용,남,45세,부상신고,승용,남,49세,상해없음
2013070500100235,2013년 7월 5일 11시,금요일,제주특별자치도 제주시 도남동,경상사고,0,0,1,0,차대차 - 측면직각충돌,안전운전불이행,건조,맑음,교차로 - 교차로안,승용,여,34세,상해없음,자전거,남,31세,경상
2013070500100351,2013년 7월 5일 15시,금요일,제주특별자치도 제주시 구좌읍,중상사고,0,4,0,0,차대차 - 측면직각충돌,중앙선침범,기타,맑음,단일로 - 기타,승용,남,35세,상해없음,승용,남,33세,중상
2013070500100393,2013년 7월 5일 16시,금요일,제주특별자치도 서귀포시 서귀동,경상사고,0,0,1,0,차대사람 - 횡단중,보행자보호의무위반,건조,맑음,단일로 - 기타,승용,남,67세,상해없음,보행자,남,5세,경상
2013070500100394,2013년 7월 5일 16시,금요일,제주특별자치도 제주시 애월읍,중상사고,0,1,0,0,차대사람 - 기타,안전운전불이행,건조,맑음,기타 - 기타,승합,여,43세,상해없음,보행자,여,63세,중상
2013070500100422,2013년 7월 5일 17시,금요일,제주특별자치도 서귀포시 동홍동,부상신고사고,0,0,0,1,차대차 - 정면충돌,중앙선침범,건조,맑음,단일로 - 기타,화물,남,64세,상해없음,승용,여,31세,부상신고
2013070500100423,2013년 7월 5일 17시,금요일,제주특별자치도 제주시 애월읍,중상사고,0,2,2,0,차대차 - 측면직각충돌,신호위반,건조,맑음,교차로 - 교차로부근,승용,남,51세,중상,승용,남,51세,경상
2013070500100467,2013년 7월 5일 18시,금요일,제주특별자치도 제주시 일도일동,경상사고,0,0,4,0,차대차 - 측면직각충돌,교차로운행방법위반,건조,맑음,교차로 - 교차로안,승용,남,45세,경상,승용,남,49세,상해없음
2013070500100502,2013년 7월 5일 19시,금요일,제주특별자치도 제주시 용담이동,경상사고,0,0,2,0,차대차 - 기타,안전거리미확보,건조,맑음,단일로 - 기타,승용,남,30세,경상,승용,여,48세,경상
2013070500100667,2013년 7월 5일 23시,금요일,제주특별자치도 서귀포시 중문동,중상사고,0,1,0,0,차대차 - 추돌 - 주정차중,안전운전불이행,습기,비,단일로 - 기타,승용,남,48세,중상,승용,남,40세,기타불명
2013070600100055,2013년 7월 6일 01시,토요일,제주특별자치도 제주시 노형동,경상사고,0,0,2,0,차대차 - 기타,교차로운행방법위반,건조,맑음,단일로 - 기타,승용,남,50세,상해없음,승용,남,42세,경상
2013070600100098,2013년 7월 6일 03시,토요일,제주특별자치도 제주시 도남동,경상사고,0,0,1,0,차량단독 - 공작물충돌,안전운전불이행,건조,맑음,단일로 - 기타,승용,남,27세,상해없음,,,,
2013070600100194,2013년 7월 6일 09시,토요일,제주특별자치도 서귀포시 안덕면,중상사고,0,1,0,0,차량단독 - 도로외이탈 - 기타,안전운전불이행,습기,비,단일로 - 기타,승용,여,54세,상해없음,,,,
2013070600100244,2013년 7월 6일 11시,토요일,제주특별자치도 제주시 일도일동,경상사고,0,0,1,0,차대차 - 측면직각충돌,안전운전불이행,건조,맑음,교차로 - 교차로부근,승합,남,54세,상해없음,이륜,남,25세,경상
2013070600100271,2013년 7월 6일 12시,토요일,제주특별자치도 제주시 용담이동,경상사고,0,0,1,0,차대사람 - 기타,안전운전불이행,건조,흐림,기타 - 기타,승용,남,64세,상해없음,보행자,남,24세,경상
2013070600100272,2013년 7월 6일 12시,토요일,제주특별자치도 제주시 연동,경상사고,0,0,1,0,차대사람 - 횡단중,안전운전불이행,습기,흐림,교차로 - 교차로안,원동기,남,54세,상해없음,보행자,남,12세,경상
2013070600100326,2013년 7월 6일 14시,토요일,제주특별자치도 제주시 외도일동,경상사고,0,0,1,0,차대차 - 기타,기타,건조,맑음,단일로 - 기타,승합,여,41세,상해없음,승용,여,37세,상해없음
2013070600100447,2013년 7월 6일 18시,토요일,제주특별자치도 제주시 오라삼동,경상사고,0,0,1,0,차대차 - 측면직각충돌,안전거리미확보,건조,맑음,단일로 - 기타,화물,남,44세,상해없음,승용,여,36세,경상
2013070600100448,2013년 7월 6일 18시,토요일,제주특별자치도 서귀포시 동홍동,경상사고,0,0,1,0,차대차 - 추돌 - 주정차중,안전운전불이행,습기,비,단일로 - 기타,승용,남,51세,경상,화물,남,28세,기타불명
2013070600100449,2013년 7월 6일 18시,토요일,제주특별자치도 제주시 한림읍,중상사고,0,2,1,0,차대차 - 추돌 - 진행중,교차로운행방법위반,습기,흐림,교차로 - 교차로안,승용,남,47세,경상,승용,남,36세,중상
2013070600100478,2013년 7월 6일 19시,토요일,제주특별자치도 서귀포시 남원읍,경상사고,0,0,1,0,차대차 - 기타,안전거리미확보,습기,비,단일로 - 기타,화물,남,29세,상해없음,이륜,남,30세,경상
2013070600100576,2013년 7월 6일 22시,토요일,제주특별자치도 제주시 연동,경상사고,0,0,1,0,차대사람 - 기타,안전운전불이행,건조,흐림,단일로 - 기타,승용,여,25세,상해없음,보행자,남,37세,경상
2013070700100120,2013년 7월 7일 06시,일요일,제주특별자치도 제주시 아라일동,경상사고,0,0,1,0,차대차 - 추돌 - 주정차중,안전운전불이행,건조,맑음,교차로 - 교차로부근,승용,남,25세,상해없음,승용,남,40세,경상
2013070700100220,2013년 7월 7일 12시,일요일,제주특별자치도 서귀포시 남원읍,경상사고,0,0,1,0,차대차 - 기타,안전운전불이행,건조,맑음,기타 - 기타,승용,여,41세,상해없음,자전거,남,9세,경상
2013070700100243,2013년 7월 7일 13시,일요일,제주특별자치도 제주시 노형동,중상사고,0,2,0,0,차대사람 - 기타,안전운전불이행,건조,맑음,단일로 - 기타,승용,남,66세,상해없음,보행자,여,9세,중상
2013070700100294,2013년 7월 7일 15시,일요일,제주특별자치도 서귀포시 남원읍,부상신고사고,0,0,0,1,차대차 - 측면직각충돌,기타,건조,맑음,교차로 - 교차로안,화물,남,63세,부상신고,승용,남,28세,상해없음
2013070700100397,2013년 7월 7일 19시,일요일,제주특별자치도 제주시 이도일동,경상사고,0,0,2,0,차대차 - 측면직각충돌,안전운전불이행,건조,맑음,교차로 - 교차로부근,승용,남,63세,상해없음,승용,남,27세,경상
2013070700100423,2013년 7월 7일 20시,일요일,제주특별자치도 제주시 삼도이동,경상사고,0,0,1,0,차대차 - 측면직각충돌,교차로운행방법위반,건조,맑음,교차로 - 교차로안,승합,남,32세,상해없음,승용,남,61세,경상
2013070700100443,2013년 7월 7일 21시,일요일,제주특별자치도 제주시 화북이동,사망사고,1,5,3,0,차대차 - 측면직각충돌,신호위반,건조,맑음,교차로 - 교차로안,승합,남,39세,상해없음,승용,여,56세,사망
2013070800100094,2013년 7월 8일 07시,월요일,제주특별자치도 서귀포시 색달동,중상사고,0,1,0,0,차대차 - 측면직각충돌,직진우회전진행방해,건조,맑음,교차로 - 교차로안,원동기,여,67세,중상,승용,남,41세,상해없음
2013070800100126,2013년 7월 8일 08시,월요일,제주특별자치도 제주시 아라일동,경상사고,0,0,3,0,차대차 - 측면직각충돌,안전운전불이행,건조,맑음,단일로 - 기타,화물,남,47세,기타불명,승용,남,42세,상해없음
2013070800100127,2013년 7월 8일 08시,월요일,제주특별자치도 제주시 이도이동,경상사고,0,0,1,0,차량단독 - 공작물충돌,안전운전불이행,건조,맑음,교차로 - 교차로부근,승합,남,36세,상해없음,,,,
2013070800100185,2013년 7월 8일 10시,월요일,제주특별자치도 제주시 한림읍,중상사고,0,1,0,0,차대차 - 추돌 - 진행중,안전운전불이행,건조,맑음,교차로 - 교차로안,승용,여,32세,상해없음,이륜,여,61세,중상
2013070800100212,2013년 7월 8일 11시,월요일,제주특별자치도 서귀포시 대정읍,경상사고,0,0,2,0,차대차 - 측면직각충돌,교차로운행방법위반,건조,맑음,교차로 - 교차로안,승용,남,32세,경상,건설기계,남,45세,상해없음
2013070800100213,2013년 7월 8일 11시,월요일,제주특별자치도 제주시 노형동,경상사고,0,0,2,0,차대차 - 측면직각충돌,안전운전불이행,건조,맑음,단일로 - 기타,건설기계,남,43세,상해없음,승용,여,49세,경상
2013070800100233,2013년 7월 8일 12시,월요일,제주특별자치도 서귀포시 안덕면,중상사고,0,1,0,0,차대사람 - 기타,안전운전불이행,건조,맑음,단일로 - 기타,승용,남,22세,상해없음,보행자,여,46세,중상
2013070800100256,2013년 7월 8일 13시,월요일,제주특별자치도 제주시 아라일동,경상사고,0,0,1,0,차대차 - 측면직각충돌,직진우회전진행방해,건조,맑음,교차로 - 교차로안,승용,남,41세,상해없음,승용,남,73세,상해없음
2013070800100331,2013년 7월 8일 15시,월요일,제주특별자치도 제주시 우도면,중상사고,0,1,0,0,차대차 - 측면직각충돌,교차로운행방법위반,건조,맑음,교차로 - 교차로안,화물,남,31세,상해없음,승용,남,27세,중상
2013070800100401,2013년 7월 8일 17시,월요일,제주특별자치도 제주시 삼도이동,중상사고,0,1,0,0,차대차 - 측면직각충돌,안전거리미확보,건조,맑음,단일로 - 기타,승용,남,33세,상해없음,이륜,남,44세,중상
2013070800100402,2013년 7월 8일 17시,월요일,제주특별자치도 제주시 노형동,중상사고,0,1,10,15,차대차 - 추돌 - 진행중,안전거리미확보,건조,맑음,단일로 - 기타,승합,남,39세,상해없음,승합,남,51세,경상
2013070900100062,2013년 7월 9일 03시,화요일,제주특별자치도 제주시 조천읍,중상사고,0,1,0,0,차량단독 - 공작물충돌,안전운전불이행,건조,맑음,단일로 - 기타,승용,남,24세,상해없음,,,,
2013070900100083,2013년 7월 9일 05시,화요일,제주특별자치도 제주시 오라일동,경상사고,0,0,1,0,차량단독 - 공작물충돌,안전운전불이행,건조,맑음,단일로 - 기타,승용,남,27세,경상,,,,
2013070900100094,2013년 7월 9일 06시,화요일,제주특별자치도 제주시 일도이동,중상사고,0,1,0,0,차대사람 - 횡단중,보행자보호의무위반,건조,맑음,교차로 - 교차로부근,승용,남,45세,상해없음,보행자,여,63세,중상
2013070900100123,2013년 7월 9일 07시,화요일,제주특별자치도 서귀포시 남원읍,중상사고,0,1,0,0,차대차 - 기타,안전운전불이행,건조,맑음,교차로 - 교차로안,화물,남,74세,상해없음,이륜,여,65세,중상
2013070900100155,2013년 7월 9일 08시,화요일,제주특별자치도 제주시 노형동,중상사고,0,3,0,0,차대차 - 기타,신호위반,건조,맑음,교차로 - 교차로안,승용,남,32세,중상,승용,여,53세,중상
2013070900100241,2013년 7월 9일 11시,화요일,제주특별자치도 제주시 노형동,중상사고,0,1,0,0,차대차 - 기타,안전운전불이행,건조,맑음,교차로 - 교차로안,화물,남,68세,상해없음,승용,여,32세,중상
2013070900100242,2013년 7월 9일 11시,화요일,제주특별자치도 제주시 용담이동,경상사고,0,0,1,0,차대차 - 추돌 - 진행중,안전운전불이행,건조,맑음,교차로 - 교차로안,승합,남,31세,상해없음,승용,남,35세,경상
2013070900100313,2013년 7월 9일 14시,화요일,제주특별자치도 서귀포시 남원읍,경상사고,0,0,3,0,차대차 - 측면직각충돌,직진우회전진행방해,건조,맑음,교차로 - 교차로안,승용,남,28세,경상,승용,여,40세,경상
2013070900100409,2013년 7월 9일 17시,화요일,제주특별자치도 제주시 이도이동,중상사고,0,1,0,0,차대차 - 측면직각충돌,교차로운행방법위반,건조,맑음,교차로 - 교차로안,원동기,남,45세,중상,승용,남,50세,상해없음
2013070900100410,2013년 7월 9일 17시,화요일,제주특별자치도 제주시 아라이동,경상사고,0,0,1,0,차량단독 - 공작물충돌,안전운전불이행,건조,맑음,단일로 - 기타,승합,남,44세,상해없음,,,,
2013070900100411,2013년 7월 9일 17시,화요일,제주특별자치도 서귀포시 남원읍,중상사고,0,5,2,0,차대차 - 정면충돌,중앙선침범,건조,맑음,단일로 - 기타,승용,남,71세,중상,승용,여,42세,중상
2013070900100452,2013년 7월 9일 18시,화요일,제주특별자치도 제주시 건입동,경상사고,0,0,2,0,차대차 - 측면직각충돌,안전운전불이행,기타,맑음,단일로 - 기타,승용,여,52세,상해없음,승용,남,33세,경상
2013070900100453,2013년 7월 9일 18시,화요일,제주특별자치도 제주시 애월읍,경상사고,0,0,1,0,차대차 - 기타,안전거리미확보,건조,맑음,단일로 - 기타,승용,남,27세,상해없음,화물,남,55세,경상
2013070900100454,2013년 7월 9일 18시,화요일,제주특별자치도 제주시 애월읍,경상사고,0,0,1,0,차대차 - 기타,안전거리미확보,건조,맑음,단일로 - 기타,승용,남,41세,상해없음,화물,남,49세,경상
2013070900100490,2013년 7월 9일 19시,화요일,제주특별자치도 제주시 구좌읍,경상사고,0,0,1,0,차량단독 - 공작물충돌,안전운전불이행,건조,맑음,단일로 - 기타,원동기,여,68세,경상,,,,
2013070900100491,2013년 7월 9일 19시,화요일,제주특별자치도 제주시 오라일동,경상사고,0,0,2,0,차대차 - 측면직각충돌,안전운전불이행,건조,맑음,단일로 - 횡단보도부근,승용,남,38세,상해없음,승용,여,55세,경상
2013070900100492,2013년 7월 9일 19시,화요일,제주특별자치도 제주시 한림읍,경상사고,0,0,1,0,차대차 - 기타,안전거리미확보,건조,맑음,단일로 - 기타,원동기,남,56세,경상,승용,남,21세,상해없음
2013070900100521,2013년 7월 9일 20시,화요일,제주특별자치도 제주시 이도일동,부상신고사고,0,0,0,1,차대차 - 측면직각충돌,안전운전불이행,건조,맑음,교차로 - 교차로안,이륜,남,25세,부상신고,승용,남,53세,상해없음
2013070900100551,2013년 7월 9일 21시,화요일,제주특별자치도 제주시 노형동,부상신고사고,0,0,0,1,차대차 - 기타,직진우회전진행방해,건조,맑음,교차로 - 교차로안,승용,여,45세,부상신고,화물,남,67세,상해없음
2013070900100610,2013년 7월 9일 23시,화요일,제주특별자치도 서귀포시 동홍동,경상사고,0,0,1,1,차대차 - 측면직각충돌,안전운전불이행,건조,흐림,교차로 - 교차로안,화물,남,40세,상해없음,승용,남,42세,경상
2013071000100066,2013년 7월 10일 04시,수요일,제주특별자치도 제주시 삼도일동,부상신고사고,0,0,0,1,차대차 - 측면직각충돌,안전운전불이행,건조,맑음,교차로 - 교차로부근,이륜,남,36세,부상신고,화물,남,51세,상해없음
2013071000100090,2013년 7월 10일 06시,수요일,제주특별자치도 제주시 화북일동,경상사고,0,0,2,0,차대차 - 측면직각충돌,안전운전불이행,기타,맑음,단일로 - 기타,화물,남,39세,상해없음,승용,여,42세,경상
2013071000100113,2013년 7월 10일 07시,수요일,제주특별자치도 서귀포시 표선면,중상사고,0,1,1,0,차대차 - 측면직각충돌,직진우회전진행방해,건조,맑음,교차로 - 교차로안,승용,여,53세,중상,화물,남,54세,경상
2013071000100114,2013년 7월 10일 07시,수요일,제주특별자치도 제주시 노형동,경상사고,0,0,1,0,차대차 - 기타,직진우회전진행방해,건조,맑음,교차로 - 교차로안,승용,남,44세,상해없음,승용,여,42세,경상
2013071000100175,2013년 7월 10일 09시,수요일,제주특별자치도 제주시 오라일동,경상사고,0,0,1,0,차대차 - 측면직각충돌,안전운전불이행,건조,맑음,단일로 - 횡단보도상,이륜,남,75세,경상,승용,남,61세,상해없음
2013071000100176,2013년 7월 10일 09시,수요일,제주특별자치도 제주시 이도이동,경상사고,0,0,1,0,차대차 - 측면직각충돌,안전운전불이행,기타,맑음,단일로 - 기타,승합,남,45세,상해없음,승용,남,55세,상해없음
2013071000100197,2013년 7월 10일 10시,수요일,제주특별자치도 제주시 오라삼동,중상사고,0,2,1,0,차대차 - 측면직각충돌,안전거리미확보,건조,맑음,단일로 - 기타,승용,여,37세,상해없음,승용,남,25세,경상
2013071000100218,2013년 7월 10일 11시,수요일,제주특별자치도 제주시 한경면,경상사고,0,0,1,0,차대차 - 추돌 - 진행중,안전운전불이행,건조,맑음,기타 - 기타,화물,남,47세,경상,승합,남,49세,상해없음
2013071000100315,2013년 7월 10일 15시,수요일,제주특별자치도 제주시 화북일동,경상사고,0,0,1,0,차대차 - 추돌 - 주정차중,안전운전불이행,건조,맑음,교차로 - 교차로부근,승용,남,41세,상해없음,화물,남,29세,경상
2013071000100344,2013년 7월 10일 16시,수요일,제주특별자치도 제주시 삼도이동,경상사고,0,0,1,0,차대차 - 측면직각충돌,안전거리미확보,건조,맑음,단일로 - 기타,화물,남,48세,상해없음,승용,여,63세,경상
2013071000100411,2013년 7월 10일 18시,수요일,제주특별자치도 제주시 애월읍,경상사고,0,0,2,1,차대차 - 측면직각충돌,교차로운행방법위반,건조,맑음,교차로 - 교차로안,승용,남,37세,부상신고,승용,남,29세,경상
2013071000100412,2013년 7월 10일 18시,수요일,제주특별자치도 제주시 노형동,경상사고,0,0,1,0,차대차 - 기타,기타,건조,맑음,교차로 - 교차로안,승용,여,49세,상해없음,승용,여,42세,경상
2013071000100515,2013년 7월 10일 22시,수요일,제주특별자치도 제주시 연동,경상사고,0,0,1,0,차대차 - 추돌 - 진행중,안전운전불이행,건조,맑음,단일로 - 기타,승용,남,47세,상해없음,승용,남,34세,상해없음
2013071000100516,2013년 7월 10일 22시,수요일,제주특별자치도 제주시 노형동,경상사고,0,0,1,0,차대차 - 기타,안전운전불이행,건조,맑음,교차로 - 교차로안,승용,남,62세,상해없음,승용,여,30세,경상
2013071100100040,2013년 7월 11일 01시,목요일,제주특별자치도 서귀포시 동홍동,경상사고,0,0,1,0,차대차 - 기타,안전운전불이행,건조,맑음,기타 - 기타,승용,여,43세,상해없음,승용,여,43세,경상
2013071100100050,2013년 7월 11일 02시,목요일,제주특별자치도 제주시 화북일동,경상사고,0,0,1,0,차대차 - 측면직각충돌,교차로운행방법위반,건조,흐림,교차로 - 교차로안,화물,남,25세,상해없음,화물,남,40세,경상
2013071100100102,2013년 7월 11일 07시,목요일,제주특별자치도 제주시 이도이동,경상사고,0,0,1,0,차대차 - 측면직각충돌,안전운전불이행,건조,맑음,교차로 - 교차로부근,승용,남,34세,상해없음,승용,남,51세,상해없음