사고번호,사고일시,요일,시군구,사고내용,사망자수,중상자수,경상자수,부상신고자수,사고유형,법규위반,노면상태,기상상태,도로형태,가해운전자 차종,가해운전자 성별,가해운전자 연령,가해운전자 상해정도,피해운전자 차종,피해운전자 성별,피해운전자 연령,피해운전자 상해정도
2013071100100163,2013년 7월 11일 09시,목요일,제주특별자치도 서귀포시 남원읍,경상사고,0,0,2,0,차대차 - 기타,안전운전불이행,건조,맑음,단일로 - 기타,승합,남,54세,상해없음,이륜,여,24세,경상
2013071100100195,2013년 7월 11일 11시,목요일,제주특별자치도 제주시 이도이동,경상사고,0,0,1,0,차대차 - 측면직각충돌,교차로운행방법위반,건조,맑음,교차로 - 교차로안,승용,남,48세,상해없음,화물,여,36세,경상
2013071100100196,2013년 7월 11일 11시,목요일,제주특별자치도 제주시 노형동,경상사고,0,0,2,0,차대차 - 기타,안전거리미확보,건조,맑음,단일로 - 기타,승용,남,39세,상해없음,승용,남,37세,경상
2013071100100234,2013년 7월 11일 13시,목요일,제주특별자치도 제주시 우도면,경상사고,0,0,1,0,차대차 - 측면직각충돌,안전거리미확보,건조,맑음,단일로 - 기타,이륜,여,18세,경상,승용,남,32세,상해없음
2013071100100268,2013년 7월 11일 14시,목요일,제주특별자치도 제주시 연동,경상사고,0,0,1,0,차대차 - 기타,안전운전불이행,건조,맑음,단일로 - 기타,승용,여,51세,상해없음,승용,남,70세,경상
2013071100100327,2013년 7월 11일 16시,목요일,제주특별자치도 제주시 용담일동,경상사고,0,0,1,0,차대차 - 측면직각충돌,차로위반,건조,맑음,단일로 - 기타,승합,남,70세,상해없음,화물,남,56세,경상
2013071100100328,2013년 7월 11일 16시,목요일,제주특별자치도 서귀포시 안덕면,경상사고,0,0,2,0,차대차 - 측면직각충돌,직진우회전진행방해,건조,맑음,교차로 - 교차로안,화물,남,57세,경상,화물,남,28세,경상
2013071100100329,2013년 7월 11일 16시,목요일,제주특별자치도 제주시 이호이동,중상사고,0,1,0,0,차대차 - 추돌 - 진행중,안전운전불이행,건조,맑음,기타 - 기타,기타불명,기타불명,기타불명,기타불명,농기계,남,73세,중상
2013071100100357,2013년 7월 11일 17시,목요일,제주특별자치도 제주시 건입동,경상사고,0,0,2,0,차대차 - 추돌 - 주정차중,교차로운행방법위반,건조,맑음,교차로 - 교차로안,승용,남,36세,경상,승합,여,51세,상해없음
2013071100100402,2013년 7월 11일 18시,목요일,제주특별자치도 제주시 이도이동,경상사고,0,0,1,0,차대사람 - 횡단중,안전운전불이행,건조,맑음,단일로 - 기타,기타불명,기타불명,기타불명,기타불명,보행자,남,23세,경상
2013071100100403,2013년 7월 11일 18시,목요일,제주특별자치도 서귀포시 남원읍,중상사고,0,2,0,0,차대차 - 추돌 - 진행중,안전운전불이행,건조,맑음,교차로 - 교차로부근,화물,남,40세,상해없음,승합,남,46세,중상
2013071100100404,2013년 7월 11일 18시,목요일,제주특별자치도 제주시 애월읍,경상사고,0,0,1,0,차대차 - 추돌 - 진행중,안전운전불이행,건조,맑음,단일로 - 기타,화물,남,39세,상해없음,화물,남,46세,경상
2013071100100433,2013년 7월 11일 19시,목요일,제주특별자치도 제주시 노형동,중상사고,0,1,0,0,차대차 - 기타,직진우회전진행방해,건조,맑음,교차로 - 교차로안,승용,여,44세,상해없음,승용,여,57세,중상
2013071100100434,2013년 7월 11일 19시,목요일,제주특별자치도 제주시 용담삼동,부상신고사고,0,0,0,1,차대차 - 기타,중앙선침범,건조,맑음,단일로 - 기타,승용,여,32세,상해없음,자전거,남,32세,부상신고
2013071100100511,2013년 7월 11일 22시,목요일,제주특별자치도 제주시 봉개동,중상사고,0,3,1,0,차량단독 - 공작물충돌,안전운전불이행,건조,맑음,단일로 - 기타,승용,여,28세,중상,,,,
2013071200100031,2013년 7월 12일 01시,금요일,제주특별자치도 제주시 이도일동,경상사고,0,0,1,0,차대차 - 측면직각충돌,신호위반,건조,맑음,교차로 - 교차로부근,승용,남,50세,상해없음,이륜,남,23세,경상
2013071200100107,2013년 7월 12일 07시,금요일,제주특별자치도 제주시 연동,경상사고,0,0,1,0,차대사람 - 기타,안전운전불이행,건조,맑음,단일로 - 기타,승용,여,55세,상해없음,보행자,남,32세,경상
2013071200100153,2013년 7월 12일 08시,금요일,제주특별자치도 제주시 연동,경상사고,0,0,1,0,차대사람 - 길가장자리구역통행중,안전운전불이행,건조,맑음,단일로 - 기타,승용,남,51세,상해없음,보행자,여,30세,경상
2013071200100154,2013년 7월 12일 08시,금요일,제주특별자치도 제주시 연동,중상사고,0,1,0,0,차대사람 - 기타,안전운전불이행,건조,맑음,단일로 - 기타,승용,남,39세,상해없음,보행자,남,6세,중상
2013071200100189,2013년 7월 12일 09시,금요일,제주특별자치도 서귀포시 남원읍,경상사고,0,0,1,0,차대차 - 측면직각충돌,기타,건조,맑음,교차로 - 교차로안,건설기계,남,38세,상해없음,화물,남,51세,경상
2013071200100210,2013년 7월 12일 10시,금요일,제주특별자치도 제주시 우도면,경상사고,0,0,1,0,차대사람 - 횡단중,안전운전불이행,건조,맑음,단일로 - 기타,승용,남,42세,상해없음,보행자,여,19세,경상
2013071200100240,2013년 7월 12일 11시,금요일,제주특별자치도 제주시 노형동,경상사고,0,0,3,0,차대차 - 기타,안전운전불이행,건조,맑음,단일로 - 기타,승용,남,70세,경상,승용,남,52세,경상
2013071200100303,2013년 7월 12일 13시,금요일,제주특별자치도 제주시 노형동,경상사고,0,0,3,0,차대차 - 기타,안전운전불이행,건조,맑음,단일로 - 기타,화물,남,51세,상해없음,승용,여,57세,경상
2013071200100328,2013년 7월 12일 14시,금요일,제주특별자치도 제주시 조천읍,경상사고,0,0,2,0,차대차 - 측면직각충돌,안전운전불이행,건조,맑음,교차로 - 교차로부근,화물,남,73세,상해없음,화물,남,35세,경상
2013071200100377,2013년 7월 12일 16시,금요일,제주특별자치도 제주시 한림읍,경상사고,0,0,1,0,차대차 - 기타,안전운전불이행,건조,맑음,단일로 - 기타,이륜,남,76세,경상,승용,남,62세,상해없음
2013071200100378,2013년 7월 12일 16시,금요일,제주특별자치도 제주시 노형동,경상사고,0,0,1,1,차대차 - 측면직각충돌,안전운전불이행,건조,맑음,교차로 - 교차로안,화물,남,62세,경상,승용,여,42세,부상신고
2013071200100407,2013년 7월 12일 17시,금요일,제주특별자치도 서귀포시 안덕면,중상사고,0,1,0,0,차대사람 - 기타,안전운전불이행,건조,맑음,단일로 - 기타,승용,남,37세,상해없음,보행자,남,10세,중상
2013071200100445,2013년 7월 12일 18시,금요일,제주특별자치도 제주시 오라이동,중상사고,0,1,0,0,차대차 - 기타,안전거리미확보,건조,맑음,단일로 - 기타,승용,남,46세,상해없음,승용,여,40세,중상
2013071200100481,2013년 7월 12일 19시,금요일,제주특별자치도 제주시 이도이동,경상사고,0,0,1,0,차대차 - 측면직각충돌,안전거리미확보,건조,맑음,교차로 - 교차로안,승용,여,46세,상해없음,원동기,남,44세,경상
2013071300100032,2013년 7월 13일 00시,토요일,제주특별자치도 제주시 건입동,경상사고,0,0,1,0,차대사람 - 횡단중,보행자보호의무위반,건조,맑음,단일로 - 횡단보도상,승용,남,58세,상해없음,보행자,여,44세,경상
2013071300100033,2013년 7월 13일 00시,토요일,제주특별자치도 서귀포시 서귀동,경상사고,0,0,2,0,차대차 - 추돌 - 진행중,안전운전불이행,건조,맑음,교차로 - 교차로부근,승용,남,27세,경상,승용,남,52세,경상
2013071300100034,2013년 7월 13일 00시,토요일,제주특별자치도 제주시 연동,중상사고,0,1,3,0,차대차 - 기타,직진우회전진행방해,건조,맑음,교차로 - 교차로안,승용,남,54세,경상,승용,남,26세,경상
2013071300100067,2013년 7월 13일 01시,토요일,제주특별자치도 제주시 한림읍,중상사고,0,1,0,0,차대차 - 기타,중앙선침범,건조,맑음,교차로 - 교차로부근,이륜,여,49세,중상,승합,여,32세,상해없음
2013071300100216,2013년 7월 13일 08시,토요일,제주특별자치도 제주시 한림읍,중상사고,0,1,0,0,차대차 - 측면직각충돌,안전운전불이행,건조,맑음,단일로 - 기타,승용,여,34세,상해없음,농기계,남,67세,중상
2013071300100276,2013년 7월 13일 10시,토요일,제주특별자치도 제주시 구좌읍,경상사고,0,0,1,0,차대사람 - 횡단중,안전운전불이행,건조,맑음,단일로 - 기타,화물,남,42세,상해없음,보행자,남,90세 이상,경상
2013071300100277,2013년 7월 13일 10시,토요일,제주특별자치도 서귀포시 중문동,부상신고사고,0,0,0,1,차대차 - 기타,직진우회전진행방해,건조,맑음,교차로 - 교차로안,승용,여,73세,부상신고,승용,남,25세,상해없음
2013071300100306,2013년 7월 13일 11시,토요일,제주특별자치도 서귀포시 상효동,중상사고,0,1,0,0,차대차 - 기타,교차로운행방법위반,건조,맑음,교차로 - 교차로안,승용,여,46세,중상,화물,남,35세,상해없음
2013071300100307,2013년 7월 13일 11시,토요일,제주특별자치도 제주시 용담이동,경상사고,0,0,1,0,차대사람 - 차도통행중,안전운전불이행,건조,맑음,단일로 - 기타,승용,남,55세,상해없음,보행자,여,32세,경상
2013071300100347,2013년 7월 13일 12시,토요일,제주특별자치도 제주시 오라삼동,사망사고,1,1,0,0,차대차 - 정면충돌,중앙선침범,건조,맑음,단일로 - 기타,승용,남,29세,사망,화물,남,32세,중상
2013071300100385,2013년 7월 13일 13시,토요일,제주특별자치도 제주시 연동,부상신고사고,0,0,0,1,차대차 - 기타,안전운전불이행,건조,맑음,교차로 - 교차로부근,승용,남,36세,상해없음,승합,여,44세,부상신고
2013071300100517,2013년 7월 13일 17시,토요일,제주특별자치도 제주시 화북일동,경상사고,0,0,1,0,차대차 - 측면직각충돌,안전운전불이행,건조,맑음,단일로 - 기타,승합,남,44세,상해없음,승용,여,50세,경상
2013071300100545,2013년 7월 13일 18시,토요일,제주특별자치도 제주시 삼도일동,중상사고,0,1,0,0,차대사람 - 횡단중,보행자보호의무위반,건조,맑음,교차로 - 교차로부근,승용,남,41세,상해없음,보행자,여,43세,중상
2013071300100577,2013년 7월 13일 19시,토요일,제주특별자치도 제주시 화북일동,중상사고,0,1,0,0,차량단독 - 공작물충돌,안전운전불이행,건조,맑음,단일로 - 기타,승합,남,52세,상해없음,,,,
2013071300100666,2013년 7월 13일 22시,토요일,제주특별자치도 제주시 이도일동,경상사고,0,0,1,0,차대차 - 측면직각충돌,안전거리미확보,건조,맑음,교차로 - 교차로부근,화물,남,56세,상해없음,승용,남,42세,경상
2013071300100667,2013년 7월 13일 22시,토요일,제주특별자치도 제주시 노형동,경상사고,0,0,1,0,차대사람 - 기타,안전운전불이행,건조,맑음,단일로 - 기타,승용,남,63세,상해없음,보행자,여,20세,경상
2013071300100700,2013년 7월 13일 23시,토요일,제주특별자치도 제주시 연동,경상사고,0,0,1,0,차대사람 - 횡단중,보행자보호의무위반,건조,맑음,교차로 - 교차로안,승용,여,26세,상해없음,보행자,남,29세,경상
2013071400100071,2013년 7월 14일 03시,일요일,제주특별자치도 제주시 한경면,경상사고,0,0,1,0,차량단독 - 전도전복,안전운전불이행,건조,맑음,단일로 - 기타,원동기,남,23세,경상,,,,
2013071400100169,2013년 7월 14일 10시,일요일,제주특별자치도 제주시 화북이동,경상사고,0,0,4,0,차대차 - 측면직각충돌,안전거리미확보,건조,맑음,교차로 - 교차로안,승용,여,56세,상해없음,승용,여,33세,경상
2013071400100231,2013년 7월 14일 13시,일요일,제주특별자치도 제주시 일도이동,경상사고,0,0,1,0,차대사람 - 횡단중,기타,건조,맑음,단일로 - 기타,승용,여,44세,상해없음,보행자,여,49세,경상
2013071400100262,2013년 7월 14일 14시,일요일,제주특별자치도 제주시 건입동,경상사고,0,0,1,0,차대차 - 측면직각충돌,중앙선침범,건조,맑음,교차로 - 교차로부근,화물,남,24세,상해없음,승용,여,41세,경상
2013071400100263,2013년 7월 14일 14시,일요일,제주특별자치도 제주시 봉개동,경상사고,0,0,1,0,차대차 - 측면직각충돌,안전운전불이행,건조,맑음,단일로 - 기타,승용,여,22세,상해없음,승용,남,46세,상해없음
2013071400100286,2013년 7월 14일 15시,일요일,제주특별자치도 서귀포시 중문동,경상사고,0,0,1,0,차대차 - 기타,안전운전불이행,건조,맑음,교차로 - 교차로부근,승용,남,70세,상해없음,자전거,남,30세,경상
2013071400100287,2013년 7월 14일 15시,일요일,제주특별자치도 제주시 이호이동,경상사고,0,0,5,0,차대차 - 추돌 - 진행중,안전운전불이행,건조,맑음,단일로 - 기타,승용,여,52세,경상,승용,남,40세,경상
2013071400100313,2013년 7월 14일 16시,일요일,제주특별자치도 제주시 용강동,중상사고,0,2,0,0,차량단독 - 공작물충돌,안전운전불이행,건조,맑음,단일로 - 기타,화물,남,45세,상해없음,,,,
2013071400100367,2013년 7월 14일 18시,일요일,제주특별자치도 제주시 이도이동,경상사고,0,0,1,0,차대차 - 측면직각충돌,안전거리미확보,기타,맑음,단일로 - 기타,자전거,남,81세,경상,승용,여,55세,상해없음
2013071400100476,2013년 7월 14일 22시,일요일,제주특별자치도 제주시 노형동,경상사고,0,0,1,0,차대차 - 추돌 - 진행중,안전운전불이행,건조,맑음,단일로 - 기타,이륜,남,16세,상해없음,이륜,남,22세,경상
2013071400100502,2013년 7월 14일 23시,일요일,제주특별자치도 제주시 이도이동,경상사고,0,0,4,0,차대차 - 측면직각충돌,신호위반,건조,맑음,교차로 - 교차로안,승용,남,62세,상해없음,승용,여,52세,경상
2013071500100056,2013년 7월 15일 06시,월요일,제주특별자치도 서귀포시 안덕면,사망사고,1,0,1,0,차대차 - 기타,신호위반,건조,맑음,교차로 - 교차로안,화물,남,68세,상해없음,화물,남,63세,경상
2013071500100087,2013년 7월 15일 07시,월요일,제주특별자치도 제주시 조천읍,경상사고,0,0,3,0,차대차 - 추돌 - 진행중,안전거리미확보,건조,맑음,단일로 - 기타,승용,남,54세,경상,승용,남,48세,경상
2013071500100088,2013년 7월 15일 07시,월요일,제주특별자치도 서귀포시 하효동,경상사고,0,0,1,0,차대차 - 기타,안전운전불이행,건조,맑음,단일로 - 기타,승용,여,51세,상해없음,자전거,남,8세,경상
2013071500100137,2013년 7월 15일 08시,월요일,제주특별자치도 제주시 오라일동,부상신고사고,0,0,0,1,차대차 - 측면직각충돌,중앙선침범,건조,맑음,단일로 - 기타,원동기,남,85세,부상신고,승용,남,77세,상해없음
2013071500100138,2013년 7월 15일 08시,월요일,제주특별자치도 제주시 애월읍,중상사고,0,2,0,0,차량단독 - 공작물충돌,안전운전불이행,건조,맑음,단일로 - 기타,승용,남,72세,중상,,,,
2013071500100162,2013년 7월 15일 09시,월요일,제주특별자치도 제주시 한경면,중상사고,0,1,1,0,차량단독 - 공작물충돌,안전운전불이행,건조,맑음,단일로 - 기타,승용,여,27세,경상,,,,
2013071500100220,2013년 7월 15일 11시,월요일,제주특별자치도 제주시 오라삼동,경상사고,0,0,1,0,차대차 - 측면직각충돌,안전운전불이행,기타,맑음,단일로 - 기타,화물,남,66세,상해없음,자전거,남,72세,경상
2013071500100221,2013년 7월 15일 11시,월요일,제주특별자치도 제주시 애월읍,경상사고,0,0,1,1,차대차 - 추돌 - 진행중,안전운전불이행,건조,맑음,단일로 - 기타,화물,남,27세,상해없음,승합,남,28세,경상
2013071500100322,2013년 7월 15일 15시,월요일,제주특별자치도 제주시 봉개동,경상사고,0,0,3,0,차대차 - 측면직각충돌,안전운전불이행,건조,맑음,교차로 - 교차로부근,승합,남,53세,상해없음,승용,여,23세,경상
2013071500100323,2013년 7월 15일 15시,월요일,제주특별자치도 제주시 아라일동,중상사고,0,1,2,0,차대차 - 측면직각충돌,중앙선침범,건조,맑음,단일로 - 기타,화물,남,68세,상해없음,승용,여,37세,중상
2013071500100360,2013년 7월 15일 16시,월요일,제주특별자치도 제주시 용담일동,중상사고,0,1,0,0,차대차 - 측면직각충돌,교차로운행방법위반,건조,맑음,교차로 - 교차로안,화물,남,31세,상해없음,원동기,여,24세,중상
2013071500100361,2013년 7월 15일 16시,월요일,제주특별자치도 서귀포시 대정읍,경상사고,0,0,1,0,차대사람 - 횡단중,안전운전불이행,건조,맑음,단일로 - 기타,승용,여,44세,상해없음,보행자,남,8세,경상
2013071500100362,2013년 7월 15일 16시,월요일,제주특별자치도 제주시 노형동,경상사고,0,0,1,0,차대차 - 기타,안전운전불이행,건조,맑음,단일로 - 기타,화물,남,46세,상해없음,승합,남,26세,경상
2013071500100433,2013년 7월 15일 18시,월요일,제주특별자치도 제주시 조천읍,중상사고,0,1,0,0,차대차 - 측면직각충돌,직진우회전진행방해,건조,맑음,교차로 - 교차로안,승용,남,71세,상해없음,원동기,남,42세,중상
2013071500100434,2013년 7월 15일 18시,월요일,제주특별자치도 제주시 연동,경상사고,0,0,1,0,차대사람 - 횡단중,보행자보호의무위반,건조,맑음,단일로 - 기타,승용,남,45세,상해없음,보행자,남,39세,경상
2013071500100558,2013년 7월 15일 22시,월요일,제주특별자치도 제주시 삼도일동,중상사고,0,1,0,0,차대사람 - 횡단중,보행자보호의무위반,건조,맑음,교차로 - 교차로부근,승용,여,61세,상해없음,보행자,남,53세,중상
2013071500100559,2013년 7월 15일 22시,월요일,제주특별자치도 서귀포시 법환동,중상사고,0,1,0,0,차량단독 - 공작물충돌,안전운전불이행,건조,맑음,단일로 - 기타,화물,남,65세,중상,,,,
2013071500100583,2013년 7월 15일 23시,월요일,제주특별자치도 제주시 연동,경상사고,0,0,2,2,차대차 - 추돌 - 주정차중,안전운전불이행,건조,맑음,단일로 - 기타,승용,남,25세,상해없음,승용,남,45세,경상
2013071600100034,2013년 7월 16일 02시,화요일,제주특별자치도 제주시 이호이동,경상사고,0,0,1,0,차대사람 - 기타,안전운전불이행,건조,맑음,교차로 - 교차로부근,기타불명,기타불명,기타불명,기타불명,보행자,남,20세,경상
2013071600100101,2013년 7월 16일 07시,화요일,제주특별자치도 제주시 건입동,경상사고,0,0,1,0,차대차 - 측면직각충돌,안전운전불이행,건조,맑음,단일로 - 기타,승용,남,36세,상해없음,승용,여,52세,경상
2013071600100140,2013년 7월 16일 08시,화요일,제주특별자치도 제주시 일도이동,중상사고,0,1,0,0,차대사람 - 횡단중,보행자보호의무위반,건조,맑음,단일로 - 기타,화물,남,31세,상해없음,보행자,남,9세,중상
2013071600100203,2013년 7월 16일 10시,화요일,제주특별자치도 서귀포시 표선면,경상사고,0,0,2,0,차대차 - 측면직각충돌,기타,건조,맑음,교차로 - 교차로안,승용,여,24세,경상,승용,남,38세,상해없음
2013071600100204,2013년 7월 16일 10시,화요일,제주특별자치도 서귀포시 표선면,중상사고,0,2,0,0,차대차 - 정면충돌,안전운전불이행,건조,맑음,단일로 - 기타,화물,남,57세,상해없음,승용,여,48세,중상
2013071600100249,2013년 7월 16일 12시,화요일,제주특별자치도 서귀포시 안덕면,경상사고,0,0,1,0,차대차 - 기타,안전운전불이행,건조,맑음,단일로 - 기타,승용,남,24세,상해없음,승용,남,29세,경상
2013071600100250,2013년 7월 16일 12시,화요일,제주특별자치도 제주시 애월읍,중상사고,0,1,0,0,차대사람 - 길가장자리구역통행중,안전운전불이행,건조,맑음,단일로 - 기타,화물,남,46세,상해없음,보행자,남,33세,중상
2013071600100275,2013년 7월 16일 13시,화요일,제주특별자치도 제주시 우도면,경상사고,0,0,1,0,차대차 - 측면직각충돌,안전운전불이행,건조,맑음,단일로 - 기타,승용,여,50세,상해없음,자전거,여,29세,경상
2013071600100311,2013년 7월 16일 14시,화요일,제주특별자치도 제주시 삼도일동,경상사고,0,0,1,0,차대차 - 측면직각충돌,신호위반,건조,맑음,교차로 - 교차로안,승용,남,64세,상해없음,승합,남,44세,상해없음
2013071600100343,2013년 7월 16일 15시,화요일,제주특별자치도 제주시 연동,경상사고,0,0,1,0,차대차 - 추돌 - 진행중,교차로운행방법위반,건조,맑음,교차로 - 교차로안,승용,남,38세,상해없음,승용,여,54세,경상
2013071600100403,2013년 7월 16일 17시,화요일,제주특별자치도 제주시 한림읍,중상사고,0,1,3,1,차대차 - 기타,안전거리미확보,건조,맑음,교차로 - 교차로안,승용,남,74세,중상,승용,남,48세,경상
2013071600100404,2013년 7월 16일 17시,화요일,제주특별자치도 제주시 한경면,중상사고,0,1,0,0,차대차 - 기타,안전운전불이행,건조,맑음,단일로 - 기타,화물,여,58세,상해없음,원동기,여,71세,중상
2013071600100441,2013년 7월 16일 18시,화요일,제주특별자치도 제주시 한경면,경상사고,0,0,1,0,차대차 - 측면직각충돌,신호위반,건조,맑음,교차로 - 교차로안,원동기,남,72세,경상,승용,남,55세,상해없음
2013071600100442,2013년 7월 16일 18시,화요일,제주특별자치도 제주시 애월읍,중상사고,0,2,0,0,차대차 - 기타,직진우회전진행방해,건조,맑음,교차로 - 교차로안,승합,남,34세,상해없음,승용,남,30세,중상
2013071600100528,2013년 7월 16일 21시,화요일,제주특별자치도 제주시 삼도일동,경상사고,0,0,2,0,차대차 - 측면직각충돌,안전운전불이행,건조,맑음,단일로 - 기타,승합,여,43세,상해없음,승용,여,41세,경상
2013071600100529,2013년 7월 16일 21시,화요일,제주특별자치도 제주시 오라일동,경상사고,0,0,1,0,차대사람 - 횡단중,안전운전불이행,건조,맑음,단일로 - 기타,승용,남,61세,상해없음,보행자,여,26세,경상
2013071600100530,2013년 7월 16일 21시,화요일,제주특별자치도 제주시 아라일동,중상사고,0,1,0,0,차량단독 - 공작물충돌,안전운전불이행,건조,맑음,단일로 - 기타,이륜,남,29세,중상,,,,
2013071600100599,2013년 7월 16일 23시,화요일,제주특별자치도 제주시 오라일동,중상사고,0,2,1,0,차대차 - 측면직각충돌,교차로운행방법위반,건조,맑음,교차로 - 교차로안,승용,여,48세,경상,화물,남,43세,중상
2013071700100079,2013년 7월 17일 05시,수요일,제주특별자치도 제주시 용담일동,경상사고,0,0,2,0,차량단독 - 공작물충돌,안전거리미확보,건조,맑음,교차로 - 교차로부근,이륜,남,16세,경상,,,,
2013071700100151,2013년 7월 17일 08시,수요일,제주특별자치도 제주시 화북일동,중상사고,0,1,0,0,차대사람 - 횡단중,안전운전불이행,건조,맑음,단일로 - 기타,승용,남,51세,상해없음,보행자,남,13세,중상
2013071700100152,2013년 7월 17일 08시,수요일,제주특별자치도 서귀포시 남원읍,경상사고,0,0,1,0,차대차 - 측면직각충돌,신호위반,건조,맑음,교차로 - 교차로안,이륜,남,42세,경상,승용,남,61세,상해없음
2013071700100202,2013년 7월 17일 10시,수요일,제주특별자치도 제주시 이호이동,중상사고,0,1,0,0,차대차 - 추돌 - 진행중,안전운전불이행,건조,맑음,단일로 - 기타,승용,여,24세,상해없음,이륜,남,35세,중상
2013071700100225,2013년 7월 17일 11시,수요일,제주특별자치도 서귀포시 상예동,경상사고,0,0,3,0,차대차 - 추돌 - 진행중,안전운전불이행,건조,맑음,단일로 - 기타,화물,남,48세,상해없음,승용,남,22세,경상
2013071700100226,2013년 7월 17일 11시,수요일,제주특별자치도 서귀포시 남원읍,중상사고,0,2,0,0,차대차 - 정면충돌,중앙선침범,건조,맑음,단일로 - 기타,화물,남,41세,상해없음,승용,남,26세,중상
2013071700100260,2013년 7월 17일 12시,수요일,제주특별자치도 제주시 연동,중상사고,0,1,0,0,차대사람 - 기타,보행자보호의무위반,건조,맑음,교차로 - 교차로부근,승용,남,31세,상해없음,보행자,여,77세,중상
2013071700100261,2013년 7월 17일 12시,수요일,제주특별자치도 제주시 애월읍,경상사고,0,0,1,0,차대차 - 기타,신호위반,건조,맑음,교차로 - 교차로안,승용,남,21세,상해없음,승용,여,60세,경상
2013071700100312,2013년 7월 17일 14시,수요일,제주특별자치도 서귀포시 안덕면,부상신고사고,0,0,0,1,차대차 - 추돌 - 진행중,안전운전불이행,건조,맑음,단일로 - 기타,건설기계,남,50세,상해없음,승용,여,42세,부상신고
2013071700100403,2013년 7월 17일 16시,수요일,제주특별자치도 제주시 노형동,중상사고,0,1,0,0,차대사람 - 기타,안전운전불이행,건조,맑음,단일로 - 기타,승용,여,51세,상해없음,보행자,남,14세,중상
2013071700100478,2013년 7월 17일 18시,수요일,제주특별자치도 제주시 구좌읍,사망사고,1,1,1,0,차대차 - 측면직각충돌,신호위반,건조,맑음,교차로 - 교차로안,승용,남,23세,상해없음,승합,남,41세,중상
2013071700100479,2013년 7월 17일 18시,수요일,제주특별자치도 제주시 노형동,부상신고사고,0,0,0,1,차대차 - 기타,안전운전불이행,건조,맑음,단일로 - 기타,기타불명,기타불명,기타불명,기타불명,자전거,남,25세,부상신고
2013071700100551,2013년 7월 17일 20시,수요일,제주특별자치도 제주시 한림읍,중상사고,0,1,0,0,차대차 - 기타,안전거리미확보,건조,맑음,단일로 - 기타,승용,남,42세,상해없음,원동기,여,61세,중상
2013071700100592,2013년 7월 17일 21시,수요일,제주특별자치도 제주시 노형동,경상사고,0,0,1,0,차대차 - 기타,안전거리미확보,건조,맑음,교차로 - 교차로부근,승용,남,32세,상해없음,승용,남,57세,경상
2013071800100074,2013년 7월 18일 03시,목요일,제주특별자치도 제주시 연동,경상사고,0,0,1,0,차대차 - 측면직각충돌,교차로운행방법위반,건조,맑음,교차로 - 교차로안,승합,남,34세,상해없음,승용,남,55세,상해없음
2013071800100089,2013년 7월 18일 04시,목요일,제주특별자치도 제주시 구좌읍,중상사고,0,1,0,0,차량단독 - 공작물충돌,안전운전불이행,기타,맑음,단일로 - 기타,화물,여,56세,중상,,,,
2013071800100115,2013년 7월 18일 06시,목요일,제주특별자치도 제주시 한림읍,중상사고,0,1,0,0,차대사람 - 보도통행중,안전운전불이행,건조,맑음,단일로 - 기타,승용,남,21세,상해없음,보행자,여,69세,중상
2013071800100210,2013년 7월 18일 10시,목요일,제주특별자치도 제주시 일도이동,경상사고,0,0,1,0,차대차 - 측면직각충돌,신호위반,건조,맑음,교차로 - 교차로부근,승용,남,69세,상해없음,자전거,남,71세,경상
2013071800100250,2013년 7월 18일 12시,목요일,제주특별자치도 서귀포시 남원읍,부상신고사고,0,0,0,1,차대차 - 기타,교차로운행방법위반,건조,맑음,교차로 - 교차로안,이륜,남,79세,부상신고,승용,남,36세,상해없음
2013071800100269,2013년 7월 18일 13시,목요일,제주특별자치도 서귀포시 법환동,경상사고,0,0,1,0,차대차 - 추돌 - 진행중,안전운전불이행,건조,맑음,단일로 - 기타,승용,남,54세,상해없음,승용,여,28세,경상
2013071800100335,2013년 7월 18일 15시,목요일,제주특별자치도 제주시 이도일동,중상사고,0,1,0,0,차대차 - 측면직각충돌,안전운전불이행,건조,맑음,교차로 - 교차로부근,승용,여,45세,상해없음,자전거,남,78세,중상
2013071800100336,2013년 7월 18일 15시,목요일,제주특별자치도 제주시 연동,중상사고,0,1,0,0,차대차 - 측면직각충돌,교차로운행방법위반,건조,맑음,교차로 - 교차로안,승합,남,58세,상해없음,이륜,남,45세,중상
2013071800100366,2013년 7월 18일 16시,목요일,제주특별자치도 제주시 오라일동,중상사고,0,1,0,0,차대차 - 측면직각충돌,안전운전불이행,기타,맑음,단일로 - 기타,화물,남,20세,상해없음,승용,남,31세,상해없음
2013071800100367,2013년 7월 18일 16시,목요일,제주특별자치도 서귀포시 색달동,경상사고,0,0,1,0,차대차 - 추돌 - 진행중,안전운전불이행,건조,맑음,단일로 - 기타,승합,남,46세,상해없음,승용,남,30세,상해없음