사고번호,사고일시,요일,시군구,사고내용,사망자수,중상자수,경상자수,부상신고자수,사고유형,법규위반,노면상태,기상상태,도로형태,가해운전자 차종,가해운전자 성별,가해운전자 연령,가해운전자 상해정도,피해운전자 차종,피해운전자 성별,피해운전자 연령,피해운전자 상해정도
2013071800100458,2013년 7월 18일 18시,목요일,제주특별자치도 서귀포시 서귀동,경상사고,0,0,1,0,차대사람 - 횡단중,보행자보호의무위반,건조,맑음,교차로 - 교차로부근,승용,남,33세,상해없음,보행자,남,6세,경상
2013071800100528,2013년 7월 18일 20시,목요일,제주특별자치도 제주시 건입동,중상사고,0,1,0,0,차대사람 - 횡단중,안전운전불이행,건조,맑음,단일로 - 기타,승용,남,57세,상해없음,보행자,여,58세,중상
2013071800100568,2013년 7월 18일 21시,목요일,제주특별자치도 제주시 연동,경상사고,0,0,1,0,차대차 - 기타,교차로운행방법위반,건조,맑음,교차로 - 교차로안,승합,남,45세,상해없음,승용,남,35세,경상
2013071800100604,2013년 7월 18일 22시,목요일,제주특별자치도 제주시 노형동,중상사고,0,1,0,0,차대차 - 측면직각충돌,안전운전불이행,건조,맑음,교차로 - 교차로안,승용,여,52세,상해없음,승용,남,45세,중상
2013071900100016,2013년 7월 19일 00시,금요일,제주특별자치도 제주시 용담일동,경상사고,0,0,1,0,차대차 - 측면직각충돌,안전운전불이행,건조,맑음,교차로 - 교차로부근,승용,남,28세,상해없음,승용,남,47세,경상
2013071900100089,2013년 7월 19일 06시,금요일,제주특별자치도 제주시 구좌읍,경상사고,0,0,3,0,차대차 - 측면직각충돌,신호위반,건조,맑음,교차로 - 교차로안,승용,남,54세,상해없음,화물,남,50세,경상
2013071900100109,2013년 7월 19일 07시,금요일,제주특별자치도 서귀포시 남원읍,중상사고,0,1,0,0,차대차 - 기타,안전운전불이행,건조,맑음,교차로 - 교차로안,승합,남,41세,상해없음,농기계,여,62세,중상
2013071900100139,2013년 7월 19일 08시,금요일,제주특별자치도 제주시 삼양이동,경상사고,0,0,2,0,차대차 - 측면직각충돌,신호위반,건조,맑음,교차로 - 교차로안,승용,남,36세,상해없음,승용,여,33세,경상
2013071900100140,2013년 7월 19일 08시,금요일,제주특별자치도 제주시 이도이동,경상사고,0,0,2,0,차대차 - 측면직각충돌,안전운전불이행,건조,맑음,교차로 - 교차로부근,승용,남,25세,상해없음,승용,여,41세,경상
2013071900100141,2013년 7월 19일 08시,금요일,제주특별자치도 제주시 삼도일동,경상사고,0,0,1,0,차대차 - 추돌 - 주정차중,안전운전불이행,건조,맑음,교차로 - 교차로부근,승용,여,22세,상해없음,승용,여,38세,경상
2013071900100142,2013년 7월 19일 08시,금요일,제주특별자치도 서귀포시 강정동,경상사고,0,0,1,0,차대차 - 측면직각충돌,신호위반,건조,맑음,교차로 - 교차로안,승용,남,60세,상해없음,승용,여,30세,경상
2013071900100143,2013년 7월 19일 08시,금요일,제주특별자치도 제주시 연동,경상사고,0,0,2,0,차대차 - 추돌 - 진행중,안전운전불이행,건조,맑음,단일로 - 기타,승용,남,22세,상해없음,승용,남,33세,경상
2013071900100174,2013년 7월 19일 09시,금요일,제주특별자치도 제주시 연동,중상사고,0,1,1,0,차대차 - 추돌 - 진행중,안전거리미확보,건조,맑음,단일로 - 기타,승용,남,36세,중상,화물,남,32세,경상
2013071900100293,2013년 7월 19일 13시,금요일,제주특별자치도 제주시 이도이동,중상사고,0,1,0,0,차대사람 - 횡단중,보행자보호의무위반,건조,맑음,단일로 - 기타,승용,여,38세,상해없음,보행자,여,65세,중상
2013071900100294,2013년 7월 19일 13시,금요일,제주특별자치도 제주시 구좌읍,중상사고,0,2,0,0,차대차 - 측면직각충돌,신호위반,건조,맑음,교차로 - 교차로안,승용,남,49세,상해없음,승용,여,40세,중상
2013071900100295,2013년 7월 19일 13시,금요일,제주특별자치도 제주시 일도이동,중상사고,0,1,0,0,차대사람 - 횡단중,보행자보호의무위반,기타,맑음,단일로 - 횡단보도상,승용,남,33세,상해없음,보행자,남,52세,중상
2013071900100296,2013년 7월 19일 13시,금요일,제주특별자치도 제주시 아라이동,중상사고,0,1,0,0,차대사람 - 횡단중,안전운전불이행,건조,맑음,기타 - 기타,승용,여,32세,상해없음,보행자,남,79세,중상
2013071900100327,2013년 7월 19일 14시,금요일,제주특별자치도 제주시 도두일동,경상사고,0,0,1,0,차대차 - 측면직각충돌,안전운전불이행,건조,맑음,교차로 - 교차로부근,승용,남,55세,상해없음,자전거,남,29세,경상
2013071900100387,2013년 7월 19일 16시,금요일,제주특별자치도 서귀포시 대정읍,경상사고,0,0,1,0,차대차 - 추돌 - 진행중,직진우회전진행방해,건조,맑음,교차로 - 교차로안,화물,남,31세,상해없음,승용,여,30세,경상
2013071900100426,2013년 7월 19일 17시,금요일,제주특별자치도 제주시 삼양일동,경상사고,0,0,1,0,차대차 - 측면직각충돌,직진우회전진행방해,건조,맑음,교차로 - 교차로안,승용,여,41세,상해없음,승용,여,44세,경상
2013071900100523,2013년 7월 19일 19시,금요일,제주특별자치도 제주시 용담이동,경상사고,0,0,1,0,차대차 - 기타,교차로운행방법위반,건조,맑음,교차로 - 교차로안,승용,여,27세,상해없음,이륜,남,31세,경상
2013072000100025,2013년 7월 20일 00시,토요일,제주특별자치도 제주시 이도이동,중상사고,0,1,0,0,차대차 - 측면직각충돌,안전운전불이행,건조,맑음,교차로 - 교차로부근,승용,남,34세,상해없음,이륜,남,19세,중상
2013072000100088,2013년 7월 20일 03시,토요일,제주특별자치도 제주시 해안동,사망사고,1,1,0,0,차량단독 - 공작물충돌,안전운전불이행,건조,맑음,단일로 - 기타,원동기,남,19세,중상,,,,
2013072000100180,2013년 7월 20일 08시,토요일,제주특별자치도 서귀포시 하효동,경상사고,0,0,2,0,차대차 - 측면직각충돌,직진우회전진행방해,건조,맑음,교차로 - 교차로안,화물,남,50세,경상,화물,남,31세,상해없음
2013072000100199,2013년 7월 20일 09시,토요일,제주특별자치도 제주시 이호일동,경상사고,0,0,1,0,차대차 - 추돌 - 진행중,안전운전불이행,건조,맑음,교차로 - 교차로부근,승용,남,42세,상해없음,이륜,남,20세,경상
2013072000100301,2013년 7월 20일 12시,토요일,제주특별자치도 제주시 외도일동,중상사고,0,1,0,0,차대차 - 측면직각충돌,교차로운행방법위반,건조,맑음,교차로 - 교차로안,승용,여,32세,상해없음,이륜,남,16세,중상
2013072000100338,2013년 7월 20일 13시,토요일,제주특별자치도 제주시 내도동,경상사고,0,0,1,0,차대차 - 측면직각충돌,안전운전불이행,건조,맑음,교차로 - 교차로안,승용,남,53세,상해없음,승용,남,41세,경상
2013072000100385,2013년 7월 20일 14시,토요일,제주특별자치도 제주시 조천읍,경상사고,0,0,1,0,차량단독 - 공작물충돌,안전운전불이행,건조,맑음,단일로 - 기타,승용,여,29세,경상,,,,
2013072000100386,2013년 7월 20일 14시,토요일,제주특별자치도 제주시 이도이동,경상사고,0,0,2,0,차대차 - 측면직각충돌,교차로운행방법위반,건조,맑음,교차로 - 교차로안,승용,남,33세,경상,승용,남,26세,상해없음
2013072000100387,2013년 7월 20일 14시,토요일,제주특별자치도 제주시 오등동,중상사고,0,1,1,0,차대차 - 측면직각충돌,중앙선침범,기타,맑음,단일로 - 기타,승용,남,67세,상해없음,승용,남,42세,중상
2013072000100506,2013년 7월 20일 18시,토요일,제주특별자치도 제주시 연동,경상사고,0,0,1,0,차대차 - 기타,안전운전불이행,건조,맑음,교차로 - 교차로부근,승합,남,58세,상해없음,승용,남,24세,경상
2013072000100507,2013년 7월 20일 18시,토요일,제주특별자치도 제주시 애월읍,중상사고,0,2,0,0,차대차 - 측면직각충돌,교차로운행방법위반,건조,맑음,교차로 - 교차로안,화물,남,52세,상해없음,승용,여,48세,중상
2013072000100537,2013년 7월 20일 19시,토요일,제주특별자치도 제주시 노형동,경상사고,0,0,1,0,차대사람 - 기타,안전운전불이행,건조,맑음,단일로 - 기타,화물,남,49세,상해없음,보행자,남,5세,경상
2013072100100107,2013년 7월 21일 06시,일요일,제주특별자치도 서귀포시 보목동,부상신고사고,0,0,0,1,차대차 - 기타,안전운전불이행,습기,흐림,단일로 - 기타,이륜,남,63세,부상신고,자전거,남,72세,상해없음
2013072100100108,2013년 7월 21일 06시,일요일,제주특별자치도 제주시 노형동,중상사고,0,1,1,0,차대차 - 추돌 - 주정차중,안전거리미확보,건조,맑음,교차로 - 교차로부근,승용,남,36세,기타불명,승용,남,48세,중상
2013072100100138,2013년 7월 21일 08시,일요일,제주특별자치도 제주시 추자면,중상사고,0,1,0,0,차대차 - 측면직각충돌,중앙선침범,기타,맑음,단일로 - 기타,화물,남,58세,상해없음,승용,남,41세,중상
2013072100100206,2013년 7월 21일 12시,일요일,제주특별자치도 제주시 구좌읍,경상사고,0,0,1,0,차대차 - 측면직각충돌,안전운전불이행,건조,맑음,단일로 - 기타,이륜,여,81세,경상,화물,남,28세,상해없음
2013072100100279,2013년 7월 21일 15시,일요일,제주특별자치도 제주시 우도면,중상사고,0,1,0,0,차대차 - 측면직각충돌,안전운전불이행,건조,맑음,단일로 - 기타,이륜,여,26세,상해없음,자전거,여,41세,중상
2013072100100280,2013년 7월 21일 15시,일요일,제주특별자치도 서귀포시 서홍동,중상사고,0,1,0,0,차대사람 - 기타,안전운전불이행,건조,맑음,교차로 - 교차로부근,승합,여,44세,상해없음,보행자,남,2세,중상
2013072100100339,2013년 7월 21일 17시,일요일,제주특별자치도 제주시 노형동,중상사고,0,1,0,0,차대차 - 측면직각충돌,교차로운행방법위반,건조,맑음,교차로 - 교차로안,승용,여,35세,상해없음,원동기,남,44세,중상
2013072100100370,2013년 7월 21일 18시,일요일,제주특별자치도 제주시 삼도일동,경상사고,0,0,1,0,차대사람 - 횡단중,안전운전불이행,건조,맑음,단일로 - 기타,기타불명,기타불명,기타불명,기타불명,보행자,남,7세,경상
2013072100100371,2013년 7월 21일 18시,일요일,제주특별자치도 제주시 도두일동,중상사고,0,1,0,0,차대차 - 기타,안전운전불이행,건조,맑음,교차로 - 교차로안,승용,남,28세,상해없음,화물,남,39세,중상
2013072100100397,2013년 7월 21일 19시,일요일,제주특별자치도 제주시 삼도이동,부상신고사고,0,0,0,1,차량단독 - 공작물충돌,안전운전불이행,건조,맑음,단일로 - 기타,승용,남,66세,상해없음,,,,
2013072100100398,2013년 7월 21일 19시,일요일,제주특별자치도 서귀포시 표선면,중상사고,0,1,0,0,차대사람 - 보도통행중,보행자보호의무위반,건조,맑음,교차로 - 교차로부근,승용,남,41세,상해없음,보행자,남,85세,중상
2013072100100489,2013년 7월 21일 23시,일요일,제주특별자치도 제주시 이도이동,경상사고,0,0,1,0,차대사람 - 횡단중,안전운전불이행,건조,맑음,교차로 - 교차로안,승용,남,57세,상해없음,보행자,남,15세,경상
2013072100100490,2013년 7월 21일 23시,일요일,제주특별자치도 제주시 노형동,경상사고,0,0,1,0,차대사람 - 횡단중,안전운전불이행,건조,맑음,단일로 - 기타,승용,남,25세,상해없음,보행자,남,14세,경상
2013072200100028,2013년 7월 22일 03시,월요일,제주특별자치도 서귀포시 보목동,사망사고,1,0,0,0,차량단독 - 기타,안전운전불이행,건조,맑음,단일로 - 기타,승용,여,47세,사망,,,,
2013072200100065,2013년 7월 22일 06시,월요일,제주특별자치도 서귀포시 대정읍,경상사고,0,0,1,0,차량단독 - 공작물충돌,안전운전불이행,건조,맑음,단일로 - 기타,승용,남,18세,경상,,,,
2013072200100150,2013년 7월 22일 09시,월요일,제주특별자치도 서귀포시 성산읍,부상신고사고,0,0,0,1,차대차 - 기타,안전운전불이행,건조,맑음,교차로 - 교차로안,이륜,남,42세,부상신고,화물,여,44세,상해없음
2013072200100175,2013년 7월 22일 10시,월요일,제주특별자치도 서귀포시 안덕면,중상사고,0,2,0,0,차대차 - 기타,불법유턴,건조,맑음,교차로 - 교차로안,승용,여,29세,상해없음,승합,여,37세,중상
2013072200100176,2013년 7월 22일 10시,월요일,제주특별자치도 서귀포시 서귀동,중상사고,0,1,0,0,차대차 - 측면직각충돌,직진우회전진행방해,건조,맑음,교차로 - 교차로안,승용,남,22세,상해없음,이륜,남,55세,중상
2013072200100215,2013년 7월 22일 11시,월요일,제주특별자치도 제주시 연동,경상사고,0,0,2,0,차량단독 - 기타,안전운전불이행,건조,맑음,단일로 - 기타,승합,남,61세,경상,,,,
2013072200100243,2013년 7월 22일 12시,월요일,제주특별자치도 서귀포시 성산읍,중상사고,0,1,3,0,차량단독 - 공작물충돌,안전운전불이행,건조,맑음,교차로 - 교차로안,승용,남,37세,경상,,,,
2013072200100288,2013년 7월 22일 13시,월요일,제주특별자치도 서귀포시 성산읍,중상사고,0,3,0,0,차대차 - 추돌 - 주정차중,안전운전불이행,건조,맑음,교차로 - 교차로부근,승용,남,62세,상해없음,승용,여,54세,중상
2013072200100289,2013년 7월 22일 13시,월요일,제주특별자치도 서귀포시 하예동,사망사고,1,1,0,0,차량단독 - 공작물충돌,안전운전불이행,건조,맑음,단일로 - 기타,이륜,남,33세,중상,,,,
2013072200100381,2013년 7월 22일 16시,월요일,제주특별자치도 서귀포시 안덕면,경상사고,0,0,1,0,차대차 - 측면직각충돌,불법유턴,건조,맑음,교차로 - 교차로부근,승용,남,22세,상해없음,화물,남,20세,경상
2013072200100407,2013년 7월 22일 17시,월요일,제주특별자치도 서귀포시 안덕면,경상사고,0,0,1,0,차대차 - 기타,안전운전불이행,건조,맑음,단일로 - 기타,자전거,남,18세,경상,승용,여,50세,상해없음
2013072200100408,2013년 7월 22일 17시,월요일,제주특별자치도 제주시 한림읍,경상사고,0,0,2,0,차대차 - 측면직각충돌,안전운전불이행,건조,맑음,단일로 - 기타,승용,남,66세,상해없음,승용,남,46세,경상
2013072200100450,2013년 7월 22일 18시,월요일,제주특별자치도 제주시 도두이동,경상사고,0,0,1,0,차대차 - 기타,안전운전불이행,건조,맑음,단일로 - 기타,승용,남,24세,상해없음,자전거,남,37세,경상
2013072200100512,2013년 7월 22일 20시,월요일,제주특별자치도 제주시 일도일동,경상사고,0,0,1,0,차대사람 - 횡단중,안전운전불이행,건조,맑음,단일로 - 기타,기타불명,기타불명,기타불명,기타불명,보행자,남,79세,경상
2013072200100544,2013년 7월 22일 21시,월요일,제주특별자치도 서귀포시 강정동,경상사고,0,0,1,0,차량단독 - 공작물충돌,안전운전불이행,건조,맑음,단일로 - 기타,승용,남,43세,경상,,,,
2013072200100592,2013년 7월 22일 23시,월요일,제주특별자치도 제주시 일도이동,중상사고,0,2,0,0,차대사람 - 횡단중,보행자보호의무위반,건조,맑음,단일로 - 횡단보도상,승용,남,41세,상해없음,보행자,남,53세,중상
2013072300100071,2013년 7월 23일 05시,화요일,제주특별자치도 제주시 일도일동,경상사고,0,0,2,0,차대차 - 측면직각충돌,안전운전불이행,건조,맑음,단일로 - 기타,승용,남,46세,상해없음,승용,여,47세,경상
2013072300100145,2013년 7월 23일 08시,화요일,제주특별자치도 제주시 노형동,경상사고,0,0,2,0,차대차 - 기타,안전거리미확보,건조,맑음,단일로 - 기타,승용,여,50세,상해없음,승용,여,58세,경상
2013072300100265,2013년 7월 23일 12시,화요일,제주특별자치도 서귀포시 표선면,경상사고,0,0,1,0,차대차 - 기타,기타,건조,맑음,교차로 - 교차로안,특수,남,53세,상해없음,승용,남,59세,경상
2013072300100316,2013년 7월 23일 14시,화요일,제주특별자치도 제주시 이도이동,중상사고,0,1,0,0,차대사람 - 횡단중,보행자보호의무위반,건조,맑음,교차로 - 교차로부근,승용,여,57세,상해없음,보행자,남,9세,중상
2013072300100317,2013년 7월 23일 14시,화요일,제주특별자치도 제주시 이호이동,경상사고,0,0,1,0,차대사람 - 길가장자리구역통행중,안전운전불이행,건조,맑음,단일로 - 기타,승용,여,25세,상해없음,보행자,여,42세,경상
2013072300100367,2013년 7월 23일 16시,화요일,제주특별자치도 서귀포시 안덕면,경상사고,0,0,1,0,차량단독 - 기타,안전운전불이행,건조,맑음,교차로 - 교차로안,원동기,남,64세,경상,,,,
2013072300100395,2013년 7월 23일 17시,화요일,제주특별자치도 서귀포시 중문동,경상사고,0,0,2,0,차대차 - 추돌 - 진행중,안전운전불이행,건조,맑음,단일로 - 기타,승용,남,22세,상해없음,승용,여,26세,경상
2013072300100421,2013년 7월 23일 18시,화요일,제주특별자치도 서귀포시 동홍동,경상사고,0,0,1,0,차대차 - 추돌 - 진행중,안전거리미확보,건조,맑음,단일로 - 기타,승용,남,55세,상해없음,화물,남,37세,경상
2013072300100422,2013년 7월 23일 18시,화요일,제주특별자치도 제주시 노형동,경상사고,0,0,3,0,차대차 - 측면직각충돌,안전운전불이행,건조,맑음,단일로 - 기타,승용,남,28세,상해없음,승용,남,49세,경상
2013072300100493,2013년 7월 23일 20시,화요일,제주특별자치도 제주시 노형동,경상사고,0,0,1,0,차대차 - 기타,안전운전불이행,건조,맑음,단일로 - 기타,승합,남,45세,상해없음,승용,여,53세,경상
2013072400100134,2013년 7월 24일 08시,수요일,제주특별자치도 제주시 일도일동,경상사고,0,0,2,0,차대차 - 측면직각충돌,교차로운행방법위반,건조,맑음,교차로 - 교차로안,승용,여,50세,경상,승용,남,44세,경상
2013072400100135,2013년 7월 24일 08시,수요일,제주특별자치도 서귀포시 대정읍,중상사고,0,1,0,0,차대차 - 기타,중앙선침범,건조,맑음,단일로 - 기타,화물,남,65세,상해없음,승용,여,23세,중상
2013072400100136,2013년 7월 24일 08시,수요일,제주특별자치도 서귀포시 남원읍,중상사고,0,1,0,0,차대차 - 측면직각충돌,직진우회전진행방해,건조,맑음,교차로 - 교차로안,승용,여,51세,상해없음,이륜,남,67세,중상
2013072400100173,2013년 7월 24일 09시,수요일,제주특별자치도 제주시 이도이동,경상사고,0,0,1,0,차대사람 - 횡단중,안전운전불이행,건조,맑음,단일로 - 기타,승용,남,68세,상해없음,보행자,여,64세,경상
2013072400100198,2013년 7월 24일 10시,수요일,제주특별자치도 서귀포시 서홍동,경상사고,0,0,1,0,차대차 - 측면직각충돌,차로위반,건조,맑음,단일로 - 기타,화물,남,68세,상해없음,승용,남,23세,상해없음
2013072400100301,2013년 7월 24일 14시,수요일,제주특별자치도 제주시 봉개동,경상사고,0,0,1,0,차대차 - 측면직각충돌,안전거리미확보,건조,맑음,교차로 - 교차로부근,건설기계,남,33세,상해없음,승용,여,55세,경상
2013072400100331,2013년 7월 24일 15시,수요일,제주특별자치도 제주시 건입동,경상사고,0,0,3,0,차대차 - 측면직각충돌,안전운전불이행,건조,맑음,단일로 - 기타,승용,남,44세,상해없음,승용,여,26세,경상
2013072400100354,2013년 7월 24일 16시,수요일,제주특별자치도 서귀포시 성산읍,경상사고,0,0,1,0,차대차 - 기타,직진우회전진행방해,건조,맑음,교차로 - 교차로안,건설기계,남,33세,기타불명,승용,남,31세,상해없음
2013072400100355,2013년 7월 24일 16시,수요일,제주특별자치도 서귀포시 남원읍,경상사고,0,0,2,0,차대차 - 기타,직진우회전진행방해,건조,맑음,교차로 - 교차로안,승용,남,48세,경상,승용,여,55세,경상
2013072400100445,2013년 7월 24일 19시,수요일,제주특별자치도 제주시 구좌읍,중상사고,0,1,0,0,차대차 - 측면직각충돌,교차로운행방법위반,건조,맑음,교차로 - 교차로안,농기계,남,79세,중상,승용,남,47세,상해없음
2013072400100512,2013년 7월 24일 21시,수요일,제주특별자치도 제주시 이도이동,경상사고,0,0,1,0,차대차 - 측면직각충돌,안전운전불이행,건조,맑음,교차로 - 교차로부근,승용,여,31세,상해없음,승용,남,64세,경상
2013072400100513,2013년 7월 24일 21시,수요일,제주특별자치도 서귀포시 남원읍,중상사고,0,1,0,0,차대사람 - 기타,안전운전불이행,건조,맑음,단일로 - 기타,화물,여,65세,상해없음,보행자,남,44세,중상
2013072400100514,2013년 7월 24일 21시,수요일,제주특별자치도 제주시 용담이동,중상사고,0,1,0,0,차대사람 - 기타,안전운전불이행,건조,맑음,단일로 - 기타,승용,남,48세,상해없음,보행자,여,47세,중상
2013072500100027,2013년 7월 25일 01시,목요일,제주특별자치도 제주시 연동,경상사고,0,0,1,0,차대사람 - 기타,안전운전불이행,건조,맑음,단일로 - 기타,기타불명,기타불명,기타불명,기타불명,보행자,남,37세,경상
2013072500100066,2013년 7월 25일 06시,목요일,제주특별자치도 제주시 일도이동,중상사고,0,1,0,0,차대사람 - 횡단중,안전운전불이행,건조,맑음,기타 - 기타,승용,남,64세,상해없음,보행자,여,76세,중상
2013072500100117,2013년 7월 25일 08시,목요일,제주특별자치도 서귀포시 동홍동,경상사고,0,0,1,0,차대차 - 기타,직진우회전진행방해,건조,맑음,교차로 - 교차로안,승용,여,35세,상해없음,원동기,여,20세,경상
2013072500100304,2013년 7월 25일 14시,목요일,제주특별자치도 서귀포시 동홍동,경상사고,0,0,1,0,차대사람 - 횡단중,안전운전불이행,건조,맑음,교차로 - 교차로부근,승용,남,57세,상해없음,보행자,남,7세,경상
2013072500100397,2013년 7월 25일 16시,목요일,제주특별자치도 제주시 이도일동,경상사고,0,0,2,0,차대차 - 측면직각충돌,안전운전불이행,기타,맑음,단일로 - 기타,원동기,남,70세,상해없음,원동기,남,57세,경상
2013072500100398,2013년 7월 25일 16시,목요일,제주특별자치도 제주시 애월읍,경상사고,0,0,2,0,차대차 - 기타,직진우회전진행방해,건조,맑음,교차로 - 교차로안,승용,여,33세,경상,승용,남,36세,경상
2013072500100470,2013년 7월 25일 18시,목요일,제주특별자치도 서귀포시 서귀동,경상사고,0,0,1,0,차대사람 - 횡단중,안전운전불이행,건조,맑음,교차로 - 교차로안,승용,남,61세,상해없음,보행자,남,17세,경상
2013072500100577,2013년 7월 25일 21시,목요일,제주특별자치도 제주시 용담일동,경상사고,0,0,1,0,차대차 - 추돌 - 주정차중,안전운전불이행,건조,맑음,단일로 - 기타,승용,남,35세,상해없음,승용,남,50세,상해없음
2013072600100055,2013년 7월 26일 04시,금요일,제주특별자치도 제주시 연동,경상사고,0,0,2,0,차대차 - 측면직각충돌,신호위반,건조,기타,교차로 - 교차로안,승합,남,21세,상해없음,승용,남,43세,경상
2013072600100131,2013년 7월 26일 08시,금요일,제주특별자치도 제주시 연동,경상사고,0,0,1,0,차대차 - 기타,안전운전불이행,습기,비,교차로 - 교차로안,승용,남,50세,상해없음,승용,여,34세,경상
2013072600100256,2013년 7월 26일 12시,금요일,제주특별자치도 제주시 이도이동,경상사고,0,0,1,0,차대사람 - 길가장자리구역통행중,안전운전불이행,건조,맑음,단일로 - 기타,승용,여,45세,상해없음,보행자,남,36세,경상
2013072600100310,2013년 7월 26일 14시,금요일,제주특별자치도 제주시 연동,경상사고,0,0,6,0,차대차 - 기타,안전거리미확보,건조,맑음,단일로 - 기타,승용,남,43세,상해없음,승용,여,40세,경상
2013072600100409,2013년 7월 26일 17시,금요일,제주특별자치도 제주시 건입동,경상사고,0,0,1,0,차대사람 - 횡단중,안전운전불이행,건조,맑음,단일로 - 기타,승용,남,54세,상해없음,보행자,남,53세,경상
2013072600100410,2013년 7월 26일 17시,금요일,제주특별자치도 제주시 연동,경상사고,0,0,1,0,차대차 - 기타,안전운전불이행,건조,맑음,단일로 - 기타,승용,남,44세,상해없음,승용,여,52세,경상
2013072600100448,2013년 7월 26일 18시,금요일,제주특별자치도 제주시 이도이동,경상사고,0,0,1,0,차대차 - 측면직각충돌,안전운전불이행,건조,맑음,단일로 - 기타,승용,남,42세,경상,승합,남,42세,상해없음
2013072600100449,2013년 7월 26일 18시,금요일,제주특별자치도 제주시 삼도이동,경상사고,0,0,1,0,차량단독 - 공작물충돌,안전운전불이행,건조,맑음,단일로 - 기타,승합,남,45세,상해없음,,,,
2013072600100509,2013년 7월 26일 20시,금요일,제주특별자치도 서귀포시 서귀동,경상사고,0,0,1,0,차대사람 - 기타,안전운전불이행,건조,맑음,기타 - 기타,승용,남,52세,상해없음,보행자,남,16세,경상
2013072700100020,2013년 7월 27일 00시,토요일,제주특별자치도 제주시 조천읍,경상사고,0,0,1,0,차대사람 - 횡단중,안전운전불이행,건조,맑음,단일로 - 기타,승용,남,50세,상해없음,보행자,여,30세,경상
2013072700100152,2013년 7월 27일 08시,토요일,제주특별자치도 제주시 구좌읍,경상사고,0,0,2,0,차대차 - 측면직각충돌,안전거리미확보,건조,맑음,교차로 - 교차로부근,승용,남,56세,상해없음,승용,남,66세,경상
2013072700100200,2013년 7월 27일 10시,토요일,제주특별자치도 제주시 외도일동,중상사고,0,2,2,0,차대차 - 기타,안전운전불이행,건조,맑음,교차로 - 교차로부근,화물,남,35세,상해없음,승용,여,33세,중상
2013072700100347,2013년 7월 27일 14시,토요일,제주특별자치도 제주시 애월읍,중상사고,0,1,0,3,차량단독 - 공작물충돌,안전운전불이행,건조,맑음,단일로 - 기타,승용,남,44세,상해없음,,,,
2013072700100348,2013년 7월 27일 14시,토요일,제주특별자치도 제주시 외도이동,부상신고사고,0,0,0,1,차대사람 - 기타,안전운전불이행,건조,맑음,단일로 - 기타,승용,남,41세,상해없음,보행자,남,9세,부상신고
2013072700100349,2013년 7월 27일 14시,토요일,제주특별자치도 제주시 한경면,중상사고,0,2,1,0,차대차 - 측면직각충돌,신호위반,건조,맑음,교차로 - 교차로안,승용,남,77세,경상,승용,여,34세,중상
2013072700100442,2013년 7월 27일 17시,토요일,제주특별자치도 제주시 오라일동,경상사고,0,0,1,0,차대차 - 측면직각충돌,교차로운행방법위반,건조,맑음,교차로 - 교차로안,원동기,남,72세,경상,승용,여,57세,상해없음
2013072700100513,2013년 7월 27일 19시,토요일,제주특별자치도 제주시 이호이동,중상사고,0,1,0,0,차대사람 - 기타,보행자보호의무위반,건조,맑음,단일로 - 기타,승용,남,38세,상해없음,보행자,여,9세,중상
2013072700100549,2013년 7월 27일 20시,토요일,제주특별자치도 제주시 내도동,중상사고,0,1,2,0,차대차 - 기타,신호위반,건조,기타,교차로 - 교차로안,승용,남,22세,상해없음,승용,남,57세,경상
2013072700100581,2013년 7월 27일 21시,토요일,제주특별자치도 제주시 해안동,경상사고,0,0,1,0,차대차 - 기타,안전운전불이행,건조,맑음,단일로 - 기타,승용,남,42세,상해없음,승용,남,52세,경상
2013072700100645,2013년 7월 27일 23시,토요일,제주특별자치도 제주시 연동,경상사고,0,0,2,0,차대차 - 기타,안전운전불이행,건조,맑음,단일로 - 기타,승용,남,32세,상해없음,승용,남,27세,경상
2013072800100015,2013년 7월 28일 00시,일요일,제주특별자치도 제주시 용담이동,경상사고,0,0,2,0,차대차 - 기타,신호위반,건조,맑음,교차로 - 교차로안,승용,남,49세,상해없음,승용,남,48세,경상
2013072800100038,2013년 7월 28일 01시,일요일,제주특별자치도 제주시 일도이동,경상사고,0,0,2,0,차대차 - 측면직각충돌,안전운전불이행,건조,맑음,단일로 - 기타,승용,남,38세,경상,승용,남,51세,경상
2013072800100058,2013년 7월 28일 02시,일요일,제주특별자치도 제주시 용담이동,경상사고,0,0,3,0,차대차 - 기타,안전운전불이행,건조,맑음,교차로 - 교차로안,승용,여,40세,상해없음,승용,남,48세,경상