사고번호,사고일시,요일,시군구,사고내용,사망자수,중상자수,경상자수,부상신고자수,사고유형,법규위반,노면상태,기상상태,도로형태,가해운전자 차종,가해운전자 성별,가해운전자 연령,가해운전자 상해정도,피해운전자 차종,피해운전자 성별,피해운전자 연령,피해운전자 상해정도
2013072800100096,2013년 7월 28일 05시,일요일,제주특별자치도 서귀포시 상예동,경상사고,0,0,1,0,차대차 - 추돌 - 진행중,안전운전불이행,건조,흐림,단일로 - 기타,승용,남,28세,경상,농기계,남,65세,상해없음
2013072800100203,2013년 7월 28일 11시,일요일,제주특별자치도 제주시 노형동,경상사고,0,0,2,0,차대차 - 측면직각충돌,교차로운행방법위반,건조,맑음,교차로 - 교차로안,승용,남,59세,경상,승용,남,27세,경상
2013072800100223,2013년 7월 28일 12시,일요일,제주특별자치도 서귀포시 동홍동,경상사고,0,0,1,0,차대차 - 기타,안전운전불이행,건조,맑음,교차로 - 교차로부근,승용,남,60세,상해없음,원동기,여,63세,경상
2013072800100328,2013년 7월 28일 16시,일요일,제주특별자치도 제주시 노형동,경상사고,0,0,1,1,차대차 - 기타,안전운전불이행,건조,맑음,단일로 - 기타,승용,여,40세,상해없음,승용,남,54세,부상신고
2013072800100369,2013년 7월 28일 18시,일요일,제주특별자치도 제주시 도평동,경상사고,0,0,1,0,차대차 - 기타,안전운전불이행,건조,맑음,교차로 - 교차로안,화물,여,60세,상해없음,승용,여,33세,경상
2013072900100161,2013년 7월 29일 11시,월요일,제주특별자치도 서귀포시 남원읍,경상사고,0,0,1,0,차대차 - 기타,안전운전불이행,건조,맑음,단일로 - 기타,승용,여,30세,기타불명,원동기,여,19세,경상
2013072900100242,2013년 7월 29일 14시,월요일,제주특별자치도 제주시 일도일동,경상사고,0,0,1,0,차대차 - 측면직각충돌,안전운전불이행,건조,맑음,단일로 - 기타,승합,남,51세,상해없음,승용,여,42세,경상
2013072900100243,2013년 7월 29일 14시,월요일,제주특별자치도 서귀포시 남원읍,경상사고,0,0,1,0,차대차 - 기타,기타,건조,맑음,교차로 - 교차로안,승합,남,59세,상해없음,자전거,남,14세,경상
2013072900100385,2013년 7월 29일 18시,월요일,제주특별자치도 제주시 노형동,경상사고,0,0,1,0,차대차 - 추돌 - 진행중,안전거리미확보,건조,맑음,단일로 - 기타,승용,남,22세,상해없음,화물,남,49세,경상
2013072900100455,2013년 7월 29일 20시,월요일,제주특별자치도 제주시 조천읍,경상사고,0,0,1,0,차대사람 - 횡단중,안전운전불이행,건조,맑음,교차로 - 교차로부근,승용,남,18세,상해없음,보행자,여,93세,경상
2013073000100042,2013년 7월 30일 03시,화요일,제주특별자치도 제주시 이도이동,경상사고,0,0,1,0,차량단독 - 공작물충돌,안전운전불이행,건조,맑음,단일로 - 기타,승용,남,61세,경상,,,,
2013073000100065,2013년 7월 30일 06시,화요일,제주특별자치도 제주시 봉개동,경상사고,0,0,1,0,차대차 - 측면직각충돌,신호위반,건조,맑음,교차로 - 교차로안,승용,남,78세,상해없음,승용,여,40세,경상
2013073000100128,2013년 7월 30일 09시,화요일,제주특별자치도 제주시 봉개동,경상사고,0,0,1,0,차대차 - 측면직각충돌,교차로운행방법위반,건조,맑음,교차로 - 교차로안,승용,남,24세,경상,화물,남,55세,상해없음
2013073000100196,2013년 7월 30일 11시,화요일,제주특별자치도 제주시 연동,경상사고,0,0,2,0,차대차 - 기타,안전거리미확보,건조,맑음,단일로 - 기타,승용,여,54세,상해없음,승용,여,28세,경상
2013073000100227,2013년 7월 30일 12시,화요일,제주특별자치도 제주시 이도이동,부상신고사고,0,0,0,1,차대차 - 측면직각충돌,교차로운행방법위반,건조,맑음,교차로 - 교차로안,승용,여,33세,부상신고,화물,남,37세,상해없음
2013073000100228,2013년 7월 30일 12시,화요일,제주특별자치도 제주시 연동,경상사고,0,0,2,0,차대차 - 기타,안전거리미확보,건조,맑음,교차로 - 교차로부근,기타불명,기타불명,기타불명,기타불명,승합,남,52세,상해없음
2013073000100259,2013년 7월 30일 13시,화요일,제주특별자치도 서귀포시 대정읍,경상사고,0,0,1,0,차대차 - 추돌 - 주정차중,안전운전불이행,건조,맑음,단일로 - 기타,화물,여,62세,경상,화물,남,45세,상해없음
2013073000100260,2013년 7월 30일 13시,화요일,제주특별자치도 제주시 노형동,부상신고사고,0,0,0,1,차대차 - 기타,신호위반,건조,맑음,교차로 - 교차로안,이륜,남,32세,부상신고,승용,남,42세,상해없음
2013073000100330,2013년 7월 30일 15시,화요일,제주특별자치도 서귀포시 표선면,중상사고,0,1,2,0,차대차 - 측면직각충돌,신호위반,건조,맑음,교차로 - 교차로안,승용,남,75세,상해없음,승용,남,48세,경상
2013073000100366,2013년 7월 30일 16시,화요일,제주특별자치도 서귀포시 중문동,부상신고사고,0,0,0,1,차대차 - 추돌 - 진행중,안전운전불이행,건조,맑음,교차로 - 교차로안,원동기,남,36세,부상신고,승용,남,26세,상해없음
2013073000100518,2013년 7월 30일 20시,화요일,제주특별자치도 제주시 용담이동,경상사고,0,0,1,0,차대사람 - 횡단중,안전운전불이행,건조,맑음,단일로 - 기타,승용,남,51세,상해없음,보행자,남,45세,경상
2013073000100519,2013년 7월 30일 20시,화요일,제주특별자치도 서귀포시 성산읍,경상사고,0,0,1,0,차대차 - 기타,안전운전불이행,건조,맑음,단일로 - 기타,승용,여,37세,경상,승용,여,26세,상해없음
2013073000100558,2013년 7월 30일 21시,화요일,제주특별자치도 제주시 연동,중상사고,0,1,2,0,차대차 - 추돌 - 진행중,안전운전불이행,건조,맑음,단일로 - 기타,화물,남,31세,상해없음,승용,남,39세,경상
2013073000100592,2013년 7월 30일 22시,화요일,제주특별자치도 서귀포시 표선면,중상사고,0,1,0,0,차량단독 - 공작물충돌,안전운전불이행,건조,맑음,단일로 - 기타,원동기,남,28세,중상,,,,
2013073000100622,2013년 7월 30일 23시,화요일,제주특별자치도 제주시 연동,중상사고,0,1,0,0,차대사람 - 횡단중,보행자보호의무위반,건조,기타,단일로 - 횡단보도상,승용,여,61세,상해없음,보행자,남,41세,중상
2013073100100020,2013년 7월 31일 00시,수요일,제주특별자치도 제주시 용담일동,중상사고,0,1,0,0,차대사람 - 횡단중,안전운전불이행,건조,맑음,단일로 - 기타,승용,남,28세,상해없음,보행자,남,36세,중상
2013073100100142,2013년 7월 31일 08시,수요일,제주특별자치도 제주시 건입동,중상사고,0,1,0,0,차대사람 - 횡단중,안전운전불이행,건조,맑음,단일로 - 기타,건설기계,남,54세,상해없음,보행자,남,78세,중상
2013073100100167,2013년 7월 31일 09시,수요일,제주특별자치도 제주시 일도이동,경상사고,0,0,1,0,차대차 - 측면직각충돌,안전거리미확보,건조,맑음,교차로 - 교차로부근,화물,남,24세,상해없음,화물,남,25세,상해없음
2013073100100192,2013년 7월 31일 10시,수요일,제주특별자치도 제주시 월평동,경상사고,0,0,2,0,차대차 - 측면직각충돌,안전거리미확보,건조,맑음,교차로 - 교차로부근,승용,남,45세,경상,화물,남,31세,경상
2013073100100193,2013년 7월 31일 10시,수요일,제주특별자치도 제주시 이호이동,경상사고,0,0,4,0,차대차 - 추돌 - 진행중,교차로운행방법위반,건조,맑음,교차로 - 교차로안,승용,여,38세,경상,승용,남,47세,경상
2013073100100296,2013년 7월 31일 13시,수요일,제주특별자치도 서귀포시 안덕면,경상사고,0,0,4,0,차대차 - 추돌 - 진행중,안전운전불이행,건조,맑음,교차로 - 교차로부근,특수,남,55세,상해없음,승용,남,48세,경상
2013073100100297,2013년 7월 31일 13시,수요일,제주특별자치도 서귀포시 안덕면,경상사고,0,0,1,0,차대차 - 기타,교차로운행방법위반,건조,맑음,교차로 - 교차로안,승용,남,35세,상해없음,승용,남,68세,상해없음
2013073100100493,2013년 7월 31일 19시,수요일,제주특별자치도 제주시 노형동,경상사고,0,0,1,0,차대차 - 측면직각충돌,교차로운행방법위반,건조,맑음,교차로 - 교차로안,승용,남,45세,상해없음,원동기,남,61세,경상
2013073100100521,2013년 7월 31일 20시,수요일,제주특별자치도 제주시 이도이동,중상사고,0,1,0,0,차대사람 - 횡단중,보행자보호의무위반,건조,맑음,교차로 - 교차로부근,승합,남,72세,상해없음,보행자,여,83세,중상
2013073100100584,2013년 7월 31일 22시,수요일,제주특별자치도 제주시 일도이동,중상사고,0,1,0,0,차대차 - 측면직각충돌,안전운전불이행,건조,맑음,단일로 - 기타,화물,남,40세,상해없음,이륜,남,28세,중상
2013073100100585,2013년 7월 31일 22시,수요일,제주특별자치도 제주시 우도면,경상사고,0,0,1,0,차대차 - 측면직각충돌,안전운전불이행,건조,맑음,단일로 - 기타,승용,남,33세,상해없음,이륜,남,22세,경상
2013080100100110,2013년 8월 1일 07시,목요일,제주특별자치도 제주시 도남동,경상사고,0,0,1,0,차대차 - 측면직각충돌,기타,건조,맑음,교차로 - 교차로안,승합,남,19세,상해없음,승용,남,31세,경상
2013080100100111,2013년 8월 1일 07시,목요일,제주특별자치도 제주시 오라일동,경상사고,0,0,2,0,차대차 - 측면직각충돌,신호위반,건조,맑음,교차로 - 교차로안,승용,여,50세,경상,승용,여,42세,경상
2013080100100133,2013년 8월 1일 08시,목요일,제주특별자치도 제주시 건입동,부상신고사고,0,0,0,1,차대차 - 측면직각충돌,교차로운행방법위반,건조,맑음,교차로 - 교차로안,승용,여,32세,부상신고,승합,남,60세,상해없음
2013080100100134,2013년 8월 1일 08시,목요일,제주특별자치도 제주시 구좌읍,중상사고,0,1,2,0,차대차 - 측면직각충돌,안전거리미확보,건조,맑음,단일로 - 기타,기타불명,기타불명,기타불명,기타불명,승용,남,53세,경상
2013080100100135,2013년 8월 1일 08시,목요일,제주특별자치도 제주시 도남동,중상사고,0,1,0,0,차대차 - 측면직각충돌,안전운전불이행,건조,맑음,교차로 - 교차로부근,이륜,남,30세,중상,승용,여,30세,상해없음
2013080100100136,2013년 8월 1일 08시,목요일,제주특별자치도 제주시 이도이동,경상사고,0,0,1,0,차대차 - 측면직각충돌,안전운전불이행,건조,맑음,교차로 - 교차로안,승용,남,54세,상해없음,승용,남,30세,경상
2013080100100167,2013년 8월 1일 09시,목요일,제주특별자치도 제주시 이도이동,경상사고,0,0,4,0,차대차 - 측면직각충돌,안전운전불이행,건조,맑음,단일로 - 기타,승용,여,52세,상해없음,승용,남,44세,경상
2013080100100235,2013년 8월 1일 11시,목요일,제주특별자치도 제주시 삼도이동,중상사고,0,1,0,0,차대차 - 측면직각충돌,안전운전불이행,건조,맑음,단일로 - 기타,승합,남,36세,상해없음,승용,여,55세,중상
2013080100100265,2013년 8월 1일 12시,목요일,제주특별자치도 서귀포시 색달동,중상사고,0,1,2,0,차대차 - 측면직각충돌,중앙선침범,건조,맑음,단일로 - 기타,승용,남,34세,경상,승용,남,53세,상해없음
2013080100100313,2013년 8월 1일 14시,목요일,제주특별자치도 제주시 일도일동,경상사고,0,0,1,0,차대차 - 측면직각충돌,안전거리미확보,건조,맑음,단일로 - 기타,승용,여,64세,상해없음,승용,남,29세,상해없음
2013080100100314,2013년 8월 1일 14시,목요일,제주특별자치도 서귀포시 표선면,부상신고사고,0,0,0,1,차대차 - 기타,중앙선침범,건조,맑음,단일로 - 기타,농기계,남,70세,부상신고,승합,남,44세,상해없음
2013080100100428,2013년 8월 1일 17시,목요일,제주특별자치도 제주시 조천읍,중상사고,0,1,5,0,차대차 - 측면직각충돌,안전거리미확보,건조,맑음,단일로 - 기타,승용,남,53세,상해없음,화물,남,61세,경상
2013080100100458,2013년 8월 1일 18시,목요일,제주특별자치도 제주시 연동,중상사고,0,1,0,0,차대사람 - 보도통행중,안전운전불이행,건조,맑음,단일로 - 기타,승합,남,57세,상해없음,보행자,남,32세,중상
2013080200100018,2013년 8월 2일 00시,금요일,제주특별자치도 제주시 회천동,중상사고,0,1,0,0,차량단독 - 공작물충돌,안전운전불이행,건조,맑음,교차로 - 교차로안,승용,여,25세,중상,,,,
2013080200100051,2013년 8월 2일 03시,금요일,제주특별자치도 제주시 일도이동,경상사고,0,0,2,0,차대차 - 측면직각충돌,안전운전불이행,건조,맑음,교차로 - 교차로부근,승용,남,21세,상해없음,승용,남,50세,상해없음
2013080200100089,2013년 8월 2일 07시,금요일,제주특별자치도 서귀포시 강정동,중상사고,0,1,0,0,차대차 - 기타,직진우회전진행방해,건조,맑음,교차로 - 교차로안,원동기,남,67세,중상,승용,남,53세,상해없음
2013080200100122,2013년 8월 2일 09시,금요일,제주특별자치도 서귀포시 색달동,경상사고,0,0,1,0,차대차 - 기타,직진우회전진행방해,건조,맑음,교차로 - 교차로안,승용,남,57세,상해없음,승용,남,34세,경상
2013080200100146,2013년 8월 2일 10시,금요일,제주특별자치도 서귀포시 성산읍,경상사고,0,0,1,0,차대차 - 기타,안전운전불이행,건조,맑음,단일로 - 기타,원동기,여,58세,경상,승용,여,47세,상해없음
2013080200100147,2013년 8월 2일 10시,금요일,제주특별자치도 서귀포시 신효동,부상신고사고,0,0,0,1,차대차 - 기타,안전운전불이행,건조,맑음,단일로 - 기타,승용,남,38세,상해없음,승용,남,33세,부상신고
2013080200100148,2013년 8월 2일 10시,금요일,제주특별자치도 제주시 용담이동,경상사고,0,0,1,0,차대차 - 기타,신호위반,건조,맑음,교차로 - 교차로안,이륜,남,33세,경상,승용,남,24세,상해없음
2013080200100178,2013년 8월 2일 11시,금요일,제주특별자치도 제주시 한림읍,중상사고,0,1,0,0,차대차 - 기타,안전운전불이행,건조,맑음,교차로 - 교차로안,원동기,여,76세,중상,승용,남,48세,상해없음
2013080200100214,2013년 8월 2일 12시,금요일,제주특별자치도 제주시 화북일동,경상사고,0,0,1,0,차대차 - 측면직각충돌,안전운전불이행,건조,맑음,단일로 - 기타,승용,여,37세,상해없음,자전거,남,25세,경상
2013080200100249,2013년 8월 2일 13시,금요일,제주특별자치도 제주시 이도이동,경상사고,0,0,1,0,차대사람 - 횡단중,보행자보호의무위반,건조,맑음,단일로 - 횡단보도상,승용,여,64세,상해없음,보행자,남,62세,경상
2013080200100312,2013년 8월 2일 15시,금요일,제주특별자치도 제주시 노형동,중상사고,0,1,2,0,차대차 - 기타,교차로운행방법위반,건조,맑음,교차로 - 교차로안,승용,남,31세,경상,승용,남,44세,경상
2013080200100342,2013년 8월 2일 16시,금요일,제주특별자치도 제주시 조천읍,중상사고,0,1,0,0,차대차 - 측면직각충돌,안전운전불이행,건조,맑음,단일로 - 기타,승용,남,73세,상해없음,화물,남,44세,중상
2013080200100343,2013년 8월 2일 16시,금요일,제주특별자치도 제주시 한림읍,중상사고,0,2,2,0,차대차 - 기타,직진우회전진행방해,건조,맑음,교차로 - 교차로안,승용,남,54세,상해없음,승용,남,53세,상해없음
2013080200100344,2013년 8월 2일 16시,금요일,제주특별자치도 제주시 노형동,경상사고,0,0,1,0,차대차 - 측면직각충돌,직진우회전진행방해,건조,맑음,교차로 - 교차로안,승용,여,54세,상해없음,승용,남,57세,경상
2013080200100446,2013년 8월 2일 19시,금요일,제주특별자치도 서귀포시 동홍동,중상사고,0,1,0,0,차대사람 - 기타,보행자보호의무위반,건조,맑음,교차로 - 교차로안,승용,남,41세,상해없음,보행자,여,59세,중상
2013080300100118,2013년 8월 3일 07시,토요일,제주특별자치도 제주시 오라일동,경상사고,0,0,1,0,차대사람 - 횡단중,안전운전불이행,건조,맑음,단일로 - 기타,승용,기타불명,기타불명,기타불명,보행자,여,75세,경상
2013080300100119,2013년 8월 3일 07시,토요일,제주특별자치도 제주시 구좌읍,경상사고,0,0,1,0,차대차 - 측면직각충돌,교차로운행방법위반,건조,맑음,교차로 - 교차로안,이륜,남,66세,경상,화물,남,72세,상해없음
2013080300100120,2013년 8월 3일 07시,토요일,제주특별자치도 제주시 노형동,부상신고사고,0,0,0,1,차대차 - 기타,중앙선침범,건조,맑음,단일로 - 기타,원동기,남,49세,부상신고,승용,남,24세,상해없음
2013080300100166,2013년 8월 3일 09시,토요일,제주특별자치도 제주시 삼양이동,경상사고,0,0,1,0,차대차 - 측면직각충돌,신호위반,건조,맑음,교차로 - 교차로안,승용,남,42세,상해없음,승용,남,29세,경상
2013080300100167,2013년 8월 3일 09시,토요일,제주특별자치도 제주시 삼도이동,경상사고,0,0,1,0,차대차 - 측면직각충돌,안전거리미확보,건조,맑음,단일로 - 기타,승용,남,34세,상해없음,승용,남,40세,경상
2013080300100168,2013년 8월 3일 09시,토요일,제주특별자치도 제주시 연동,경상사고,0,0,2,0,차대차 - 기타,안전거리미확보,건조,맑음,단일로 - 기타,원동기,남,56세,경상,승용,남,45세,상해없음
2013080300100216,2013년 8월 3일 11시,토요일,제주특별자치도 제주시 건입동,중상사고,0,1,0,0,차대차 - 추돌 - 진행중,안전운전불이행,건조,맑음,기타 - 기타,승용,여,46세,상해없음,승용,여,60세,중상
2013080300100253,2013년 8월 3일 12시,토요일,제주특별자치도 제주시 일도이동,중상사고,0,1,0,0,차대차 - 측면직각충돌,신호위반,건조,맑음,교차로 - 교차로안,화물,남,50세,상해없음,이륜,남,44세,중상
2013080300100254,2013년 8월 3일 12시,토요일,제주특별자치도 서귀포시 토평동,중상사고,0,2,4,0,차대차 - 추돌 - 진행중,중앙선침범,건조,맑음,교차로 - 교차로부근,승용,여,40세,상해없음,승용,여,35세,경상
2013080300100292,2013년 8월 3일 13시,토요일,제주특별자치도 서귀포시 안덕면,중상사고,0,1,0,0,차대사람 - 기타,안전운전불이행,건조,맑음,기타 - 기타,승용,여,18세,상해없음,보행자,남,48세,중상
2013080300100331,2013년 8월 3일 14시,토요일,제주특별자치도 서귀포시 법환동,부상신고사고,0,0,0,1,차대차 - 기타,안전운전불이행,습기,비,교차로 - 교차로부근,자전거,남,12세,부상신고,승용,여,47세,상해없음
2013080300100363,2013년 8월 3일 15시,토요일,제주특별자치도 제주시 일도일동,경상사고,0,0,1,0,차대사람 - 횡단중,보행자보호의무위반,건조,맑음,단일로 - 횡단보도상,원동기,남,17세,상해없음,보행자,남,5세,경상
2013080300100483,2013년 8월 3일 18시,토요일,제주특별자치도 제주시 노형동,경상사고,0,0,1,0,차대차 - 기타,중앙선침범,건조,맑음,단일로 - 기타,기타불명,기타불명,기타불명,기타불명,승용,남,47세,상해없음
2013080300100581,2013년 8월 3일 21시,토요일,제주특별자치도 제주시 오라일동,경상사고,0,0,1,0,차대차 - 측면직각충돌,안전운전불이행,기타,맑음,단일로 - 기타,승용,남,33세,상해없음,승용,여,54세,경상
2013080300100614,2013년 8월 3일 22시,토요일,제주특별자치도 제주시 해안동,경상사고,0,0,2,0,차대차 - 기타,직진우회전진행방해,건조,맑음,교차로 - 교차로안,승용,남,46세,경상,화물,남,65세,경상
2013080400100060,2013년 8월 4일 05시,일요일,제주특별자치도 제주시 이도이동,경상사고,0,0,1,0,차대차 - 추돌 - 주정차중,안전운전불이행,건조,맑음,교차로 - 교차로부근,승용,남,23세,상해없음,승용,남,41세,경상
2013080400100061,2013년 8월 4일 05시,일요일,제주특별자치도 제주시 오라일동,중상사고,0,1,1,0,차량단독 - 공작물충돌,안전운전불이행,건조,맑음,단일로 - 기타,승용,남,21세,경상,,,,
2013080400100078,2013년 8월 4일 07시,일요일,제주특별자치도 서귀포시 남원읍,중상사고,0,1,0,0,차대차 - 기타,안전거리미확보,건조,맑음,단일로 - 기타,승용,남,39세,상해없음,화물,남,47세,중상
2013080400100110,2013년 8월 4일 09시,일요일,제주특별자치도 서귀포시 성산읍,경상사고,0,0,1,0,차량단독 - 공작물충돌,안전운전불이행,건조,맑음,단일로 - 기타,자전거,남,52세,경상,,,,
2013080400100138,2013년 8월 4일 10시,일요일,제주특별자치도 제주시 구좌읍,중상사고,0,1,2,0,차대차 - 측면직각충돌,중앙선침범,기타,맑음,단일로 - 기타,승용,남,23세,상해없음,승용,남,51세,경상
2013080400100139,2013년 8월 4일 10시,일요일,제주특별자치도 서귀포시 서귀동,경상사고,0,0,1,0,차대차 - 기타,안전운전불이행,건조,맑음,단일로 - 기타,승용,남,41세,상해없음,화물,남,70세,상해없음
2013080400100209,2013년 8월 4일 13시,일요일,제주특별자치도 제주시 아라일동,중상사고,0,1,2,0,차량단독 - 공작물충돌,안전운전불이행,건조,맑음,단일로 - 기타,승용,여,20세,경상,,,,
2013080400100210,2013년 8월 4일 13시,일요일,제주특별자치도 제주시 오라삼동,경상사고,0,0,1,0,차대차 - 측면직각충돌,안전운전불이행,건조,맑음,교차로 - 교차로안,승용,여,36세,상해없음,승용,남,51세,상해없음
2013080400100211,2013년 8월 4일 13시,일요일,제주특별자치도 제주시 연동,중상사고,0,1,0,0,차대차 - 기타,안전운전불이행,건조,맑음,단일로 - 기타,승용,남,36세,상해없음,자전거,남,38세,중상
2013080400100242,2013년 8월 4일 14시,일요일,제주특별자치도 서귀포시 안덕면,중상사고,0,1,1,0,차대차 - 기타,안전운전불이행,건조,맑음,단일로 - 기타,승용,남,29세,상해없음,원동기,남,73세,경상
2013080400100386,2013년 8월 4일 19시,일요일,제주특별자치도 제주시 외도일동,중상사고,0,2,0,0,차대차 - 추돌 - 진행중,기타,건조,맑음,단일로 - 기타,이륜,남,45세,중상,이륜,남,24세,중상
2013080500100009,2013년 8월 5일 00시,월요일,제주특별자치도 제주시 이도이동,경상사고,0,0,2,0,차대차 - 측면직각충돌,안전거리미확보,기타,맑음,단일로 - 기타,승용,여,46세,상해없음,승용,남,64세,경상
2013080500100227,2013년 8월 5일 12시,월요일,제주특별자치도 제주시 구좌읍,중상사고,0,1,0,0,차량단독 - 도로외이탈 - 기타,안전운전불이행,건조,맑음,단일로 - 기타,승용,남,24세,중상,,,,
2013080500100300,2013년 8월 5일 14시,월요일,제주특별자치도 제주시 일도이동,중상사고,0,1,1,0,차대차 - 측면직각충돌,안전거리미확보,건조,맑음,단일로 - 기타,승용,남,21세,상해없음,승용,남,24세,경상
2013080500100301,2013년 8월 5일 14시,월요일,제주특별자치도 서귀포시 대정읍,부상신고사고,0,0,0,1,차대차 - 측면직각충돌,직진우회전진행방해,건조,맑음,교차로 - 교차로안,승용,남,71세,부상신고,원동기,남,52세,상해없음
2013080500100302,2013년 8월 5일 14시,월요일,제주특별자치도 제주시 외도일동,중상사고,0,1,0,0,차대차 - 기타,안전운전불이행,건조,맑음,단일로 - 기타,승합,남,57세,상해없음,승용,여,32세,중상
2013080500100326,2013년 8월 5일 15시,월요일,제주특별자치도 제주시 용담삼동,중상사고,0,1,0,0,차대사람 - 횡단중,안전운전불이행,건조,맑음,교차로 - 교차로안,승용,여,46세,상해없음,보행자,여,71세,중상
2013080500100327,2013년 8월 5일 15시,월요일,제주특별자치도 서귀포시 서귀동,경상사고,0,0,1,0,차대차 - 기타,신호위반,건조,맑음,교차로 - 교차로안,화물,남,64세,상해없음,승용,남,57세,경상
2013080500100360,2013년 8월 5일 16시,월요일,제주특별자치도 서귀포시 동홍동,중상사고,0,1,0,0,차대사람 - 횡단중,보행자보호의무위반,건조,맑음,단일로 - 기타,승용,여,55세,상해없음,보행자,여,12세,중상
2013080500100517,2013년 8월 5일 20시,월요일,제주특별자치도 제주시 한경면,부상신고사고,0,0,0,1,차대차 - 기타,안전운전불이행,건조,맑음,단일로 - 기타,승용,기타불명,기타불명,기타불명,자전거,남,14세,부상신고
2013080600100076,2013년 8월 6일 06시,화요일,제주특별자치도 서귀포시 동홍동,경상사고,0,0,1,0,차대사람 - 기타,보행자보호의무위반,건조,맑음,단일로 - 기타,승용,남,38세,상해없음,보행자,남,77세,경상
2013080600100077,2013년 8월 6일 06시,화요일,제주특별자치도 제주시 노형동,경상사고,0,0,1,0,차대차 - 기타,안전운전불이행,건조,맑음,단일로 - 기타,승용,남,46세,상해없음,승용,남,57세,상해없음
2013080600100098,2013년 8월 6일 07시,화요일,제주특별자치도 제주시 구좌읍,중상사고,0,1,0,0,차대차 - 측면직각충돌,중앙선침범,건조,맑음,단일로 - 기타,기타불명,기타불명,기타불명,기타불명,승용,여,21세,중상
2013080600100099,2013년 8월 6일 07시,화요일,제주특별자치도 제주시 용담삼동,중상사고,0,1,0,0,차대사람 - 기타,보행자보호의무위반,건조,맑음,단일로 - 횡단보도상,승용,여,35세,상해없음,보행자,여,49세,중상
2013080600100130,2013년 8월 6일 08시,화요일,제주특별자치도 서귀포시 중문동,경상사고,0,0,2,0,차대차 - 측면직각충돌,직진우회전진행방해,건조,맑음,교차로 - 교차로안,화물,남,35세,상해없음,승용,남,30세,경상
2013080600100157,2013년 8월 6일 09시,화요일,제주특별자치도 제주시 우도면,경상사고,0,0,1,0,차대차 - 측면직각충돌,안전운전불이행,기타,맑음,단일로 - 기타,원동기,여,22세,상해없음,원동기,남,28세,경상
2013080600100221,2013년 8월 6일 11시,화요일,제주특별자치도 제주시 봉개동,경상사고,0,0,2,0,차량단독 - 공작물충돌,안전운전불이행,기타,맑음,단일로 - 기타,승합,남,38세,상해없음,,,,
2013080600100222,2013년 8월 6일 11시,화요일,제주특별자치도 제주시 구좌읍,중상사고,0,1,0,0,차대차 - 측면직각충돌,중앙선침범,건조,맑음,단일로 - 기타,화물,남,52세,상해없음,원동기,여,64세,중상
2013080600100223,2013년 8월 6일 11시,화요일,제주특별자치도 제주시 오라이동,경상사고,0,0,1,0,차대차 - 측면직각충돌,안전운전불이행,기타,맑음,단일로 - 기타,승용,여,36세,상해없음,자전거,여,32세,경상
2013080600100247,2013년 8월 6일 12시,화요일,제주특별자치도 제주시 연동,경상사고,0,0,1,0,차대사람 - 기타,안전운전불이행,건조,맑음,교차로 - 교차로안,기타불명,기타불명,기타불명,기타불명,보행자,남,56세,경상
2013080600100322,2013년 8월 6일 14시,화요일,제주특별자치도 서귀포시 대정읍,경상사고,0,0,1,0,차대차 - 추돌 - 진행중,안전운전불이행,건조,맑음,단일로 - 기타,이륜,남,79세,경상,자전거,남,14세,상해없음
2013080600100359,2013년 8월 6일 15시,화요일,제주특별자치도 제주시 삼도일동,경상사고,0,0,1,0,차대차 - 측면직각충돌,교차로운행방법위반,건조,맑음,교차로 - 교차로안,승용,남,42세,상해없음,승용,여,25세,경상
2013080600100393,2013년 8월 6일 16시,화요일,제주특별자치도 제주시 일도일동,경상사고,0,0,1,0,차대차 - 측면직각충돌,안전운전불이행,건조,맑음,교차로 - 교차로부근,이륜,남,39세,상해없음,자전거,여,68세,경상
2013080600100394,2013년 8월 6일 16시,화요일,제주특별자치도 서귀포시 동홍동,경상사고,0,0,1,0,차량단독 - 공작물충돌,안전운전불이행,건조,맑음,단일로 - 기타,승용,여,62세,경상,,,,
2013080600100440,2013년 8월 6일 17시,화요일,제주특별자치도 서귀포시 강정동,중상사고,0,1,0,0,차대차 - 측면직각충돌,직진우회전진행방해,건조,맑음,교차로 - 교차로안,승용,남,38세,상해없음,승용,여,50세,중상
2013080600100481,2013년 8월 6일 18시,화요일,제주특별자치도 제주시 삼도이동,경상사고,0,0,1,0,차대차 - 추돌 - 진행중,안전거리미확보,건조,맑음,교차로 - 교차로부근,승용,여,59세,상해없음,승용,남,43세,경상
2013080600100516,2013년 8월 6일 19시,화요일,제주특별자치도 제주시 한림읍,경상사고,0,0,2,0,차대차 - 추돌 - 주정차중,안전운전불이행,건조,맑음,단일로 - 기타,승용,남,68세,상해없음,승용,남,39세,경상
2013080600100558,2013년 8월 6일 20시,화요일,제주특별자치도 서귀포시 안덕면,부상신고사고,0,0,0,1,차대차 - 추돌 - 진행중,안전운전불이행,건조,맑음,교차로 - 교차로부근,승용,남,28세,상해없음,승용,남,33세,부상신고