사고번호,사고일시,요일,시군구,사고내용,사망자수,중상자수,경상자수,부상신고자수,사고유형,법규위반,노면상태,기상상태,도로형태,가해운전자 차종,가해운전자 성별,가해운전자 연령,가해운전자 상해정도,피해운전자 차종,피해운전자 성별,피해운전자 연령,피해운전자 상해정도
2013080700100010,2013년 8월 7일 00시,수요일,제주특별자치도 제주시 이도이동,중상사고,0,1,1,0,차대차 - 측면직각충돌,안전운전불이행,건조,맑음,교차로 - 교차로안,승용,남,31세,상해없음,승용,남,63세,경상
2013080700100017,2013년 8월 7일 01시,수요일,제주특별자치도 제주시 건입동,중상사고,0,1,0,0,차대사람 - 횡단중,안전운전불이행,건조,맑음,단일로 - 기타,승용,여,47세,상해없음,보행자,남,31세,중상
2013080700100018,2013년 8월 7일 01시,수요일,제주특별자치도 서귀포시 서귀동,중상사고,0,1,0,0,차대사람 - 기타,안전운전불이행,건조,맑음,교차로 - 교차로부근,승용,여,53세,상해없음,보행자,여,51세,중상
2013080700100060,2013년 8월 7일 05시,수요일,제주특별자치도 서귀포시 표선면,중상사고,0,1,0,0,차대차 - 추돌 - 진행중,안전운전불이행,건조,맑음,단일로 - 기타,승합,남,59세,상해없음,농기계,남,75세,중상
2013080700100061,2013년 8월 7일 05시,수요일,제주특별자치도 제주시 연동,경상사고,0,0,1,0,차대사람 - 기타,안전운전불이행,건조,맑음,단일로 - 기타,승용,남,55세,상해없음,보행자,남,53세,경상
2013080700100089,2013년 8월 7일 07시,수요일,제주특별자치도 제주시 아라일동,경상사고,0,0,2,0,차대차 - 측면직각충돌,안전운전불이행,건조,맑음,단일로 - 기타,화물,남,56세,상해없음,승용,남,30세,경상
2013080700100118,2013년 8월 7일 08시,수요일,제주특별자치도 제주시 연동,경상사고,0,0,1,0,차대차 - 기타,안전운전불이행,건조,맑음,교차로 - 교차로안,승용,여,48세,상해없음,승합,남,53세,상해없음
2013080700100119,2013년 8월 7일 08시,수요일,제주특별자치도 제주시 연동,중상사고,0,1,0,0,차량단독 - 기타,안전거리미확보,건조,맑음,단일로 - 기타,승합,남,42세,상해없음,,,,
2013080700100120,2013년 8월 7일 08시,수요일,제주특별자치도 제주시 용담이동,중상사고,0,1,0,0,차대사람 - 기타,안전운전불이행,건조,맑음,교차로 - 교차로안,승용,여,55세,상해없음,보행자,남,38세,중상
2013080700100304,2013년 8월 7일 15시,수요일,제주특별자치도 서귀포시 성산읍,경상사고,0,0,2,0,차대차 - 기타,직진우회전진행방해,건조,맑음,교차로 - 교차로안,승용,남,61세,상해없음,승용,남,54세,경상
2013080700100377,2013년 8월 7일 17시,수요일,제주특별자치도 제주시 구좌읍,사망사고,1,1,0,0,차대차 - 측면직각충돌,신호위반,건조,맑음,교차로 - 교차로안,이륜,여,64세,사망,승용,남,33세,상해없음
2013080700100378,2013년 8월 7일 17시,수요일,제주특별자치도 서귀포시 대정읍,경상사고,0,0,2,0,차대차 - 기타,교차로운행방법위반,건조,맑음,교차로 - 교차로안,승합,남,54세,경상,화물,남,50세,경상
2013080700100452,2013년 8월 7일 19시,수요일,제주특별자치도 서귀포시 안덕면,중상사고,0,1,0,0,차대차 - 기타,신호위반,건조,맑음,교차로 - 교차로안,승용,남,30세,상해없음,승용,여,30세,중상
2013080700100488,2013년 8월 7일 20시,수요일,제주특별자치도 제주시 연동,부상신고사고,0,0,0,1,차대사람 - 기타,안전운전불이행,건조,기타,교차로 - 교차로안,승용,남,52세,상해없음,보행자,여,48세,부상신고
2013080700100548,2013년 8월 7일 22시,수요일,제주특별자치도 제주시 외도일동,부상신고사고,0,0,0,1,차대차 - 추돌 - 주정차중,안전운전불이행,건조,맑음,단일로 - 기타,승용,남,28세,부상신고,화물,남,44세,기타불명
2013080700100579,2013년 8월 7일 23시,수요일,제주특별자치도 서귀포시 서홍동,중상사고,0,1,0,0,차대사람 - 기타,보행자보호의무위반,건조,맑음,단일로 - 횡단보도상,승용,남,73세,상해없음,보행자,남,66세,중상
2013080800100080,2013년 8월 8일 06시,목요일,제주특별자치도 제주시 일도이동,중상사고,0,1,0,0,차대차 - 측면직각충돌,안전거리미확보,기타,맑음,단일로 - 기타,승용,남,53세,상해없음,승용,남,40세,중상
2013080800100161,2013년 8월 8일 09시,목요일,제주특별자치도 서귀포시 서홍동,경상사고,0,0,1,0,차대차 - 측면직각충돌,교차로운행방법위반,건조,맑음,교차로 - 교차로안,승용,남,66세,경상,승용,남,33세,상해없음
2013080800100162,2013년 8월 8일 09시,목요일,제주특별자치도 제주시 노형동,경상사고,0,0,1,0,차대사람 - 기타,안전운전불이행,건조,맑음,단일로 - 기타,승용,남,38세,상해없음,보행자,남,27세,경상
2013080800100163,2013년 8월 8일 09시,목요일,제주특별자치도 제주시 한경면,부상신고사고,0,0,0,1,차대차 - 기타,교차로운행방법위반,건조,맑음,교차로 - 교차로안,승용,여,43세,상해없음,승용,여,35세,부상신고
2013080800100256,2013년 8월 8일 12시,목요일,제주특별자치도 제주시 연동,중상사고,0,1,0,0,차대차 - 기타,직진우회전진행방해,건조,맑음,교차로 - 교차로안,승용,남,52세,상해없음,원동기,남,69세,중상
2013080800100274,2013년 8월 8일 13시,목요일,제주특별자치도 서귀포시 표선면,중상사고,0,1,1,0,차량단독 - 공작물충돌,안전운전불이행,건조,맑음,단일로 - 기타,승용,남,27세,경상,,,,
2013080800100309,2013년 8월 8일 14시,목요일,제주특별자치도 제주시 도두이동,경상사고,0,0,1,1,차대차 - 기타,안전운전불이행,건조,맑음,교차로 - 교차로안,승용,남,40세,부상신고,승용,남,30세,경상
2013080800100343,2013년 8월 8일 15시,목요일,제주특별자치도 제주시 우도면,경상사고,0,0,1,0,차대사람 - 횡단중,안전운전불이행,건조,맑음,단일로 - 기타,이륜,남,25세,상해없음,보행자,여,39세,경상
2013080800100344,2013년 8월 8일 15시,목요일,제주특별자치도 제주시 도두일동,경상사고,0,0,1,1,차대차 - 기타,안전운전불이행,건조,맑음,기타 - 기타,승용,남,39세,상해없음,승용,남,48세,경상
2013080800100373,2013년 8월 8일 16시,목요일,제주특별자치도 서귀포시 표선면,경상사고,0,0,1,0,차대차 - 측면직각충돌,신호위반,건조,맑음,교차로 - 교차로안,승용,여,63세,상해없음,승용,남,42세,경상
2013080800100400,2013년 8월 8일 17시,목요일,제주특별자치도 제주시 우도면,중상사고,0,1,0,0,차량단독 - 전도전복,안전운전불이행,건조,맑음,단일로 - 기타,이륜,여,26세,중상,,,,
2013080800100450,2013년 8월 8일 18시,목요일,제주특별자치도 서귀포시 보목동,중상사고,0,1,0,0,차량단독 - 전도전복,안전운전불이행,건조,맑음,단일로 - 기타,이륜,남,58세,중상,,,,
2013080800100487,2013년 8월 8일 19시,목요일,제주특별자치도 제주시 연동,경상사고,0,0,3,0,차대차 - 추돌 - 진행중,교차로운행방법위반,건조,맑음,교차로 - 교차로안,승용,여,47세,경상,화물,남,29세,경상
2013080800100526,2013년 8월 8일 20시,목요일,제주특별자치도 서귀포시 안덕면,부상신고사고,0,0,0,1,차량단독 - 기타,안전운전불이행,건조,맑음,단일로 - 기타,승용,여,41세,부상신고,,,,
2013080800100588,2013년 8월 8일 22시,목요일,제주특별자치도 서귀포시 서귀동,경상사고,0,0,1,0,차대사람 - 횡단중,안전운전불이행,건조,맑음,단일로 - 기타,승용,남,26세,상해없음,보행자,남,16세,경상
2013080900100152,2013년 8월 9일 09시,금요일,제주특별자치도 제주시 연동,경상사고,0,0,2,0,차대차 - 측면직각충돌,안전운전불이행,건조,맑음,교차로 - 교차로안,화물,남,24세,상해없음,화물,남,36세,경상
2013080900100210,2013년 8월 9일 11시,금요일,제주특별자치도 서귀포시 도순동,경상사고,0,0,1,0,차대차 - 기타,안전운전불이행,건조,맑음,단일로 - 기타,승용,남,32세,경상,농기계,남,76세,상해없음
2013080900100211,2013년 8월 9일 11시,금요일,제주특별자치도 제주시 용담삼동,중상사고,0,1,0,0,차대사람 - 횡단중,보행자보호의무위반,건조,맑음,단일로 - 횡단보도상,승합,남,47세,상해없음,보행자,남,37세,중상
2013080900100212,2013년 8월 9일 11시,금요일,제주특별자치도 제주시 노형동,중상사고,0,1,0,0,차대차 - 추돌 - 진행중,교차로운행방법위반,건조,맑음,교차로 - 교차로안,승용,남,60세,상해없음,승용,여,48세,상해없음
2013080900100278,2013년 8월 9일 13시,금요일,제주특별자치도 제주시 구좌읍,경상사고,0,0,1,0,차대차 - 측면직각충돌,교차로운행방법위반,건조,맑음,교차로 - 교차로안,승합,남,28세,상해없음,승용,남,29세,경상
2013080900100279,2013년 8월 9일 13시,금요일,제주특별자치도 제주시 이도이동,경상사고,0,0,1,0,차대차 - 측면직각충돌,교차로운행방법위반,건조,맑음,교차로 - 교차로안,승용,여,39세,상해없음,승용,여,31세,경상
2013080900100280,2013년 8월 9일 13시,금요일,제주특별자치도 제주시 노형동,경상사고,0,0,1,0,차대차 - 기타,안전운전불이행,건조,맑음,교차로 - 교차로부근,승용,여,42세,경상,승용,여,53세,상해없음
2013080900100346,2013년 8월 9일 15시,금요일,제주특별자치도 서귀포시 법환동,경상사고,0,0,1,0,차대차 - 추돌 - 진행중,안전운전불이행,건조,맑음,단일로 - 기타,화물,남,47세,상해없음,승용,남,53세,상해없음
2013080900100381,2013년 8월 9일 16시,금요일,제주특별자치도 서귀포시 남원읍,중상사고,0,1,0,0,차대차 - 추돌 - 주정차중,안전운전불이행,건조,맑음,단일로 - 기타,승용,남,23세,상해없음,승용,남,51세,기타불명
2013080900100414,2013년 8월 9일 17시,금요일,제주특별자치도 제주시 오라이동,경상사고,0,0,1,0,차대차 - 추돌 - 주정차중,안전거리미확보,건조,맑음,단일로 - 기타,승용,남,39세,상해없음,승용,남,39세,경상
2013080900100502,2013년 8월 9일 19시,금요일,제주특별자치도 서귀포시 표선면,경상사고,0,0,1,0,차대차 - 기타,안전운전불이행,건조,맑음,교차로 - 교차로안,승용,여,45세,상해없음,원동기,여,24세,경상
2013080900100572,2013년 8월 9일 21시,금요일,제주특별자치도 제주시 이도이동,경상사고,0,0,1,0,차대차 - 추돌 - 주정차중,안전거리미확보,건조,맑음,교차로 - 교차로부근,승용,남,59세,상해없음,승용,남,28세,경상
2013081000100093,2013년 8월 10일 04시,토요일,제주특별자치도 제주시 연동,경상사고,0,0,1,0,차대차 - 추돌 - 진행중,안전거리미확보,건조,맑음,단일로 - 기타,승용,남,52세,상해없음,승용,남,65세,경상
2013081000100111,2013년 8월 10일 05시,토요일,제주특별자치도 서귀포시 안덕면,중상사고,0,1,0,0,차대사람 - 기타,교차로운행방법위반,건조,맑음,교차로 - 교차로안,승용,남,54세,상해없음,보행자,남,64세,중상
2013081000100112,2013년 8월 10일 05시,토요일,제주특별자치도 제주시 연동,중상사고,0,3,1,0,차대차 - 정면충돌,신호위반,건조,맑음,교차로 - 교차로안,승용,여,64세,중상,승용,남,53세,경상
2013081000100134,2013년 8월 10일 06시,토요일,제주특별자치도 제주시 건입동,중상사고,0,1,0,0,차대차 - 측면직각충돌,교차로운행방법위반,건조,맑음,교차로 - 교차로안,승용,남,43세,상해없음,화물,여,55세,중상
2013081000100220,2013년 8월 10일 10시,토요일,제주특별자치도 제주시 건입동,중상사고,0,1,1,0,차대차 - 측면직각충돌,중앙선침범,기타,맑음,단일로 - 기타,승용,남,40세,상해없음,화물,남,45세,중상
2013081000100252,2013년 8월 10일 11시,토요일,제주특별자치도 제주시 봉개동,경상사고,0,0,1,0,차대차 - 측면직각충돌,안전운전불이행,기타,맑음,단일로 - 기타,원동기,여,72세,경상,승합,남,55세,상해없음
2013081000100283,2013년 8월 10일 12시,토요일,제주특별자치도 제주시 한림읍,중상사고,0,1,2,1,차대차 - 측면직각충돌,신호위반,건조,맑음,교차로 - 교차로안,화물,남,70세,부상신고,승용,남,31세,경상
2013081000100399,2013년 8월 10일 15시,토요일,제주특별자치도 서귀포시 동홍동,경상사고,0,0,1,0,차대차 - 추돌 - 진행중,안전운전불이행,건조,맑음,단일로 - 기타,화물,남,62세,상해없음,승용,남,43세,경상
2013081000100426,2013년 8월 10일 16시,토요일,제주특별자치도 제주시 도두이동,경상사고,0,0,7,0,차대차 - 기타,안전운전불이행,건조,맑음,교차로 - 교차로부근,승용,남,53세,상해없음,승용,남,35세,경상
2013081000100459,2013년 8월 10일 17시,토요일,제주특별자치도 제주시 우도면,경상사고,0,0,2,0,차대차 - 측면직각충돌,교차로운행방법위반,건조,맑음,교차로 - 교차로부근,승합,남,40세,상해없음,승용,남,30세,경상
2013081000100499,2013년 8월 10일 18시,토요일,제주특별자치도 제주시 노형동,부상신고사고,0,0,0,1,차대차 - 기타,안전운전불이행,건조,맑음,단일로 - 기타,원동기,남,33세,부상신고,승용,남,59세,상해없음
2013081000100535,2013년 8월 10일 19시,토요일,제주특별자치도 제주시 한림읍,중상사고,0,1,0,0,차대차 - 측면직각충돌,신호위반,건조,맑음,교차로 - 교차로안,승용,남,22세,상해없음,승용,남,61세,중상
2013081000100561,2013년 8월 10일 20시,토요일,제주특별자치도 제주시 오라일동,경상사고,0,0,2,0,차대차 - 측면직각충돌,교차로운행방법위반,건조,맑음,교차로 - 교차로안,승용,남,45세,경상,승용,남,48세,경상
2013081100100141,2013년 8월 11일 10시,일요일,제주특별자치도 제주시 일도이동,경상사고,0,0,9,0,차대차 - 추돌 - 주정차중,안전운전불이행,건조,맑음,단일로 - 기타,승용,여,43세,경상,승용,남,41세,경상
2013081100100142,2013년 8월 11일 10시,일요일,제주특별자치도 서귀포시 안덕면,부상신고사고,0,0,0,1,차량단독 - 기타,안전운전불이행,건조,맑음,단일로 - 기타,승용,남,74세,부상신고,,,,
2013081100100203,2013년 8월 11일 13시,일요일,제주특별자치도 서귀포시 서홍동,경상사고,0,0,1,0,차대차 - 기타,안전운전불이행,건조,맑음,단일로 - 기타,기타불명,기타불명,기타불명,기타불명,자전거,남,17세,경상
2013081100100204,2013년 8월 11일 13시,일요일,제주특별자치도 제주시 애월읍,경상사고,0,0,3,0,차대차 - 기타,중앙선침범,건조,맑음,단일로 - 기타,승용,여,50세,경상,승용,남,44세,경상
2013081100100323,2013년 8월 11일 17시,일요일,제주특별자치도 제주시 오라일동,경상사고,0,0,3,0,차대차 - 측면직각충돌,안전거리미확보,건조,맑음,교차로 - 교차로부근,승합,남,50세,상해없음,화물,남,53세,경상
2013081200100028,2013년 8월 12일 02시,월요일,제주특별자치도 제주시 이도일동,경상사고,0,0,1,0,차량단독 - 공작물충돌,안전운전불이행,건조,맑음,단일로 - 기타,승용,남,54세,상해없음,,,,
2013081200100029,2013년 8월 12일 02시,월요일,제주특별자치도 제주시 이도이동,경상사고,0,0,1,0,차량단독 - 공작물충돌,안전운전불이행,건조,맑음,단일로 - 기타,승용,남,54세,상해없음,,,,
2013081200100085,2013년 8월 12일 07시,월요일,제주특별자치도 서귀포시 표선면,중상사고,0,1,0,0,차대차 - 기타,안전운전불이행,건조,맑음,단일로 - 기타,화물,남,39세,상해없음,원동기,남,80세,중상
2013081200100086,2013년 8월 12일 07시,월요일,제주특별자치도 제주시 노형동,중상사고,0,1,0,0,차대차 - 추돌 - 진행중,안전운전불이행,건조,맑음,교차로 - 교차로부근,승용,여,31세,상해없음,승용,여,54세,중상
2013081200100113,2013년 8월 12일 08시,월요일,제주특별자치도 제주시 애월읍,중상사고,0,1,0,0,차대사람 - 횡단중,보행자보호의무위반,건조,맑음,단일로 - 횡단보도상,승용,남,43세,상해없음,보행자,남,66세,중상
2013081200100144,2013년 8월 12일 09시,월요일,제주특별자치도 제주시 연동,경상사고,0,0,2,0,차대차 - 측면직각충돌,직진우회전진행방해,건조,맑음,교차로 - 교차로안,화물,남,40세,상해없음,승용,여,39세,경상
2013081200100308,2013년 8월 12일 14시,월요일,제주특별자치도 서귀포시 서귀동,경상사고,0,0,1,0,차량단독 - 공작물충돌,안전운전불이행,건조,맑음,단일로 - 기타,화물,남,33세,경상,,,,
2013081200100309,2013년 8월 12일 14시,월요일,제주특별자치도 제주시 노형동,경상사고,0,0,1,0,차대차 - 측면직각충돌,안전거리미확보,건조,맑음,단일로 - 기타,승합,남,47세,상해없음,승용,여,30세,경상
2013081200100384,2013년 8월 12일 16시,월요일,제주특별자치도 제주시 화북이동,중상사고,0,1,1,0,차대차 - 측면직각충돌,차로위반,건조,맑음,교차로 - 교차로부근,승용,여,51세,상해없음,승합,남,58세,경상
2013081200100385,2013년 8월 12일 16시,월요일,제주특별자치도 제주시 노형동,중상사고,0,1,0,0,차대사람 - 횡단중,보행자보호의무위반,건조,맑음,교차로 - 교차로안,화물,남,27세,상해없음,보행자,여,8세,중상
2013081200100425,2013년 8월 12일 17시,월요일,제주특별자치도 서귀포시 남원읍,중상사고,0,1,1,0,차대차 - 기타,직진우회전진행방해,건조,맑음,교차로 - 교차로안,화물,남,40세,중상,승용,남,42세,경상
2013081200100470,2013년 8월 12일 18시,월요일,제주특별자치도 제주시 오라일동,경상사고,0,0,1,0,차대차 - 측면직각충돌,교차로운행방법위반,기타,맑음,단일로 - 기타,승용,남,36세,상해없음,화물,남,62세,상해없음
2013081200100507,2013년 8월 12일 19시,월요일,제주특별자치도 제주시 용담이동,중상사고,0,1,0,0,차대차 - 추돌 - 진행중,교차로운행방법위반,건조,맑음,교차로 - 교차로안,승용,남,70세,기타불명,승용,남,28세,중상
2013081200100548,2013년 8월 12일 20시,월요일,제주특별자치도 제주시 삼도이동,경상사고,0,0,1,0,차대사람 - 횡단중,보행자보호의무위반,건조,맑음,교차로 - 교차로부근,승용,남,22세,상해없음,보행자,남,90세 이상,경상
2013081200100575,2013년 8월 12일 21시,월요일,제주특별자치도 제주시 삼도일동,중상사고,0,1,0,0,차대사람 - 횡단중,안전운전불이행,건조,맑음,단일로 - 기타,승용,남,72세,상해없음,보행자,여,77세,중상
2013081200100623,2013년 8월 12일 23시,월요일,제주특별자치도 제주시 이도이동,경상사고,0,0,2,0,차대차 - 측면직각충돌,안전운전불이행,건조,맑음,교차로 - 교차로부근,승용,남,37세,상해없음,승용,여,43세,경상
2013081300100188,2013년 8월 13일 10시,화요일,제주특별자치도 제주시 도남동,중상사고,0,1,0,1,차대차 - 측면직각충돌,교차로운행방법위반,기타,맑음,교차로 - 교차로안,이륜,남,68세,부상신고,승용,남,68세,중상
2013081300100211,2013년 8월 13일 11시,화요일,제주특별자치도 제주시 일도이동,부상신고사고,0,0,0,1,차대차 - 측면직각충돌,신호위반,건조,맑음,교차로 - 교차로안,승합,남,37세,상해없음,승합,남,58세,상해없음
2013081300100322,2013년 8월 13일 14시,화요일,제주특별자치도 제주시 오라삼동,중상사고,0,1,2,0,차량단독 - 기타,안전운전불이행,건조,맑음,단일로 - 기타,승용,여,59세,경상,,,,
2013081300100323,2013년 8월 13일 14시,화요일,제주특별자치도 제주시 용담이동,경상사고,0,0,1,0,차대차 - 추돌 - 진행중,안전거리미확보,건조,맑음,단일로 - 기타,승용,남,64세,상해없음,승용,남,34세,경상
2013081300100366,2013년 8월 13일 15시,화요일,제주특별자치도 서귀포시 대정읍,경상사고,0,0,1,0,차대차 - 추돌 - 진행중,안전운전불이행,건조,맑음,단일로 - 기타,승합,남,33세,상해없음,승용,남,39세,경상
2013081300100403,2013년 8월 13일 16시,화요일,제주특별자치도 제주시 한림읍,경상사고,0,0,1,0,차대사람 - 횡단중,안전운전불이행,건조,맑음,단일로 - 기타,승용,남,56세,상해없음,보행자,남,11세,경상
2013081300100448,2013년 8월 13일 17시,화요일,제주특별자치도 제주시 한림읍,중상사고,0,1,0,0,차대차 - 기타,교차로운행방법위반,건조,맑음,교차로 - 교차로안,승용,여,36세,상해없음,원동기,여,77세,중상
2013081300100449,2013년 8월 13일 17시,화요일,제주특별자치도 제주시 도두이동,중상사고,0,2,1,0,차대차 - 기타,중앙선침범,건조,맑음,단일로 - 기타,이륜,남,53세,중상,승용,남,30세,경상
2013081300100484,2013년 8월 13일 18시,화요일,제주특별자치도 제주시 이도이동,경상사고,0,0,1,0,차대차 - 측면직각충돌,안전거리미확보,건조,맑음,단일로 - 기타,승용,남,40세,상해없음,승용,여,32세,경상
2013081300100485,2013년 8월 13일 18시,화요일,제주특별자치도 제주시 노형동,경상사고,0,0,1,3,차대차 - 기타,직진우회전진행방해,건조,맑음,교차로 - 교차로안,승용,여,53세,상해없음,승용,여,51세,부상신고
2013081300100515,2013년 8월 13일 19시,화요일,제주특별자치도 제주시 용담이동,중상사고,0,2,0,0,차대차 - 기타,안전운전불이행,건조,맑음,교차로 - 교차로부근,승용,남,23세,기타불명,승용,남,43세,중상
2013081300100585,2013년 8월 13일 21시,화요일,제주특별자치도 제주시 연동,경상사고,0,0,1,0,차대차 - 기타,안전운전불이행,건조,맑음,단일로 - 기타,승용,남,40세,상해없음,승용,남,49세,경상
2013081300100612,2013년 8월 13일 22시,화요일,제주특별자치도 제주시 화북이동,중상사고,0,1,1,0,차대차 - 측면직각충돌,안전운전불이행,기타,맑음,단일로 - 기타,승용,여,36세,상해없음,승용,남,29세,경상
2013081300100639,2013년 8월 13일 23시,화요일,제주특별자치도 제주시 노형동,중상사고,0,1,0,0,차대사람 - 기타,안전운전불이행,건조,맑음,교차로 - 교차로부근,승용,남,21세,상해없음,보행자,남,45세,중상
2013081400100013,2013년 8월 14일 00시,수요일,제주특별자치도 제주시 노형동,경상사고,0,0,1,0,차대차 - 기타,중앙선침범,건조,맑음,교차로 - 교차로부근,승합,남,18세,기타불명,승용,여,41세,경상
2013081400100027,2013년 8월 14일 01시,수요일,제주특별자치도 제주시 일도이동,중상사고,0,1,0,0,차대사람 - 횡단중,안전운전불이행,건조,맑음,단일로 - 기타,승용,남,55세,상해없음,보행자,남,38세,중상
2013081400100054,2013년 8월 14일 04시,수요일,제주특별자치도 서귀포시 남원읍,중상사고,0,1,4,0,차대차 - 측면직각충돌,직진우회전진행방해,건조,맑음,교차로 - 교차로안,화물,남,89세,상해없음,승용,남,41세,경상
2013081400100064,2013년 8월 14일 05시,수요일,제주특별자치도 제주시 애월읍,중상사고,0,1,1,0,차대차 - 기타,안전운전불이행,건조,맑음,단일로 - 기타,승용,남,32세,경상,승합,남,66세,중상
2013081400100122,2013년 8월 14일 08시,수요일,제주특별자치도 제주시 조천읍,부상신고사고,0,0,0,1,차량단독 - 도로외이탈 - 추락,안전운전불이행,건조,맑음,단일로 - 기타,원동기,남,59세,부상신고,,,,
2013081400100180,2013년 8월 14일 10시,수요일,제주특별자치도 서귀포시 하효동,경상사고,0,0,3,0,차대차 - 기타,직진우회전진행방해,건조,맑음,교차로 - 교차로안,화물,남,25세,상해없음,승용,여,32세,경상
2013081400100209,2013년 8월 14일 11시,수요일,제주특별자치도 제주시 이도이동,경상사고,0,0,1,0,차대사람 - 횡단중,보행자보호의무위반,건조,맑음,단일로 - 횡단보도상,승용,여,52세,상해없음,보행자,여,19세,경상
2013081400100264,2013년 8월 14일 13시,수요일,제주특별자치도 제주시 우도면,부상신고사고,0,0,0,1,차대차 - 측면직각충돌,직진우회전진행방해,건조,맑음,교차로 - 교차로안,이륜,여,39세,부상신고,원동기,남,42세,상해없음
2013081400100288,2013년 8월 14일 14시,수요일,제주특별자치도 제주시 오라삼동,중상사고,0,1,0,0,차대차 - 측면직각충돌,직진우회전진행방해,건조,맑음,교차로 - 교차로부근,기타불명,기타불명,기타불명,기타불명,승합,남,32세,중상
2013081400100289,2013년 8월 14일 14시,수요일,제주특별자치도 제주시 조천읍,경상사고,0,0,2,0,차대차 - 측면직각충돌,중앙선침범,건조,맑음,단일로 - 기타,승용,남,27세,경상,화물,남,46세,경상
2013081400100290,2013년 8월 14일 14시,수요일,제주특별자치도 제주시 용담이동,경상사고,0,0,1,0,차량단독 - 공작물충돌,안전운전불이행,건조,맑음,단일로 - 기타,승용,남,21세,경상,,,,
2013081400100325,2013년 8월 14일 15시,수요일,제주특별자치도 제주시 오라이동,경상사고,0,0,1,0,차대차 - 기타,안전운전불이행,건조,맑음,교차로 - 교차로부근,승합,남,20세,상해없음,승용,여,60세,경상
2013081400100361,2013년 8월 14일 16시,수요일,제주특별자치도 제주시 화북이동,중상사고,0,1,0,0,차대차 - 측면직각충돌,안전운전불이행,건조,맑음,단일로 - 기타,승용,남,58세,상해없음,승용,남,68세,상해없음
2013081400100439,2013년 8월 14일 18시,수요일,제주특별자치도 제주시 오라이동,경상사고,0,0,2,0,차대차 - 측면직각충돌,안전거리미확보,건조,맑음,단일로 - 기타,승용,여,37세,경상,승용,남,33세,상해없음
2013081400100476,2013년 8월 14일 19시,수요일,제주특별자치도 제주시 연동,경상사고,0,0,1,0,차량단독 - 기타,기타,건조,맑음,단일로 - 기타,승합,남,54세,상해없음,,,,
2013081400100520,2013년 8월 14일 20시,수요일,제주특별자치도 서귀포시 신효동,사망사고,1,0,1,0,차대사람 - 횡단중,안전운전불이행,건조,기타,단일로 - 기타,화물,남,54세,경상,보행자,남,64세,사망
2013081400100521,2013년 8월 14일 20시,수요일,제주특별자치도 서귀포시 안덕면,중상사고,0,4,0,0,차대차 - 기타,중앙선침범,건조,맑음,단일로 - 기타,승용,여,32세,중상,승용,남,34세,중상
2013081400100522,2013년 8월 14일 20시,수요일,제주특별자치도 서귀포시 동홍동,경상사고,0,0,1,0,차대차 - 기타,신호위반,건조,맑음,교차로 - 교차로부근,승용,남,24세,상해없음,원동기,남,30세,경상
2013081400100579,2013년 8월 14일 22시,수요일,제주특별자치도 제주시 이도이동,중상사고,0,1,1,0,차대사람 - 보도통행중,안전운전불이행,건조,맑음,교차로 - 교차로부근,승용,남,29세,상해없음,보행자,여,40세,경상
2013081500100129,2013년 8월 15일 07시,목요일,제주특별자치도 서귀포시 표선면,경상사고,0,0,1,0,차대차 - 측면직각충돌,신호위반,건조,맑음,교차로 - 교차로안,농기계,남,81세,경상,승용,남,63세,상해없음
2013081500100179,2013년 8월 15일 09시,목요일,제주특별자치도 제주시 연동,경상사고,0,0,1,0,차대차 - 기타,안전운전불이행,건조,맑음,단일로 - 기타,승용,남,55세,상해없음,승용,남,47세,경상
2013081500100234,2013년 8월 15일 11시,목요일,제주특별자치도 제주시 삼도일동,부상신고사고,0,0,0,1,차대차 - 측면직각충돌,안전거리미확보,기타,맑음,단일로 - 기타,이륜,남,55세,부상신고,승용,남,40세,상해없음
2013081500100316,2013년 8월 15일 14시,목요일,제주특별자치도 서귀포시 남원읍,부상신고사고,0,0,0,4,차량단독 - 도로외이탈 - 기타,안전운전불이행,건조,맑음,단일로 - 기타,승용,여,50세,부상신고,,,,
2013081500100317,2013년 8월 15일 14시,목요일,제주특별자치도 서귀포시 대포동,경상사고,0,0,1,0,차대차 - 추돌 - 진행중,안전거리미확보,건조,맑음,단일로 - 기타,승용,남,39세,상해없음,승용,남,49세,상해없음
2013081500100342,2013년 8월 15일 15시,목요일,제주특별자치도 서귀포시 성산읍,중상사고,0,1,0,0,차대사람 - 기타,신호위반,건조,맑음,단일로 - 기타,승용,여,37세,상해없음,보행자,여,5세,중상
2013081500100381,2013년 8월 15일 16시,목요일,제주특별자치도 서귀포시 남원읍,중상사고,0,1,0,0,차대차 - 측면직각충돌,직진우회전진행방해,건조,맑음,교차로 - 교차로안,화물,남,48세,상해없음,이륜,여,65세,중상