사고번호,사고일시,요일,시군구,사고내용,사망자수,중상자수,경상자수,부상신고자수,사고유형,법규위반,노면상태,기상상태,도로형태,가해운전자 차종,가해운전자 성별,가해운전자 연령,가해운전자 상해정도,피해운전자 차종,피해운전자 성별,피해운전자 연령,피해운전자 상해정도
2013081500100382,2013년 8월 15일 16시,목요일,제주특별자치도 제주시 한림읍,경상사고,0,0,1,0,차대사람 - 기타,안전운전불이행,건조,맑음,단일로 - 기타,승용,남,42세,상해없음,보행자,여,69세,경상
2013081500100417,2013년 8월 15일 17시,목요일,제주특별자치도 제주시 우도면,부상신고사고,0,0,0,1,차량단독 - 공작물충돌,안전운전불이행,건조,맑음,단일로 - 기타,이륜,여,32세,부상신고,,,,
2013081500100418,2013년 8월 15일 17시,목요일,제주특별자치도 제주시 연동,경상사고,0,0,1,0,차대차 - 측면직각충돌,교차로운행방법위반,건조,맑음,교차로 - 교차로안,승용,여,45세,상해없음,승용,남,27세,상해없음
2013081500100419,2013년 8월 15일 17시,목요일,제주특별자치도 제주시 노형동,경상사고,0,0,1,0,차대차 - 기타,안전운전불이행,건조,맑음,교차로 - 교차로부근,원동기,남,56세,상해없음,자전거,남,19세,경상
2013081500100509,2013년 8월 15일 20시,목요일,제주특별자치도 서귀포시 중문동,경상사고,0,0,1,0,차대사람 - 기타,안전운전불이행,건조,맑음,단일로 - 기타,승용,남,28세,상해없음,보행자,남,47세,경상
2013081500100510,2013년 8월 15일 20시,목요일,제주특별자치도 제주시 연동,중상사고,0,1,0,0,차대차 - 기타,안전운전불이행,건조,맑음,단일로 - 기타,승용,남,61세,상해없음,자전거,남,45세,중상
2013081600100022,2013년 8월 16일 01시,금요일,제주특별자치도 제주시 한림읍,경상사고,0,0,1,0,차대사람 - 횡단중,안전운전불이행,건조,맑음,교차로 - 교차로안,승용,여,46세,상해없음,보행자,여,18세,경상
2013081600100034,2013년 8월 16일 02시,금요일,제주특별자치도 제주시 연동,경상사고,0,0,1,0,차대차 - 기타,안전운전불이행,건조,맑음,단일로 - 기타,승용,남,42세,상해없음,원동기,남,29세,경상
2013081600100090,2013년 8월 16일 07시,금요일,제주특별자치도 서귀포시 남원읍,중상사고,0,1,0,0,차량단독 - 전도전복,안전운전불이행,건조,맑음,단일로 - 기타,농기계,여,72세,중상,,,,
2013081600100109,2013년 8월 16일 08시,금요일,제주특별자치도 제주시 일도이동,경상사고,0,0,1,0,차대차 - 측면직각충돌,안전거리미확보,건조,맑음,교차로 - 교차로안,승용,남,32세,상해없음,승용,여,35세,경상
2013081600100110,2013년 8월 16일 08시,금요일,제주특별자치도 서귀포시 동홍동,경상사고,0,0,1,0,차량단독 - 공작물충돌,안전운전불이행,건조,맑음,단일로 - 기타,화물,남,18세,경상,,,,
2013081600100148,2013년 8월 16일 09시,금요일,제주특별자치도 서귀포시 상효동,중상사고,0,1,0,0,차량단독 - 전도전복,안전운전불이행,건조,맑음,단일로 - 기타,승합,남,57세,상해없음,,,,
2013081600100183,2013년 8월 16일 10시,금요일,제주특별자치도 제주시 오라삼동,중상사고,0,1,0,0,차대차 - 측면직각충돌,안전거리미확보,건조,맑음,단일로 - 기타,승용,남,31세,상해없음,승용,여,40세,중상
2013081600100278,2013년 8월 16일 13시,금요일,제주특별자치도 서귀포시 성산읍,중상사고,0,1,0,0,차대차 - 기타,신호위반,건조,맑음,교차로 - 교차로안,이륜,여,74세,중상,승용,여,57세,상해없음
2013081600100348,2013년 8월 16일 15시,금요일,제주특별자치도 제주시 우도면,경상사고,0,0,1,0,차량단독 - 공작물충돌,안전운전불이행,건조,맑음,단일로 - 기타,이륜,여,39세,경상,,,,
2013081600100397,2013년 8월 16일 16시,금요일,제주특별자치도 서귀포시 표선면,경상사고,0,0,1,0,차대차 - 추돌 - 진행중,교차로운행방법위반,건조,맑음,교차로 - 교차로부근,원동기,여,60세,경상,화물,남,44세,상해없음
2013081600100434,2013년 8월 16일 17시,금요일,제주특별자치도 제주시 영평동,경상사고,0,0,1,0,차대차 - 측면직각충돌,안전운전불이행,건조,맑음,교차로 - 교차로부근,화물,여,50세,기타불명,승용,남,42세,상해없음
2013081600100580,2013년 8월 16일 21시,금요일,제주특별자치도 제주시 도남동,경상사고,0,0,1,0,차대차 - 측면직각충돌,안전거리미확보,건조,맑음,교차로 - 교차로부근,원동기,남,27세,경상,승용,남,43세,상해없음
2013081700100135,2013년 8월 17일 08시,토요일,제주특별자치도 제주시 연동,경상사고,0,0,1,0,차대차 - 기타,안전운전불이행,건조,맑음,교차로 - 교차로부근,화물,남,42세,상해없음,승용,남,42세,상해없음
2013081700100161,2013년 8월 17일 09시,토요일,제주특별자치도 제주시 구좌읍,중상사고,0,3,0,0,차량단독 - 도로외이탈 - 기타,안전운전불이행,기타,맑음,단일로 - 기타,승용,여,43세,중상,,,,
2013081700100162,2013년 8월 17일 09시,토요일,제주특별자치도 서귀포시 남원읍,중상사고,0,2,0,0,차대차 - 기타,직진우회전진행방해,건조,맑음,교차로 - 교차로안,승용,남,71세,상해없음,승용,남,44세,중상
2013081700100191,2013년 8월 17일 10시,토요일,제주특별자치도 제주시 도두일동,경상사고,0,0,1,0,차대차 - 추돌 - 진행중,신호위반,건조,맑음,교차로 - 교차로안,건설기계,남,56세,상해없음,승용,여,44세,경상
2013081700100224,2013년 8월 17일 11시,토요일,제주특별자치도 제주시 용담이동,중상사고,0,2,0,0,차대차 - 측면직각충돌,안전운전불이행,건조,맑음,단일로 - 기타,승용,남,42세,상해없음,승용,남,52세,중상
2013081700100289,2013년 8월 17일 13시,토요일,제주특별자치도 제주시 용담이동,경상사고,0,0,1,0,차대차 - 기타,안전운전불이행,건조,맑음,교차로 - 교차로안,화물,여,49세,상해없음,승용,남,55세,경상
2013081700100321,2013년 8월 17일 14시,토요일,제주특별자치도 제주시 구좌읍,중상사고,0,1,0,0,차대사람 - 횡단중,신호위반,건조,맑음,단일로 - 기타,화물,남,62세,상해없음,보행자,여,72세,중상
2013081700100354,2013년 8월 17일 15시,토요일,제주특별자치도 제주시 구좌읍,중상사고,0,2,0,0,차대차 - 정면충돌,중앙선침범,건조,맑음,단일로 - 기타,승용,여,56세,상해없음,승용,남,52세,중상
2013081700100355,2013년 8월 17일 15시,토요일,제주특별자치도 제주시 연동,경상사고,0,0,1,1,차대차 - 기타,직진우회전진행방해,건조,맑음,교차로 - 교차로안,승용,남,44세,부상신고,승용,남,29세,경상
2013081700100424,2013년 8월 17일 17시,토요일,제주특별자치도 서귀포시 신효동,중상사고,0,2,0,0,차대차 - 기타,교차로운행방법위반,건조,맑음,교차로 - 교차로안,승용,남,28세,중상,승용,남,54세,중상
2013081700100492,2013년 8월 17일 19시,토요일,제주특별자치도 제주시 삼도일동,경상사고,0,0,1,0,차대차 - 측면직각충돌,직진우회전진행방해,건조,맑음,교차로 - 교차로안,승용,남,43세,상해없음,화물,남,51세,경상
2013081700100583,2013년 8월 17일 22시,토요일,제주특별자치도 제주시 이도이동,부상신고사고,0,0,0,1,차대사람 - 횡단중,안전운전불이행,건조,맑음,기타 - 기타,기타불명,기타불명,기타불명,기타불명,보행자,남,32세,부상신고
2013081700100584,2013년 8월 17일 22시,토요일,제주특별자치도 서귀포시 서귀동,경상사고,0,0,2,0,차대차 - 기타,기타,건조,기타,교차로 - 교차로안,승용,남,63세,상해없음,자전거,남,19세,경상
2013081800100137,2013년 8월 18일 09시,일요일,제주특별자치도 제주시 도두일동,경상사고,0,0,1,0,차대차 - 기타,직진우회전진행방해,건조,맑음,교차로 - 교차로안,승용,남,41세,상해없음,자전거,여,52세,경상
2013081800100174,2013년 8월 18일 11시,일요일,제주특별자치도 제주시 한경면,경상사고,0,0,4,0,차대차 - 기타,안전운전불이행,건조,맑음,기타 - 기타,기타불명,기타불명,기타불명,기타불명,승용,여,34세,기타불명
2013081800100237,2013년 8월 18일 14시,일요일,제주특별자치도 제주시 조천읍,중상사고,0,1,1,0,차대차 - 측면직각충돌,중앙선침범,건조,맑음,단일로 - 기타,이륜,남,80세,중상,승용,남,38세,상해없음
2013081800100238,2013년 8월 18일 14시,일요일,제주특별자치도 서귀포시 남원읍,중상사고,0,1,2,1,차량단독 - 공작물충돌,안전운전불이행,건조,맑음,단일로 - 기타,승용,남,27세,부상신고,,,,
2013081800100239,2013년 8월 18일 14시,일요일,제주특별자치도 제주시 애월읍,중상사고,0,1,1,0,차량단독 - 도로외이탈 - 기타,안전운전불이행,건조,맑음,단일로 - 기타,승합,여,57세,경상,,,,
2013081800100327,2013년 8월 18일 17시,일요일,제주특별자치도 제주시 이호이동,경상사고,0,0,1,0,차대사람 - 기타,안전운전불이행,건조,맑음,단일로 - 기타,화물,남,55세,상해없음,보행자,여,52세,경상
2013081800100328,2013년 8월 18일 17시,일요일,제주특별자치도 제주시 연동,경상사고,0,0,1,0,차대차 - 기타,안전운전불이행,건조,맑음,교차로 - 교차로부근,승용,남,57세,상해없음,승용,남,52세,경상
2013081800100348,2013년 8월 18일 18시,일요일,제주특별자치도 제주시 화북이동,경상사고,0,0,1,0,차량단독 - 공작물충돌,안전운전불이행,건조,맑음,단일로 - 기타,승합,남,57세,상해없음,,,,
2013081800100349,2013년 8월 18일 18시,일요일,제주특별자치도 제주시 애월읍,경상사고,0,0,1,0,차대사람 - 기타,안전운전불이행,건조,맑음,단일로 - 기타,화물,남,70세,상해없음,보행자,여,62세,경상
2013081800100373,2013년 8월 18일 19시,일요일,제주특별자치도 서귀포시 서귀동,경상사고,0,0,3,0,차대차 - 기타,직진우회전진행방해,건조,맑음,교차로 - 교차로안,승용,남,53세,상해없음,승용,남,31세,경상
2013081800100466,2013년 8월 18일 23시,일요일,제주특별자치도 제주시 이도이동,경상사고,0,0,1,0,차대차 - 추돌 - 진행중,안전거리미확보,건조,맑음,단일로 - 기타,승용,남,22세,상해없음,승용,여,23세,경상
2013081900100013,2013년 8월 19일 00시,월요일,제주특별자치도 제주시 삼도이동,경상사고,0,0,4,0,차대차 - 추돌 - 주정차중,안전운전불이행,건조,맑음,교차로 - 교차로부근,화물,남,50세,상해없음,승합,남,62세,경상
2013081900100202,2013년 8월 19일 10시,월요일,제주특별자치도 제주시 애월읍,부상신고사고,0,0,0,1,차량단독 - 기타,안전운전불이행,건조,맑음,단일로 - 기타,승합,남,60세,상해없음,,,,
2013081900100262,2013년 8월 19일 12시,월요일,제주특별자치도 제주시 노형동,경상사고,0,0,2,0,차대차 - 기타,안전운전불이행,건조,맑음,단일로 - 기타,승용,여,42세,상해없음,승용,여,44세,경상
2013081900100290,2013년 8월 19일 13시,월요일,제주특별자치도 제주시 도남동,경상사고,0,0,1,0,차대차 - 측면직각충돌,차로위반,기타,맑음,단일로 - 기타,승용,여,58세,상해없음,승합,남,24세,상해없음
2013081900100291,2013년 8월 19일 13시,월요일,제주특별자치도 제주시 노형동,부상신고사고,0,0,0,2,차대차 - 기타,안전운전불이행,습기,비,단일로 - 기타,승용,남,19세,부상신고,화물,남,34세,부상신고
2013081900100292,2013년 8월 19일 13시,월요일,제주특별자치도 제주시 애월읍,중상사고,0,3,1,0,차대차 - 기타,안전운전불이행,습기,비,교차로 - 교차로안,승용,남,30세,경상,승용,여,46세,중상
2013081900100340,2013년 8월 19일 14시,월요일,제주특별자치도 제주시 조천읍,경상사고,0,0,1,0,차량단독 - 공작물충돌,안전운전불이행,건조,맑음,단일로 - 기타,승용,여,54세,경상,,,,
2013081900100341,2013년 8월 19일 14시,월요일,제주특별자치도 제주시 노형동,중상사고,0,1,0,0,차대차 - 기타,안전운전불이행,건조,맑음,단일로 - 기타,승용,남,25세,상해없음,이륜,남,35세,중상
2013081900100432,2013년 8월 19일 17시,월요일,제주특별자치도 제주시 조천읍,부상신고사고,0,0,0,1,차대차 - 측면직각충돌,교차로운행방법위반,건조,맑음,교차로 - 교차로안,원동기,남,45세,부상신고,승용,남,37세,상해없음
2013081900100433,2013년 8월 19일 17시,월요일,제주특별자치도 제주시 일도이동,중상사고,0,1,0,0,차대사람 - 횡단중,안전운전불이행,건조,맑음,교차로 - 교차로부근,승용,여,29세,상해없음,보행자,여,66세,중상
2013081900100434,2013년 8월 19일 17시,월요일,제주특별자치도 서귀포시 중문동,경상사고,0,0,2,0,차대차 - 추돌 - 주정차중,불법유턴,건조,맑음,기타 - 기타,화물,여,42세,상해없음,승용,남,39세,경상
2013081900100477,2013년 8월 19일 18시,월요일,제주특별자치도 제주시 용담이동,경상사고,0,0,2,0,차대차 - 추돌 - 진행중,안전거리미확보,건조,맑음,단일로 - 기타,승용,남,79세,상해없음,승용,남,57세,경상
2013081900100522,2013년 8월 19일 19시,월요일,제주특별자치도 제주시 일도일동,경상사고,0,0,2,0,차대차 - 측면직각충돌,안전거리미확보,건조,맑음,단일로 - 기타,승용,남,49세,상해없음,승용,남,30세,경상
2013081900100604,2013년 8월 19일 21시,월요일,제주특별자치도 제주시 오라삼동,경상사고,0,0,1,0,차대차 - 측면직각충돌,안전운전불이행,건조,맑음,단일로 - 횡단보도상,승용,남,59세,상해없음,자전거,남,49세,경상
2013082000100018,2013년 8월 20일 00시,화요일,제주특별자치도 제주시 연동,중상사고,0,1,1,0,차대차 - 추돌 - 진행중,교차로운행방법위반,건조,맑음,교차로 - 교차로안,승용,여,52세,경상,승용,남,30세,중상
2013082000100031,2013년 8월 20일 01시,화요일,제주특별자치도 서귀포시 중문동,경상사고,0,0,1,0,차량단독 - 공작물충돌,안전운전불이행,건조,맑음,단일로 - 기타,승용,남,21세,경상,,,,
2013082000100051,2013년 8월 20일 04시,화요일,제주특별자치도 제주시 삼도일동,경상사고,0,0,1,0,차대차 - 측면직각충돌,신호위반,건조,맑음,교차로 - 교차로부근,승용,남,67세,상해없음,승용,여,30세,경상
2013082000100052,2013년 8월 20일 04시,화요일,제주특별자치도 제주시 오라이동,경상사고,0,0,1,0,차대사람 - 횡단중,안전운전불이행,건조,맑음,단일로 - 기타,승용,여,48세,상해없음,보행자,남,30세,경상
2013082000100091,2013년 8월 20일 07시,화요일,제주특별자치도 제주시 이도이동,경상사고,0,0,1,0,차대차 - 측면직각충돌,안전운전불이행,건조,맑음,단일로 - 기타,승용,남,49세,상해없음,승용,남,38세,경상
2013082000100122,2013년 8월 20일 08시,화요일,제주특별자치도 제주시 삼양이동,중상사고,0,1,0,0,차대사람 - 횡단중,보행자보호의무위반,건조,맑음,단일로 - 횡단보도상,화물,남,34세,상해없음,보행자,여,6세,중상
2013082000100150,2013년 8월 20일 09시,화요일,제주특별자치도 제주시 노형동,중상사고,0,1,1,0,차대차 - 측면직각충돌,교차로운행방법위반,건조,맑음,교차로 - 교차로안,승용,남,55세,상해없음,이륜,남,36세,경상
2013082000100181,2013년 8월 20일 10시,화요일,제주특별자치도 서귀포시 안덕면,중상사고,0,1,0,0,차대차 - 기타,직진우회전진행방해,건조,맑음,교차로 - 교차로안,화물,남,41세,상해없음,승합,남,62세,상해없음
2013082000100227,2013년 8월 20일 11시,화요일,제주특별자치도 서귀포시 색달동,중상사고,0,1,1,0,차량단독 - 기타,안전운전불이행,건조,맑음,단일로 - 기타,승용,남,33세,경상,,,,
2013082000100248,2013년 8월 20일 12시,화요일,제주특별자치도 서귀포시 성산읍,부상신고사고,0,0,0,1,차대차 - 기타,교차로운행방법위반,건조,맑음,교차로 - 교차로안,승합,남,41세,상해없음,이륜,여,63세,부상신고
2013082000100267,2013년 8월 20일 13시,화요일,제주특별자치도 제주시 일도이동,경상사고,0,0,1,0,차대차 - 측면직각충돌,신호위반,건조,맑음,교차로 - 교차로안,화물,남,31세,상해없음,화물,남,23세,경상
2013082000100268,2013년 8월 20일 13시,화요일,제주특별자치도 제주시 일도이동,경상사고,0,0,1,0,차대차 - 측면직각충돌,교차로운행방법위반,건조,맑음,교차로 - 교차로안,건설기계,남,65세,상해없음,승용,남,43세,경상
2013082000100269,2013년 8월 20일 13시,화요일,제주특별자치도 서귀포시 동홍동,경상사고,0,0,1,0,차대차 - 기타,안전운전불이행,건조,맑음,교차로 - 교차로부근,화물,남,76세,상해없음,자전거,남,15세,경상
2013082000100314,2013년 8월 20일 14시,화요일,제주특별자치도 제주시 구좌읍,경상사고,0,0,4,0,차대차 - 측면직각충돌,신호위반,건조,맑음,교차로 - 교차로안,승용,여,41세,상해없음,승용,남,34세,경상
2013082000100315,2013년 8월 20일 14시,화요일,제주특별자치도 제주시 노형동,경상사고,0,0,2,0,차대차 - 추돌 - 진행중,안전운전불이행,건조,맑음,단일로 - 기타,화물,남,52세,상해없음,승용,남,44세,경상
2013082000100346,2013년 8월 20일 15시,화요일,제주특별자치도 제주시 우도면,경상사고,0,0,5,0,차대차 - 측면직각충돌,교차로운행방법위반,기타,맑음,교차로 - 교차로안,승용,남,29세,상해없음,승용,남,33세,경상
2013082000100347,2013년 8월 20일 15시,화요일,제주특별자치도 제주시 이도일동,경상사고,0,0,1,0,차대사람 - 횡단중,안전운전불이행,건조,맑음,단일로 - 기타,승용,남,28세,상해없음,보행자,여,90세,경상
2013082000100425,2013년 8월 20일 17시,화요일,제주특별자치도 서귀포시 서홍동,경상사고,0,0,2,0,차량단독 - 기타,안전운전불이행,건조,맑음,교차로 - 교차로부근,승합,남,42세,상해없음,,,,
2013082000100469,2013년 8월 20일 18시,화요일,제주특별자치도 제주시 용담삼동,중상사고,0,1,0,0,차대차 - 측면직각충돌,직진우회전진행방해,건조,맑음,교차로 - 교차로안,승용,남,25세,상해없음,이륜,남,23세,중상
2013082000100502,2013년 8월 20일 19시,화요일,제주특별자치도 제주시 용담이동,경상사고,0,0,2,1,차대차 - 추돌 - 진행중,안전운전불이행,건조,맑음,교차로 - 교차로부근,승용,남,28세,부상신고,승용,여,22세,경상
2013082000100564,2013년 8월 20일 21시,화요일,제주특별자치도 서귀포시 중문동,경상사고,0,0,2,0,차대차 - 기타,교차로운행방법위반,건조,맑음,교차로 - 교차로안,승용,남,58세,상해없음,승용,여,40세,경상
2013082100100073,2013년 8월 21일 05시,수요일,제주특별자치도 제주시 애월읍,중상사고,0,1,1,0,차량단독 - 기타,안전운전불이행,건조,맑음,단일로 - 기타,승용,남,21세,중상,,,,
2013082100100085,2013년 8월 21일 06시,수요일,제주특별자치도 제주시 아라일동,경상사고,0,0,1,0,차량단독 - 공작물충돌,안전운전불이행,건조,맑음,단일로 - 기타,승용,여,49세,경상,,,,
2013082100100270,2013년 8월 21일 12시,수요일,제주특별자치도 제주시 연동,경상사고,0,0,2,0,차대차 - 측면직각충돌,직진우회전진행방해,건조,기타,교차로 - 교차로안,승용,남,36세,상해없음,승용,남,37세,경상
2013082100100300,2013년 8월 21일 13시,수요일,제주특별자치도 제주시 외도일동,경상사고,0,0,2,0,차대차 - 측면직각충돌,교차로운행방법위반,건조,맑음,교차로 - 교차로안,승용,여,24세,경상,승용,여,39세,경상
2013082100100339,2013년 8월 21일 14시,수요일,제주특별자치도 제주시 노형동,경상사고,0,0,1,0,차대차 - 추돌 - 진행중,안전운전불이행,건조,맑음,단일로 - 기타,승용,남,52세,상해없음,승용,여,46세,경상
2013082100100403,2013년 8월 21일 16시,수요일,제주특별자치도 서귀포시 하효동,부상신고사고,0,0,0,1,차대차 - 측면직각충돌,직진우회전진행방해,건조,맑음,교차로 - 교차로안,승용,남,48세,부상신고,화물,남,54세,상해없음
2013082100100442,2013년 8월 21일 17시,수요일,제주특별자치도 서귀포시 색달동,부상신고사고,0,0,0,1,차대차 - 추돌 - 진행중,직진우회전진행방해,건조,맑음,교차로 - 교차로안,승용,남,54세,부상신고,화물,남,69세,상해없음
2013082100100503,2013년 8월 21일 19시,수요일,제주특별자치도 제주시 노형동,경상사고,0,0,2,0,차대차 - 기타,안전거리미확보,건조,기타,교차로 - 교차로부근,승용,남,41세,상해없음,승용,남,52세,경상
2013082200100220,2013년 8월 22일 11시,목요일,제주특별자치도 제주시 용담일동,경상사고,0,0,2,0,차대차 - 측면직각충돌,신호위반,건조,맑음,교차로 - 교차로안,승용,남,30세,상해없음,승합,남,27세,경상
2013082200100311,2013년 8월 22일 14시,목요일,제주특별자치도 제주시 연동,경상사고,0,0,1,0,차대사람 - 횡단중,안전운전불이행,건조,맑음,단일로 - 기타,기타불명,기타불명,기타불명,기타불명,보행자,남,11세,경상
2013082200100338,2013년 8월 22일 15시,목요일,제주특별자치도 제주시 용담이동,부상신고사고,0,0,0,1,차대사람 - 횡단중,안전운전불이행,건조,맑음,단일로 - 기타,승용,남,47세,기타불명,보행자,남,15세,부상신고
2013082200100364,2013년 8월 22일 16시,목요일,제주특별자치도 제주시 이도일동,부상신고사고,0,0,0,1,차대사람 - 횡단중,안전운전불이행,건조,맑음,교차로 - 교차로부근,기타불명,기타불명,기타불명,기타불명,보행자,남,19세,부상신고
2013082200100365,2013년 8월 22일 16시,목요일,제주특별자치도 제주시 한림읍,경상사고,0,0,1,0,차대사람 - 횡단중,안전운전불이행,건조,맑음,단일로 - 기타,승용,남,28세,상해없음,보행자,여,28세,경상
2013082200100432,2013년 8월 22일 18시,목요일,제주특별자치도 제주시 아라일동,경상사고,0,0,1,0,차대사람 - 횡단중,안전운전불이행,건조,흐림,기타 - 기타,승용,남,48세,상해없음,보행자,여,32세,경상
2013082200100556,2013년 8월 22일 21시,목요일,제주특별자치도 제주시 애월읍,중상사고,0,1,1,0,차대차 - 측면직각충돌,중앙선침범,습기,비,단일로 - 기타,화물,남,51세,중상,승합,남,45세,경상
2013082200100585,2013년 8월 22일 22시,목요일,제주특별자치도 제주시 일도이동,경상사고,0,0,1,0,차대사람 - 횡단중,보행자보호의무위반,습기,흐림,단일로 - 횡단보도상,승용,남,39세,상해없음,보행자,여,23세,경상
2013082300100015,2013년 8월 23일 00시,금요일,제주특별자치도 제주시 화북일동,경상사고,0,0,2,0,차대차 - 측면직각충돌,안전거리미확보,습기,비,교차로 - 교차로안,승합,남,43세,상해없음,승용,여,47세,경상
2013082300100193,2013년 8월 23일 08시,금요일,제주특별자치도 서귀포시 남원읍,경상사고,0,0,1,1,차대차 - 추돌 - 진행중,중앙선침범,습기,비,단일로 - 기타,승합,남,63세,부상신고,승용,남,58세,경상
2013082300100225,2013년 8월 23일 09시,금요일,제주특별자치도 제주시 도련이동,경상사고,0,0,1,0,차대차 - 측면직각충돌,교차로운행방법위반,건조,맑음,교차로 - 교차로안,화물,남,44세,상해없음,승용,남,47세,경상
2013082300100248,2013년 8월 23일 10시,금요일,제주특별자치도 제주시 이도이동,경상사고,0,0,2,0,차대차 - 측면직각충돌,직진우회전진행방해,건조,맑음,교차로 - 교차로안,승용,남,37세,경상,승용,여,53세,경상
2013082300100249,2013년 8월 23일 10시,금요일,제주특별자치도 제주시 이도이동,경상사고,0,0,1,0,차대차 - 측면직각충돌,안전운전불이행,건조,맑음,단일로 - 기타,승용,남,74세,상해없음,승용,남,36세,경상
2013082300100346,2013년 8월 23일 14시,금요일,제주특별자치도 제주시 용담일동,경상사고,0,0,1,0,차대차 - 측면직각충돌,안전운전불이행,건조,맑음,단일로 - 횡단보도상,승합,여,55세,상해없음,자전거,남,12세,경상
2013082300100347,2013년 8월 23일 14시,금요일,제주특별자치도 제주시 일도이동,경상사고,0,0,1,0,차대차 - 측면직각충돌,교차로운행방법위반,건조,맑음,교차로 - 교차로안,승용,남,46세,상해없음,자전거,남,18세,경상
2013082300100416,2013년 8월 23일 16시,금요일,제주특별자치도 서귀포시 남원읍,중상사고,0,1,0,0,차대차 - 측면직각충돌,안전운전불이행,습기,비,교차로 - 교차로부근,이륜,남,68세,중상,승용,여,33세,상해없음
2013082300100524,2013년 8월 23일 19시,금요일,제주특별자치도 제주시 아라이동,중상사고,0,1,4,1,차대차 - 측면직각충돌,중앙선침범,습기,비,단일로 - 기타,승용,여,32세,기타불명,승합,남,36세,경상
2013082300100525,2013년 8월 23일 19시,금요일,제주특별자치도 제주시 노형동,경상사고,0,0,1,0,차대차 - 기타,안전운전불이행,습기,비,단일로 - 기타,승용,남,61세,상해없음,승용,남,61세,경상
2013082300100566,2013년 8월 23일 20시,금요일,제주특별자치도 제주시 연동,경상사고,0,0,2,0,차대차 - 추돌 - 진행중,직진우회전진행방해,건조,맑음,교차로 - 교차로안,승용,여,26세,경상,승합,여,56세,경상
2013082300100602,2013년 8월 23일 21시,금요일,제주특별자치도 제주시 연동,경상사고,0,0,2,0,차대차 - 추돌 - 진행중,안전운전불이행,건조,기타,단일로 - 기타,승용,여,57세,상해없음,승용,여,32세,경상
2013082300100675,2013년 8월 23일 23시,금요일,제주특별자치도 제주시 일도이동,경상사고,0,0,1,0,차대차 - 측면직각충돌,교차로운행방법위반,건조,맑음,교차로 - 교차로안,승용,남,53세,상해없음,승용,여,59세,경상
2013082300100676,2013년 8월 23일 23시,금요일,제주특별자치도 제주시 연동,경상사고,0,0,1,2,차대차 - 기타,직진우회전진행방해,건조,기타,교차로 - 교차로안,승용,남,51세,부상신고,승용,남,35세,부상신고
2013082400100029,2013년 8월 24일 00시,토요일,제주특별자치도 제주시 연동,사망사고,1,0,0,0,차대사람 - 기타,안전운전불이행,건조,흐림,단일로 - 기타,승용,남,36세,상해없음,보행자,남,42세,사망
2013082400100056,2013년 8월 24일 01시,토요일,제주특별자치도 제주시 연동,부상신고사고,0,0,0,1,차대차 - 기타,안전운전불이행,건조,맑음,단일로 - 기타,화물,남,52세,상해없음,원동기,남,29세,부상신고
2013082400100085,2013년 8월 24일 02시,토요일,제주특별자치도 제주시 건입동,경상사고,0,0,1,0,차대차 - 추돌 - 주정차중,안전운전불이행,습기,비,교차로 - 교차로부근,승합,남,37세,상해없음,승용,여,53세,상해없음
2013082400100108,2013년 8월 24일 03시,토요일,제주특별자치도 서귀포시 서홍동,경상사고,0,0,1,0,차대차 - 측면직각충돌,중앙선침범,건조,흐림,교차로 - 교차로안,승용,남,23세,상해없음,승용,남,50세,경상
2013082400100140,2013년 8월 24일 05시,토요일,제주특별자치도 서귀포시 서귀동,중상사고,0,1,0,0,차대사람 - 횡단중,보행자보호의무위반,건조,맑음,단일로 - 기타,승용,남,62세,상해없음,보행자,남,70세,중상
2013082400100161,2013년 8월 24일 06시,토요일,제주특별자치도 제주시 연동,부상신고사고,0,0,0,1,차대차 - 기타,직진우회전진행방해,습기,비,교차로 - 교차로안,승용,남,35세,상해없음,승용,남,53세,부상신고
2013082400100192,2013년 8월 24일 08시,토요일,제주특별자치도 서귀포시 대정읍,중상사고,0,1,0,0,차대차 - 정면충돌,안전운전불이행,건조,맑음,단일로 - 기타,승용,여,38세,상해없음,원동기,남,64세,중상
2013082400100193,2013년 8월 24일 08시,토요일,제주특별자치도 제주시 애월읍,중상사고,0,1,2,0,차대차 - 추돌 - 진행중,안전거리미확보,건조,맑음,단일로 - 기타,승용,남,36세,상해없음,승용,남,51세,경상
2013082400100226,2013년 8월 24일 09시,토요일,제주특별자치도 제주시 건입동,경상사고,0,0,2,0,차대차 - 측면직각충돌,안전운전불이행,건조,맑음,단일로 - 기타,화물,여,61세,상해없음,화물,남,30세,경상