사고번호,사고일시,요일,시군구,사고내용,사망자수,중상자수,경상자수,부상신고자수,사고유형,법규위반,노면상태,기상상태,도로형태,가해운전자 차종,가해운전자 성별,가해운전자 연령,가해운전자 상해정도,피해운전자 차종,피해운전자 성별,피해운전자 연령,피해운전자 상해정도
2013091200100414,2013년 9월 12일 18시,목요일,제주특별자치도 제주시 노형동,중상사고,0,1,0,0,차량단독 - 기타,안전운전불이행,건조,맑음,교차로 - 교차로부근,승합,남,44세,상해없음,,,,
2013091300100219,2013년 9월 13일 10시,금요일,제주특별자치도 제주시 노형동,경상사고,0,0,2,0,차대차 - 기타,직진우회전진행방해,건조,맑음,교차로 - 교차로부근,승용,남,37세,상해없음,승합,남,43세,상해없음
2013091300100287,2013년 9월 13일 12시,금요일,제주특별자치도 제주시 우도면,경상사고,0,0,1,0,차량단독 - 전도전복,안전운전불이행,건조,맑음,단일로 - 기타,이륜,여,45세,상해없음,,,,
2013091300100380,2013년 9월 13일 15시,금요일,제주특별자치도 제주시 노형동,경상사고,0,0,2,0,차대차 - 측면직각충돌,안전거리미확보,건조,맑음,교차로 - 교차로부근,승합,남,52세,상해없음,승용,남,53세,경상
2013091300100460,2013년 9월 13일 17시,금요일,제주특별자치도 제주시 구좌읍,중상사고,0,1,0,0,차대사람 - 횡단중,안전운전불이행,건조,맑음,단일로 - 기타,승용,여,64세,상해없음,보행자,남,7세,중상
2013091300100461,2013년 9월 13일 17시,금요일,제주특별자치도 제주시 이도이동,경상사고,0,0,1,0,차대사람 - 횡단중,안전운전불이행,건조,맑음,단일로 - 기타,자전거,남,54세,상해없음,보행자,여,29세,경상
2013091300100492,2013년 9월 13일 18시,금요일,제주특별자치도 서귀포시 동홍동,경상사고,0,0,1,0,차대차 - 기타,안전운전불이행,건조,맑음,단일로 - 기타,자전거,남,26세,경상,승용,여,39세,상해없음
2013091300100589,2013년 9월 13일 20시,금요일,제주특별자치도 서귀포시 서귀동,경상사고,0,0,1,0,차대차 - 기타,안전운전불이행,건조,맑음,교차로 - 교차로안,원동기,남,52세,경상,승용,여,42세,상해없음
2013091400100082,2013년 9월 14일 02시,토요일,제주특별자치도 제주시 이도이동,중상사고,0,1,0,0,차대사람 - 횡단중,안전운전불이행,건조,흐림,교차로 - 교차로안,승용,남,41세,상해없음,보행자,남,48세,중상
2013091400100155,2013년 9월 14일 06시,토요일,제주특별자치도 제주시 아라이동,경상사고,0,0,1,0,차대차 - 측면직각충돌,신호위반,습기,흐림,교차로 - 교차로안,승용,남,58세,상해없음,승용,남,42세,상해없음
2013091400100187,2013년 9월 14일 08시,토요일,제주특별자치도 제주시 화북일동,중상사고,0,1,0,0,차대사람 - 횡단중,안전운전불이행,습기,비,교차로 - 교차로안,승용,여,38세,상해없음,보행자,남,69세,중상
2013091400100217,2013년 9월 14일 09시,토요일,제주특별자치도 제주시 삼도일동,중상사고,0,1,0,0,차대차 - 측면직각충돌,안전운전불이행,습기,비,교차로 - 교차로부근,자전거,여,58세,중상,승용,남,44세,상해없음
2013091400100218,2013년 9월 14일 09시,토요일,제주특별자치도 제주시 일도이동,중상사고,0,1,0,0,차대사람 - 횡단중,보행자보호의무위반,습기,비,단일로 - 횡단보도상,승용,남,46세,상해없음,보행자,남,37세,중상
2013091400100219,2013년 9월 14일 09시,토요일,제주특별자치도 서귀포시 표선면,부상신고사고,0,0,0,1,차대차 - 추돌 - 진행중,안전운전불이행,건조,맑음,단일로 - 기타,원동기,남,20세,부상신고,승용,남,46세,상해없음
2013091400100241,2013년 9월 14일 10시,토요일,제주특별자치도 서귀포시 안덕면,경상사고,0,0,1,0,차대차 - 기타,안전운전불이행,건조,맑음,교차로 - 교차로안,자전거,남,63세,경상,승용,여,30세,상해없음
2013091400100242,2013년 9월 14일 10시,토요일,제주특별자치도 제주시 연동,경상사고,0,0,1,0,차대차 - 측면직각충돌,직진우회전진행방해,습기,비,교차로 - 교차로안,승용,여,46세,상해없음,이륜,남,32세,경상
2013091400100243,2013년 9월 14일 10시,토요일,제주특별자치도 제주시 애월읍,중상사고,0,1,1,0,차대차 - 기타,안전거리미확보,건조,맑음,교차로 - 교차로부근,승용,남,53세,상해없음,승용,남,56세,상해없음
2013091400100269,2013년 9월 14일 11시,토요일,제주특별자치도 제주시 구좌읍,경상사고,0,0,2,0,차량단독 - 전도전복,안전운전불이행,건조,맑음,단일로 - 기타,이륜,남,26세,경상,,,,
2013091400100270,2013년 9월 14일 11시,토요일,제주특별자치도 제주시 삼도일동,경상사고,0,0,4,0,차대차 - 추돌 - 주정차중,중앙선침범,건조,맑음,교차로 - 교차로안,승용,여,42세,경상,승용,여,49세,경상
2013091400100332,2013년 9월 14일 13시,토요일,제주특별자치도 제주시 아라일동,경상사고,0,0,3,0,차대차 - 측면직각충돌,안전운전불이행,습기,비,교차로 - 교차로부근,승용,여,44세,경상,승용,여,37세,경상
2013091400100333,2013년 9월 14일 13시,토요일,제주특별자치도 제주시 한림읍,경상사고,0,0,1,0,차대차 - 측면직각충돌,신호위반,습기,비,교차로 - 교차로안,화물,남,31세,상해없음,원동기,남,77세,경상
2013091400100377,2013년 9월 14일 14시,토요일,제주특별자치도 제주시 오라삼동,부상신고사고,0,0,0,1,차대차 - 추돌 - 진행중,안전운전불이행,습기,흐림,교차로 - 교차로부근,승용,남,71세,상해없음,승용,여,33세,상해없음
2013091400100573,2013년 9월 14일 19시,토요일,제주특별자치도 제주시 오라이동,경상사고,0,0,1,0,차대차 - 추돌 - 진행중,안전운전불이행,습기,흐림,기타 - 기타,승용,남,26세,상해없음,승용,남,46세,상해없음
2013091400100606,2013년 9월 14일 20시,토요일,제주특별자치도 제주시 이도이동,경상사고,0,0,1,0,차대사람 - 횡단중,안전운전불이행,건조,맑음,단일로 - 기타,승용,남,29세,상해없음,보행자,남,37세,경상
2013091500100015,2013년 9월 15일 00시,일요일,제주특별자치도 제주시 이도이동,중상사고,0,1,1,0,차대차 - 정면충돌,중앙선침범,건조,맑음,교차로 - 교차로부근,승용,남,30세,상해없음,승용,여,31세,중상
2013091500100048,2013년 9월 15일 02시,일요일,제주특별자치도 제주시 이도이동,중상사고,0,1,0,0,차대사람 - 횡단중,안전운전불이행,건조,맑음,교차로 - 교차로안,승용,남,38세,상해없음,보행자,남,44세,중상
2013091500100072,2013년 9월 15일 04시,일요일,제주특별자치도 제주시 일도이동,경상사고,0,0,1,0,차대차 - 측면직각충돌,안전거리미확보,건조,맑음,단일로 - 횡단보도부근,승용,남,67세,상해없음,승용,여,26세,경상
2013091500100117,2013년 9월 15일 07시,일요일,제주특별자치도 제주시 한경면,경상사고,0,0,2,0,차대차 - 측면직각충돌,안전운전불이행,건조,맑음,교차로 - 교차로부근,승용,남,61세,상해없음,승용,남,37세,경상
2013091500100216,2013년 9월 15일 12시,일요일,제주특별자치도 제주시 도두이동,경상사고,0,0,1,0,차대사람 - 횡단중,보행자보호의무위반,건조,맑음,단일로 - 횡단보도상,승합,남,70세,상해없음,보행자,여,55세,경상
2013091500100248,2013년 9월 15일 13시,일요일,제주특별자치도 서귀포시 동홍동,경상사고,0,0,1,0,차대차 - 기타,안전운전불이행,건조,맑음,교차로 - 교차로부근,승용,남,55세,상해없음,승용,여,34세,경상
2013091500100273,2013년 9월 15일 14시,일요일,제주특별자치도 제주시 조천읍,경상사고,0,0,2,0,차대차 - 측면직각충돌,안전거리미확보,건조,맑음,교차로 - 교차로부근,승용,남,34세,상해없음,승합,남,31세,경상
2013091500100314,2013년 9월 15일 15시,일요일,제주특별자치도 제주시 용담이동,부상신고사고,0,0,0,5,차대차 - 기타,안전운전불이행,건조,맑음,단일로 - 기타,승용,여,21세,상해없음,승합,남,27세,부상신고
2013091500100354,2013년 9월 15일 16시,일요일,제주특별자치도 제주시 우도면,경상사고,0,0,1,0,차량단독 - 공작물충돌,안전운전불이행,건조,맑음,단일로 - 기타,이륜,여,26세,경상,,,,
2013091500100355,2013년 9월 15일 16시,일요일,제주특별자치도 제주시 도련일동,경상사고,0,0,1,0,차대사람 - 횡단중,보행자보호의무위반,건조,맑음,단일로 - 횡단보도상,화물,남,34세,상해없음,보행자,남,9세,경상
2013091500100463,2013년 9월 15일 19시,일요일,제주특별자치도 제주시 애월읍,경상사고,0,0,1,0,차량단독 - 기타,안전운전불이행,건조,맑음,단일로 - 기타,화물,남,57세,경상,,,,
2013091500100464,2013년 9월 15일 19시,일요일,제주특별자치도 제주시 용담이동,경상사고,0,0,1,0,차대사람 - 기타,안전운전불이행,건조,맑음,단일로 - 기타,승용,남,58세,상해없음,보행자,남,32세,경상
2013091500100490,2013년 9월 15일 20시,일요일,제주특별자치도 제주시 한림읍,경상사고,0,0,1,0,차대차 - 기타,안전운전불이행,건조,기타,단일로 - 기타,화물,남,62세,상해없음,승용,남,38세,상해없음
2013091500100534,2013년 9월 15일 22시,일요일,제주특별자치도 제주시 도두이동,경상사고,0,0,2,0,차대차 - 기타,안전운전불이행,건조,흐림,교차로 - 교차로부근,화물,남,29세,상해없음,승용,남,24세,경상
2013091600100059,2013년 9월 16일 05시,월요일,제주특별자치도 제주시 외도이동,경상사고,0,0,1,0,차대사람 - 횡단중,안전운전불이행,건조,맑음,기타 - 기타,승용,남,51세,상해없음,보행자,여,68세,경상
2013091600100113,2013년 9월 16일 07시,월요일,제주특별자치도 제주시 한림읍,중상사고,0,1,0,0,차대사람 - 보도통행중,안전운전불이행,건조,맑음,단일로 - 기타,승용,남,28세,상해없음,보행자,남,49세,중상
2013091600100166,2013년 9월 16일 08시,월요일,제주특별자치도 제주시 노형동,경상사고,0,0,1,0,차대차 - 측면직각충돌,신호위반,건조,맑음,교차로 - 교차로부근,자전거,남,56세,경상,승용,남,47세,상해없음
2013091600100167,2013년 9월 16일 08시,월요일,제주특별자치도 제주시 애월읍,중상사고,0,1,1,0,차대차 - 추돌 - 주정차중,안전운전불이행,건조,맑음,교차로 - 교차로부근,화물,남,40세,상해없음,승용,여,44세,중상
2013091600100203,2013년 9월 16일 09시,월요일,제주특별자치도 서귀포시 토평동,중상사고,0,1,1,0,차대차 - 기타,직진우회전진행방해,건조,맑음,교차로 - 교차로안,승용,남,66세,상해없음,승용,남,27세,경상
2013091600100248,2013년 9월 16일 10시,월요일,제주특별자치도 제주시 이도이동,경상사고,0,0,1,0,차대차 - 추돌 - 주정차중,안전거리미확보,건조,맑음,교차로 - 교차로부근,승용,남,49세,상해없음,승용,여,44세,경상
2013091600100286,2013년 9월 16일 11시,월요일,제주특별자치도 제주시 이도일동,경상사고,0,0,1,0,차대차 - 측면직각충돌,교차로운행방법위반,건조,맑음,교차로 - 교차로안,승용,남,58세,상해없음,승용,남,55세,경상
2013091600100287,2013년 9월 16일 11시,월요일,제주특별자치도 제주시 일도이동,경상사고,0,0,1,0,차대차 - 측면직각충돌,안전운전불이행,건조,맑음,교차로 - 교차로부근,승용,남,54세,상해없음,승용,남,67세,경상
2013091600100313,2013년 9월 16일 12시,월요일,제주특별자치도 제주시 조천읍,중상사고,0,1,0,0,차량단독 - 공작물충돌,안전운전불이행,건조,맑음,단일로 - 기타,승용,남,64세,상해없음,,,,
2013091600100386,2013년 9월 16일 14시,월요일,제주특별자치도 제주시 일도일동,경상사고,0,0,1,0,차대사람 - 횡단중,안전운전불이행,건조,맑음,단일로 - 기타,승용,남,71세,상해없음,보행자,여,52세,경상
2013091600100387,2013년 9월 16일 14시,월요일,제주특별자치도 서귀포시 강정동,부상신고사고,0,0,0,1,차량단독 - 공작물충돌,안전운전불이행,건조,맑음,교차로 - 교차로부근,건설기계,남,45세,부상신고,,,,
2013091600100388,2013년 9월 16일 14시,월요일,제주특별자치도 제주시 연동,경상사고,0,0,1,0,차대차 - 추돌 - 주정차중,안전운전불이행,건조,맑음,기타 - 기타,승용,여,60세,상해없음,승용,남,62세,경상
2013091600100430,2013년 9월 16일 15시,월요일,제주특별자치도 서귀포시 서귀동,중상사고,0,1,0,0,차대차 - 기타,직진우회전진행방해,건조,맑음,교차로 - 교차로안,승용,남,29세,상해없음,이륜,남,62세,중상
2013091600100431,2013년 9월 16일 15시,월요일,제주특별자치도 서귀포시 서호동,경상사고,0,0,3,0,차대차 - 기타,안전운전불이행,건조,맑음,교차로 - 교차로안,화물,남,39세,상해없음,화물,남,62세,경상
2013091600100432,2013년 9월 16일 15시,월요일,제주특별자치도 제주시 연동,중상사고,0,1,0,0,차대차 - 측면직각충돌,중앙선침범,건조,맑음,단일로 - 기타,자전거,남,14세,중상,승용,남,24세,상해없음
2013091600100466,2013년 9월 16일 16시,월요일,제주특별자치도 제주시 아라일동,중상사고,0,1,0,0,차대차 - 측면직각충돌,안전거리미확보,건조,맑음,단일로 - 기타,원동기,여,29세,중상,승용,남,54세,상해없음
2013091600100467,2013년 9월 16일 16시,월요일,제주특별자치도 제주시 노형동,경상사고,0,0,1,0,차대차 - 기타,안전운전불이행,건조,맑음,단일로 - 기타,기타불명,기타불명,기타불명,기타불명,자전거,남,15세,경상
2013091600100509,2013년 9월 16일 17시,월요일,제주특별자치도 서귀포시 성산읍,중상사고,0,1,0,0,차대사람 - 기타,안전운전불이행,건조,맑음,교차로 - 교차로부근,승용,여,48세,상해없음,보행자,여,83세,중상
2013091600100557,2013년 9월 16일 18시,월요일,제주특별자치도 제주시 건입동,경상사고,0,0,1,0,차대차 - 측면직각충돌,안전운전불이행,건조,맑음,단일로 - 기타,승용,남,60세,상해없음,승용,여,66세,경상
2013091600100558,2013년 9월 16일 18시,월요일,제주특별자치도 제주시 연동,경상사고,0,0,1,0,차대차 - 추돌 - 진행중,안전운전불이행,건조,맑음,교차로 - 교차로안,이륜,남,18세,경상,승용,남,46세,상해없음
2013091600100559,2013년 9월 16일 18시,월요일,제주특별자치도 제주시 한림읍,중상사고,0,1,0,0,차대차 - 측면직각충돌,직진우회전진행방해,건조,맑음,교차로 - 교차로안,이륜,남,61세,중상,승용,여,38세,상해없음
2013091600100611,2013년 9월 16일 19시,월요일,제주특별자치도 제주시 노형동,경상사고,0,0,1,0,차대사람 - 기타,안전운전불이행,건조,맑음,단일로 - 기타,승용,여,49세,상해없음,보행자,남,27세,경상
2013091600100748,2013년 9월 16일 23시,월요일,제주특별자치도 제주시 일도이동,경상사고,0,0,1,0,차대차 - 측면직각충돌,안전운전불이행,건조,맑음,교차로 - 교차로부근,승용,여,42세,상해없음,승용,여,44세,경상
2013091600100749,2013년 9월 16일 23시,월요일,제주특별자치도 제주시 이도이동,경상사고,0,0,1,0,차량단독 - 공작물충돌,안전운전불이행,건조,맑음,교차로 - 교차로안,승용,남,58세,상해없음,,,,
2013091600100750,2013년 9월 16일 23시,월요일,제주특별자치도 제주시 연동,경상사고,0,0,1,0,차대차 - 정면충돌,중앙선침범,건조,맑음,단일로 - 기타,화물,남,43세,상해없음,승용,여,47세,경상
2013091700100156,2013년 9월 17일 08시,화요일,제주특별자치도 제주시 한림읍,중상사고,0,1,1,0,차대차 - 추돌 - 진행중,안전거리미확보,건조,맑음,단일로 - 기타,승용,남,31세,중상,농기계,남,52세,경상
2013091700100193,2013년 9월 17일 09시,화요일,제주특별자치도 제주시 이도이동,경상사고,0,0,1,0,차대차 - 측면직각충돌,안전거리미확보,건조,맑음,단일로 - 기타,화물,남,25세,상해없음,화물,남,51세,경상
2013091700100194,2013년 9월 17일 09시,화요일,제주특별자치도 서귀포시 성산읍,중상사고,0,1,0,0,차대차 - 기타,교차로운행방법위반,건조,맑음,교차로 - 교차로안,승용,남,46세,상해없음,원동기,남,74세,중상
2013091700100262,2013년 9월 17일 11시,화요일,제주특별자치도 서귀포시 안덕면,경상사고,0,0,1,0,차대차 - 추돌 - 진행중,안전운전불이행,건조,맑음,단일로 - 기타,화물,남,51세,상해없음,화물,남,58세,경상
2013091700100406,2013년 9월 17일 15시,화요일,제주특별자치도 제주시 조천읍,경상사고,0,0,1,0,차대차 - 측면직각충돌,안전운전불이행,건조,맑음,단일로 - 기타,승용,여,30세,상해없음,승용,남,39세,상해없음
2013091700100407,2013년 9월 17일 15시,화요일,제주특별자치도 제주시 노형동,경상사고,0,0,1,0,차대차 - 추돌 - 진행중,안전운전불이행,건조,맑음,단일로 - 기타,화물,남,48세,상해없음,화물,남,49세,기타불명
2013091700100557,2013년 9월 17일 18시,화요일,제주특별자치도 제주시 일도일동,경상사고,0,0,1,0,차대사람 - 횡단중,안전운전불이행,건조,맑음,단일로 - 기타,승용,남,69세,상해없음,보행자,여,70세,경상
2013091700100558,2013년 9월 17일 18시,화요일,제주특별자치도 서귀포시 동홍동,경상사고,0,0,1,0,차대사람 - 횡단중,보행자보호의무위반,건조,맑음,교차로 - 교차로부근,승용,남,41세,상해없음,보행자,여,55세,경상
2013091700100617,2013년 9월 17일 19시,화요일,제주특별자치도 제주시 이도이동,중상사고,0,1,0,0,차대사람 - 횡단중,기타,건조,맑음,단일로 - 기타,이륜,남,44세,상해없음,보행자,남,43세,중상
2013091700100618,2013년 9월 17일 19시,화요일,제주특별자치도 제주시 연동,중상사고,0,1,0,0,차대사람 - 횡단중,안전운전불이행,건조,맑음,단일로 - 기타,승용,남,25세,상해없음,보행자,여,38세,중상
2013091800100060,2013년 9월 18일 02시,수요일,제주특별자치도 제주시 오라일동,경상사고,0,0,2,0,차대차 - 추돌 - 주정차중,안전거리미확보,건조,맑음,교차로 - 교차로부근,승용,남,23세,상해없음,승용,남,58세,경상
2013091800100093,2013년 9월 18일 04시,수요일,제주특별자치도 서귀포시 남원읍,중상사고,0,1,0,0,차량단독 - 공작물충돌,안전운전불이행,건조,맑음,단일로 - 기타,화물,남,28세,상해없음,,,,
2013091800100130,2013년 9월 18일 07시,수요일,제주특별자치도 서귀포시 호근동,중상사고,0,1,0,0,차량단독 - 공작물충돌,안전운전불이행,건조,맑음,단일로 - 기타,승용,남,26세,중상,,,,
2013091800100148,2013년 9월 18일 08시,수요일,제주특별자치도 제주시 연동,경상사고,0,0,2,0,차대차 - 기타,안전운전불이행,건조,맑음,교차로 - 교차로안,승용,남,37세,경상,승용,남,42세,경상
2013091800100197,2013년 9월 18일 10시,수요일,제주특별자치도 제주시 연동,경상사고,0,0,1,0,차대차 - 추돌 - 진행중,안전거리미확보,건조,맑음,교차로 - 교차로부근,이륜,남,26세,경상,승용,남,62세,상해없음
2013091800100316,2013년 9월 18일 14시,수요일,제주특별자치도 제주시 이도이동,경상사고,0,0,1,0,차대사람 - 횡단중,안전운전불이행,건조,맑음,단일로 - 기타,승용,남,40세,상해없음,보행자,남,2세,경상
2013091800100410,2013년 9월 18일 18시,수요일,제주특별자치도 제주시 일도이동,경상사고,0,0,1,0,차대사람 - 횡단중,안전운전불이행,건조,맑음,교차로 - 교차로부근,승용,남,55세,상해없음,보행자,남,53세,경상
2013091800100438,2013년 9월 18일 19시,수요일,제주특별자치도 서귀포시 중문동,중상사고,0,1,0,0,차량단독 - 전도전복,안전운전불이행,건조,맑음,단일로 - 기타,승용,여,53세,중상,,,,
2013091900100009,2013년 9월 19일 00시,목요일,제주특별자치도 제주시 이호이동,경상사고,0,0,1,0,차대차 - 측면직각충돌,직진우회전진행방해,건조,맑음,교차로 - 교차로안,승용,여,55세,상해없음,승용,여,47세,경상
2013091900100069,2013년 9월 19일 08시,목요일,제주특별자치도 제주시 용담이동,경상사고,0,0,3,2,차대차 - 기타,안전운전불이행,건조,맑음,교차로 - 교차로부근,승합,남,55세,상해없음,승용,여,52세,경상
2013091900100144,2013년 9월 19일 12시,목요일,제주특별자치도 서귀포시 안덕면,경상사고,0,0,3,0,차대차 - 기타,직진우회전진행방해,건조,맑음,교차로 - 교차로안,승용,여,23세,상해없음,승용,남,42세,경상
2013091900100207,2013년 9월 19일 14시,목요일,제주특별자치도 서귀포시 성산읍,중상사고,0,1,2,0,차대차 - 기타,신호위반,건조,맑음,교차로 - 교차로안,승용,남,28세,상해없음,승용,남,44세,경상
2013091900100208,2013년 9월 19일 14시,목요일,제주특별자치도 제주시 한경면,중상사고,0,1,0,0,차량단독 - 기타,안전운전불이행,건조,맑음,교차로 - 교차로부근,이륜,남,72세,중상,,,,
2013091900100332,2013년 9월 19일 19시,목요일,제주특별자치도 제주시 일도일동,경상사고,0,0,5,0,차대차 - 측면직각충돌,차로위반,건조,맑음,단일로 - 기타,승용,여,45세,상해없음,승용,여,49세,경상
2013091900100333,2013년 9월 19일 19시,목요일,제주특별자치도 제주시 구좌읍,경상사고,0,0,2,0,차량단독 - 공작물충돌,안전운전불이행,건조,맑음,단일로 - 기타,화물,남,39세,상해없음,,,,
2013091900100334,2013년 9월 19일 19시,목요일,제주특별자치도 서귀포시 하예동,경상사고,0,0,1,0,차대사람 - 기타,안전운전불이행,건조,맑음,단일로 - 기타,승용,여,41세,상해없음,보행자,남,48세,경상
2013091900100363,2013년 9월 19일 20시,목요일,제주특별자치도 서귀포시 강정동,부상신고사고,0,0,0,1,차대차 - 기타,안전운전불이행,건조,맑음,교차로 - 교차로안,승용,남,24세,부상신고,승용,남,28세,상해없음
2013091900100364,2013년 9월 19일 20시,목요일,제주특별자치도 제주시 용담이동,경상사고,0,0,2,0,차대차 - 기타,중앙선침범,건조,맑음,단일로 - 기타,승용,남,46세,상해없음,승용,남,41세,경상
2013092000100060,2013년 9월 20일 05시,금요일,제주특별자치도 제주시 아라일동,경상사고,0,0,1,0,차대차 - 추돌 - 주정차중,안전운전불이행,건조,맑음,단일로 - 기타,승용,남,28세,경상,화물,남,35세,상해없음
2013092000100128,2013년 9월 20일 11시,금요일,제주특별자치도 제주시 구좌읍,중상사고,0,1,1,0,차량단독 - 공작물충돌,안전운전불이행,건조,맑음,단일로 - 기타,승용,남,29세,경상,,,,
2013092000100129,2013년 9월 20일 11시,금요일,제주특별자치도 서귀포시 대정읍,경상사고,0,0,2,1,차대차 - 측면직각충돌,안전운전불이행,건조,맑음,교차로 - 교차로안,승용,여,38세,부상신고,승용,여,48세,경상
2013092000100130,2013년 9월 20일 11시,금요일,제주특별자치도 제주시 애월읍,부상신고사고,0,0,0,2,차대차 - 측면직각충돌,안전거리미확보,건조,맑음,교차로 - 교차로부근,승용,여,38세,상해없음,승용,남,44세,부상신고
2013092000100222,2013년 9월 20일 15시,금요일,제주특별자치도 제주시 우도면,중상사고,0,2,0,0,차량단독 - 공작물충돌,안전운전불이행,건조,맑음,단일로 - 기타,이륜,남,42세,중상,,,,
2013092000100223,2013년 9월 20일 15시,금요일,제주특별자치도 서귀포시 서귀동,중상사고,0,1,0,0,차대차 - 기타,안전운전불이행,건조,맑음,교차로 - 교차로안,원동기,남,49세,중상,승합,남,59세,상해없음
2013092000100250,2013년 9월 20일 16시,금요일,제주특별자치도 제주시 우도면,경상사고,0,0,1,0,차량단독 - 공작물충돌,안전운전불이행,건조,맑음,교차로 - 교차로안,이륜,여,36세,경상,,,,
2013092000100251,2013년 9월 20일 16시,금요일,제주특별자치도 서귀포시 상효동,중상사고,0,1,1,0,차대차 - 측면직각충돌,신호위반,건조,맑음,교차로 - 교차로안,승용,여,49세,중상,화물,남,30세,상해없음
2013092000100329,2013년 9월 20일 19시,금요일,제주특별자치도 제주시 외도이동,중상사고,0,1,0,0,차대사람 - 기타,안전운전불이행,건조,맑음,단일로 - 기타,화물,남,43세,상해없음,보행자,여,60세,중상
2013092000100414,2013년 9월 20일 23시,금요일,제주특별자치도 제주시 이도이동,중상사고,0,1,0,0,차대차 - 측면직각충돌,신호위반,건조,맑음,교차로 - 교차로안,이륜,남,18세,중상,승용,남,57세,상해없음
2013092100100025,2013년 9월 21일 01시,토요일,제주특별자치도 제주시 이도이동,경상사고,0,0,2,0,차대사람 - 횡단중,안전운전불이행,건조,맑음,단일로 - 기타,승합,남,44세,상해없음,보행자,여,26세,경상
2013092100100041,2013년 9월 21일 02시,토요일,제주특별자치도 서귀포시 서귀동,중상사고,0,1,0,0,차대사람 - 기타,안전운전불이행,건조,흐림,교차로 - 교차로부근,승용,남,34세,상해없음,보행자,남,47세,중상
2013092100100053,2013년 9월 21일 03시,토요일,제주특별자치도 제주시 연동,경상사고,0,0,1,0,차대사람 - 기타,보행자보호의무위반,건조,맑음,단일로 - 기타,승용,남,46세,상해없음,보행자,남,31세,경상
2013092100100101,2013년 9월 21일 08시,토요일,제주특별자치도 제주시 연동,부상신고사고,0,0,0,1,차대차 - 측면직각충돌,안전운전불이행,건조,맑음,교차로 - 교차로안,화물,남,21세,상해없음,승용,여,57세,부상신고
2013092100100113,2013년 9월 21일 09시,토요일,제주특별자치도 제주시 도두이동,중상사고,0,1,1,0,차대차 - 측면직각충돌,직진우회전진행방해,건조,맑음,교차로 - 교차로안,승용,남,57세,상해없음,승용,남,39세,중상
2013092100100283,2013년 9월 21일 16시,토요일,제주특별자치도 제주시 도련일동,경상사고,0,0,1,0,차대차 - 측면직각충돌,교차로운행방법위반,건조,맑음,교차로 - 교차로안,화물,남,55세,상해없음,승용,남,34세,상해없음
2013092100100369,2013년 9월 21일 19시,토요일,제주특별자치도 제주시 노형동,중상사고,0,1,0,0,차대차 - 기타,안전운전불이행,건조,기타,단일로 - 기타,승용,여,52세,상해없음,원동기,남,35세,중상
2013092100100400,2013년 9월 21일 20시,토요일,제주특별자치도 서귀포시 동홍동,경상사고,0,0,1,1,차대차 - 기타,안전운전불이행,건조,맑음,교차로 - 교차로안,승용,남,55세,부상신고,승용,남,52세,상해없음
2013092100100461,2013년 9월 21일 22시,토요일,제주특별자치도 제주시 이도일동,경상사고,0,0,1,0,차대차 - 측면직각충돌,신호위반,건조,맑음,교차로 - 교차로안,원동기,남,18세,상해없음,승용,남,39세,상해없음
2013092100100462,2013년 9월 21일 22시,토요일,제주특별자치도 제주시 아라일동,경상사고,0,0,1,0,차대차 - 추돌 - 진행중,안전거리미확보,건조,맑음,단일로 - 기타,승용,남,66세,상해없음,승용,남,31세,경상
2013092100100487,2013년 9월 21일 23시,토요일,제주특별자치도 서귀포시 대정읍,중상사고,0,1,0,0,차대차 - 기타,안전운전불이행,건조,맑음,교차로 - 교차로안,승용,여,44세,상해없음,원동기,여,54세,중상
2013092200100075,2013년 9월 22일 06시,일요일,제주특별자치도 제주시 이호이동,중상사고,0,1,2,1,차대차 - 추돌 - 주정차중,안전운전불이행,습기,비,교차로 - 교차로부근,화물,남,38세,중상,화물,남,44세,경상
2013092200100081,2013년 9월 22일 07시,일요일,제주특별자치도 제주시 구좌읍,중상사고,0,1,3,0,차량단독 - 공작물충돌,안전운전불이행,건조,맑음,기타 - 기타,승용,여,33세,경상,,,,
2013092200100082,2013년 9월 22일 07시,일요일,제주특별자치도 제주시 용담이동,경상사고,0,0,2,0,차대차 - 기타,교차로운행방법위반,습기,비,교차로 - 교차로안,승용,남,26세,경상,승용,남,25세,경상
2013092200100129,2013년 9월 22일 10시,일요일,제주특별자치도 서귀포시 남원읍,중상사고,0,1,0,0,차대차 - 측면직각충돌,불법유턴,습기,흐림,교차로 - 교차로안,승용,남,73세,중상,승용,남,44세,상해없음