사고번호,사고일시,요일,시군구,사고내용,사망자수,중상자수,경상자수,부상신고자수,사고유형,법규위반,노면상태,기상상태,도로형태,가해운전자 차종,가해운전자 성별,가해운전자 연령,가해운전자 상해정도,피해운전자 차종,피해운전자 성별,피해운전자 연령,피해운전자 상해정도
2013111000100059,2013년 11월 10일 01시,일요일,제주특별자치도 제주시 이도이동,경상사고,0,0,2,0,차대사람 - 횡단중,안전운전불이행,건조,흐림,교차로 - 교차로부근,승용,남,20세,상해없음,보행자,남,23세,경상
2013111000100085,2013년 11월 10일 02시,일요일,제주특별자치도 제주시 연동,중상사고,0,1,1,0,차대차 - 측면직각충돌,신호위반,습기,비,교차로 - 교차로안,승용,남,53세,상해없음,승용,남,54세,경상
2013111000100104,2013년 11월 10일 03시,일요일,제주특별자치도 제주시 아라이동,경상사고,0,0,1,0,차대차 - 측면직각충돌,안전운전불이행,습기,비,단일로 - 기타,기타불명,기타불명,기타불명,기타불명,승용,남,21세,경상
2013111000100129,2013년 11월 10일 05시,일요일,제주특별자치도 제주시 삼도이동,경상사고,0,0,2,0,차대차 - 측면직각충돌,교차로운행방법위반,건조,맑음,교차로 - 교차로안,승용,남,30세,경상,승용,여,39세,경상
2013111000100143,2013년 11월 10일 06시,일요일,제주특별자치도 제주시 아라일동,경상사고,0,0,1,0,차대사람 - 횡단중,안전운전불이행,건조,맑음,교차로 - 교차로안,승용,여,33세,상해없음,보행자,남,75세,경상
2013111000100200,2013년 11월 10일 09시,일요일,제주특별자치도 제주시 조천읍,경상사고,0,0,1,0,차대차 - 측면직각충돌,중앙선침범,습기,맑음,단일로 - 기타,승용,여,38세,상해없음,화물,남,52세,경상
2013111000100351,2013년 11월 10일 14시,일요일,제주특별자치도 제주시 화북일동,경상사고,0,0,6,0,차대차 - 추돌 - 진행중,안전거리미확보,건조,맑음,단일로 - 기타,승합,남,59세,상해없음,승용,남,53세,경상
2013111000100352,2013년 11월 10일 14시,일요일,제주특별자치도 서귀포시 대정읍,경상사고,0,0,1,0,차대사람 - 기타,안전운전불이행,건조,맑음,단일로 - 기타,승용,남,39세,상해없음,보행자,남,52세,경상
2013111000100601,2013년 11월 10일 21시,일요일,제주특별자치도 제주시 일도이동,경상사고,0,0,1,0,차대차 - 측면직각충돌,안전거리미확보,건조,맑음,단일로 - 기타,승합,여,33세,상해없음,승용,남,44세,경상
2013111100100034,2013년 11월 11일 04시,월요일,제주특별자치도 제주시 아라일동,중상사고,0,1,0,0,차대차 - 측면직각충돌,신호위반,건조,흐림,교차로 - 교차로안,승용,여,47세,상해없음,승용,여,71세,중상
2013111100100058,2013년 11월 11일 06시,월요일,제주특별자치도 제주시 오라이동,경상사고,0,0,2,0,차대차 - 측면직각충돌,신호위반,건조,맑음,교차로 - 교차로안,승용,여,45세,경상,승용,남,58세,경상
2013111100100139,2013년 11월 11일 08시,월요일,제주특별자치도 서귀포시 표선면,중상사고,0,1,0,0,차대차 - 측면직각충돌,안전운전불이행,건조,맑음,교차로 - 교차로안,승용,남,42세,중상,건설기계,남,36세,상해없음
2013111100100140,2013년 11월 11일 08시,월요일,제주특별자치도 제주시 애월읍,경상사고,0,0,1,0,차대차 - 추돌 - 진행중,직진우회전진행방해,건조,맑음,교차로 - 교차로안,승용,여,37세,경상,화물,남,31세,상해없음
2013111100100222,2013년 11월 11일 11시,월요일,제주특별자치도 제주시 일도일동,경상사고,0,0,1,0,차대사람 - 횡단중,보행자보호의무위반,건조,맑음,교차로 - 교차로부근,화물,남,50세,상해없음,보행자,여,40세,경상
2013111100100252,2013년 11월 11일 12시,월요일,제주특별자치도 제주시 한경면,부상신고사고,0,0,0,1,차량단독 - 기타,안전운전불이행,건조,맑음,단일로 - 기타,원동기,여,77세,부상신고,,,,
2013111100100253,2013년 11월 11일 12시,월요일,제주특별자치도 제주시 노형동,경상사고,0,0,1,0,차대차 - 추돌 - 주정차중,안전운전불이행,건조,맑음,교차로 - 교차로부근,화물,남,59세,상해없음,승용,여,47세,경상
2013111100100289,2013년 11월 11일 13시,월요일,제주특별자치도 제주시 한림읍,경상사고,0,0,1,0,차대차 - 추돌 - 주정차중,안전운전불이행,건조,맑음,단일로 - 기타,승합,남,57세,상해없음,화물,남,37세,경상
2013111100100361,2013년 11월 11일 15시,월요일,제주특별자치도 제주시 일도일동,중상사고,0,1,0,0,차대사람 - 횡단중,안전운전불이행,건조,맑음,단일로 - 기타,승용,남,50세,상해없음,보행자,여,17세,중상
2013111100100362,2013년 11월 11일 15시,월요일,제주특별자치도 서귀포시 동홍동,경상사고,0,0,1,0,차대차 - 기타,안전거리미확보,건조,맑음,단일로 - 기타,승용,남,50세,경상,승용,남,60세,상해없음
2013111100100363,2013년 11월 11일 15시,월요일,제주특별자치도 서귀포시 토평동,경상사고,0,0,1,0,차대차 - 기타,신호위반,건조,맑음,교차로 - 교차로안,승용,여,54세,상해없음,화물,남,59세,경상
2013111100100401,2013년 11월 11일 16시,월요일,제주특별자치도 서귀포시 서귀동,중상사고,0,1,0,0,차대사람 - 기타,안전운전불이행,건조,맑음,교차로 - 교차로부근,승용,남,48세,상해없음,보행자,남,73세,중상
2013111100100402,2013년 11월 11일 16시,월요일,제주특별자치도 제주시 연동,중상사고,0,1,0,0,차대사람 - 횡단중,안전운전불이행,건조,맑음,교차로 - 교차로부근,승용,남,38세,상해없음,보행자,남,90세 이상,중상
2013111100100565,2013년 11월 11일 20시,월요일,제주특별자치도 제주시 연동,경상사고,0,0,1,0,차대차 - 추돌 - 진행중,신호위반,건조,맑음,단일로 - 기타,승용,남,45세,상해없음,이륜,남,31세,경상
2013111100100595,2013년 11월 11일 21시,월요일,제주특별자치도 서귀포시 강정동,경상사고,0,0,2,0,차대차 - 추돌 - 진행중,안전운전불이행,건조,맑음,교차로 - 교차로부근,건설기계,남,57세,상해없음,승용,남,36세,경상
2013111200100047,2013년 11월 12일 03시,화요일,제주특별자치도 제주시 연동,부상신고사고,0,0,0,1,차대차 - 기타,안전운전불이행,건조,맑음,교차로 - 교차로부근,승용,남,22세,부상신고,승용,남,23세,상해없음
2013111200100069,2013년 11월 12일 05시,화요일,제주특별자치도 제주시 용담삼동,중상사고,0,1,0,0,차량단독 - 전도전복,안전운전불이행,건조,맑음,단일로 - 기타,승용,여,63세,중상,,,,
2013111200100187,2013년 11월 12일 09시,화요일,제주특별자치도 서귀포시 남원읍,경상사고,0,0,1,0,차량단독 - 공작물충돌,안전운전불이행,건조,맑음,단일로 - 기타,화물,남,58세,경상,,,,
2013111200100332,2013년 11월 12일 14시,화요일,제주특별자치도 제주시 연동,중상사고,0,1,1,0,차대차 - 기타,중앙선침범,건조,맑음,교차로 - 교차로부근,이륜,남,45세,중상,이륜,남,24세,경상
2013111200100364,2013년 11월 12일 15시,화요일,제주특별자치도 제주시 오라이동,중상사고,0,1,1,0,차대차 - 측면직각충돌,교차로운행방법위반,건조,맑음,교차로 - 교차로안,승용,여,51세,중상,승용,여,52세,경상
2013111200100365,2013년 11월 12일 15시,화요일,제주특별자치도 서귀포시 동홍동,중상사고,0,1,0,0,차대사람 - 기타,안전운전불이행,건조,맑음,단일로 - 기타,화물,남,54세,상해없음,보행자,여,61세,중상
2013111200100366,2013년 11월 12일 15시,화요일,제주특별자치도 제주시 노형동,경상사고,0,0,1,0,차대사람 - 횡단중,보행자보호의무위반,건조,맑음,단일로 - 기타,승용,여,49세,상해없음,보행자,여,11세,경상
2013111200100402,2013년 11월 12일 16시,화요일,제주특별자치도 제주시 용담이동,경상사고,0,0,1,0,차대사람 - 횡단중,보행자보호의무위반,건조,맑음,단일로 - 기타,승용,남,61세,상해없음,보행자,남,13세,경상
2013111200100432,2013년 11월 12일 17시,화요일,제주특별자치도 제주시 애월읍,중상사고,0,1,0,0,차대차 - 측면직각충돌,교차로운행방법위반,건조,맑음,교차로 - 교차로안,승용,남,48세,상해없음,이륜,여,71세,중상
2013111200100480,2013년 11월 12일 18시,화요일,제주특별자치도 제주시 연동,경상사고,0,0,2,0,차대차 - 측면직각충돌,안전운전불이행,건조,맑음,교차로 - 교차로안,승합,남,50세,상해없음,승용,남,29세,경상
2013111200100515,2013년 11월 12일 19시,화요일,제주특별자치도 제주시 노형동,경상사고,0,0,1,0,차대사람 - 보도통행중,기타,건조,맑음,단일로 - 기타,승용,남,38세,기타불명,보행자,여,24세,경상
2013111200100546,2013년 11월 12일 20시,화요일,제주특별자치도 제주시 이도일동,중상사고,0,1,0,0,차대사람 - 횡단중,안전운전불이행,건조,흐림,교차로 - 교차로안,승용,남,19세,상해없음,보행자,여,60세,중상
2013111200100577,2013년 11월 12일 21시,화요일,제주특별자치도 제주시 연동,경상사고,0,0,1,0,차대차 - 기타,안전운전불이행,건조,맑음,교차로 - 교차로안,기타불명,기타불명,기타불명,기타불명,자전거,남,17세,경상
2013111200100612,2013년 11월 12일 22시,화요일,제주특별자치도 제주시 도남동,경상사고,0,0,2,0,차대차 - 측면직각충돌,안전운전불이행,건조,맑음,교차로 - 교차로부근,승용,여,46세,상해없음,승용,남,40세,경상
2013111200100642,2013년 11월 12일 23시,화요일,제주특별자치도 서귀포시 안덕면,부상신고사고,0,0,0,1,차대차 - 기타,안전운전불이행,건조,맑음,단일로 - 기타,승용,남,46세,상해없음,승용,남,34세,부상신고
2013111300100054,2013년 11월 13일 04시,수요일,제주특별자치도 제주시 연동,중상사고,0,1,0,0,차대사람 - 보도통행중,안전운전불이행,건조,맑음,교차로 - 교차로안,승용,남,36세,상해없음,보행자,여,59세,중상
2013111300100105,2013년 11월 13일 07시,수요일,제주특별자치도 제주시 오라이동,경상사고,0,0,1,0,차대차 - 측면직각충돌,안전운전불이행,건조,맑음,교차로 - 교차로안,승합,여,45세,상해없음,승용,남,45세,경상
2013111300100210,2013년 11월 13일 10시,수요일,제주특별자치도 서귀포시 남원읍,중상사고,0,2,0,0,차대차 - 기타,직진우회전진행방해,건조,맑음,교차로 - 교차로안,이륜,남,71세,중상,승합,여,60세,중상
2013111300100274,2013년 11월 13일 12시,수요일,제주특별자치도 제주시 내도동,중상사고,0,1,0,0,차대차 - 기타,직진우회전진행방해,건조,맑음,교차로 - 교차로안,승용,남,62세,상해없음,원동기,남,25세,중상
2013111300100310,2013년 11월 13일 13시,수요일,제주특별자치도 제주시 구좌읍,경상사고,0,0,1,0,차대차 - 측면직각충돌,교차로운행방법위반,건조,맑음,교차로 - 교차로안,승용,남,23세,상해없음,승용,남,34세,경상
2013111300100410,2013년 11월 13일 16시,수요일,제주특별자치도 제주시 화북일동,경상사고,0,0,1,0,차대사람 - 횡단중,보행자보호의무위반,건조,흐림,교차로 - 교차로부근,화물,남,44세,상해없음,보행자,남,21세,경상
2013111300100450,2013년 11월 13일 17시,수요일,제주특별자치도 제주시 이도이동,경상사고,0,0,1,0,차대사람 - 횡단중,신호위반,건조,맑음,교차로 - 교차로부근,승용,남,71세,상해없음,보행자,여,7세,경상
2013111300100451,2013년 11월 13일 17시,수요일,제주특별자치도 제주시 조천읍,경상사고,0,0,1,0,차대차 - 측면직각충돌,신호위반,건조,맑음,교차로 - 교차로안,승용,남,59세,상해없음,승용,남,45세,경상
2013111300100518,2013년 11월 13일 18시,수요일,제주특별자치도 제주시 용담이동,중상사고,0,1,0,0,차대사람 - 횡단중,안전운전불이행,건조,맑음,교차로 - 교차로부근,승용,여,46세,상해없음,보행자,여,59세,중상
2013111300100561,2013년 11월 13일 19시,수요일,제주특별자치도 제주시 봉개동,중상사고,0,1,1,0,차대차 - 추돌 - 진행중,안전거리미확보,건조,맑음,교차로 - 교차로부근,승용,여,41세,상해없음,승용,여,40세,경상
2013111300100622,2013년 11월 13일 21시,수요일,제주특별자치도 제주시 노형동,경상사고,0,0,1,0,차대차 - 기타,안전운전불이행,건조,맑음,교차로 - 교차로부근,승용,남,23세,상해없음,자전거,남,13세,경상
2013111300100647,2013년 11월 13일 22시,수요일,제주특별자치도 제주시 도남동,중상사고,0,1,0,0,차대차 - 측면직각충돌,교차로운행방법위반,건조,맑음,교차로 - 교차로안,승용,남,19세,상해없음,원동기,남,61세,중상
2013111400100085,2013년 11월 14일 06시,목요일,제주특별자치도 서귀포시 서귀동,경상사고,0,0,1,0,차대사람 - 기타,보행자보호의무위반,건조,기타,단일로 - 기타,기타불명,기타불명,기타불명,기타불명,보행자,남,55세,경상
2013111400100144,2013년 11월 14일 08시,목요일,제주특별자치도 제주시 조천읍,중상사고,0,1,0,0,차대차 - 측면직각충돌,불법유턴,건조,맑음,교차로 - 교차로부근,자전거,남,38세,중상,승용,남,31세,상해없음
2013111400100188,2013년 11월 14일 10시,목요일,제주특별자치도 제주시 일도이동,중상사고,0,3,0,0,차대사람 - 횡단중,보행자보호의무위반,건조,맑음,단일로 - 기타,승용,여,56세,상해없음,보행자,남,66세,중상
2013111400100189,2013년 11월 14일 10시,목요일,제주특별자치도 서귀포시 동홍동,중상사고,0,1,0,0,차대사람 - 기타,안전운전불이행,건조,맑음,교차로 - 교차로부근,화물,남,56세,상해없음,보행자,여,85세,중상
2013111400100218,2013년 11월 14일 11시,목요일,제주특별자치도 제주시 외도일동,경상사고,0,0,1,0,차대사람 - 기타,안전운전불이행,건조,맑음,단일로 - 기타,승합,남,43세,상해없음,보행자,여,70세,경상
2013111400100320,2013년 11월 14일 15시,목요일,제주특별자치도 서귀포시 성산읍,경상사고,0,0,1,0,차대차 - 측면직각충돌,안전운전불이행,건조,맑음,교차로 - 교차로부근,화물,남,49세,상해없음,승용,여,35세,경상
2013111400100321,2013년 11월 14일 15시,목요일,제주특별자치도 서귀포시 서홍동,중상사고,0,1,0,0,차대사람 - 보도통행중,보행자보호의무위반,건조,맑음,단일로 - 횡단보도상,승용,여,54세,상해없음,보행자,여,10세,중상
2013111400100450,2013년 11월 14일 18시,목요일,제주특별자치도 제주시 한림읍,경상사고,0,0,1,0,차대차 - 기타,직진우회전진행방해,건조,맑음,교차로 - 교차로안,승용,여,29세,상해없음,이륜,남,20세,경상
2013111400100451,2013년 11월 14일 18시,목요일,제주특별자치도 제주시 애월읍,중상사고,0,1,0,0,차대차 - 측면직각충돌,교차로운행방법위반,습기,비,교차로 - 교차로안,승용,여,58세,상해없음,농기계,남,47세,중상
2013111400100452,2013년 11월 14일 18시,목요일,제주특별자치도 제주시 노형동,중상사고,0,1,0,0,차대사람 - 횡단중,보행자보호의무위반,습기,비,단일로 - 기타,화물,남,53세,상해없음,보행자,여,70세,중상
2013111400100483,2013년 11월 14일 19시,목요일,제주특별자치도 제주시 이도일동,경상사고,0,0,1,0,차대차 - 측면직각충돌,신호위반,건조,맑음,교차로 - 교차로안,자전거,남,18세,경상,승용,남,35세,상해없음
2013111400100484,2013년 11월 14일 19시,목요일,제주특별자치도 서귀포시 동홍동,중상사고,0,2,0,0,차대차 - 측면직각충돌,직진우회전진행방해,건조,흐림,교차로 - 교차로안,승용,남,48세,상해없음,승용,남,21세,상해없음
2013111400100485,2013년 11월 14일 19시,목요일,제주특별자치도 제주시 연동,중상사고,0,1,0,0,차대차 - 측면직각충돌,직진우회전진행방해,건조,맑음,교차로 - 교차로안,화물,남,40세,상해없음,이륜,남,17세,중상
2013111400100527,2013년 11월 14일 20시,목요일,제주특별자치도 제주시 연동,경상사고,0,0,2,0,차대차 - 추돌 - 진행중,안전운전불이행,건조,맑음,단일로 - 기타,승용,남,45세,상해없음,승용,남,59세,경상
2013111400100604,2013년 11월 14일 22시,목요일,제주특별자치도 제주시 건입동,중상사고,0,1,1,0,차대사람 - 횡단중,보행자보호의무위반,습기,비,단일로 - 횡단보도상,승용,남,53세,상해없음,보행자,여,47세,중상
2013111500100057,2013년 11월 15일 01시,금요일,제주특별자치도 제주시 일도일동,경상사고,0,0,1,0,차대사람 - 횡단중,안전운전불이행,기타,맑음,단일로 - 기타,기타불명,기타불명,기타불명,기타불명,보행자,여,51세,경상
2013111500100069,2013년 11월 15일 02시,금요일,제주특별자치도 제주시 삼도이동,경상사고,0,0,1,0,차대사람 - 횡단중,안전운전불이행,건조,맑음,교차로 - 교차로안,승합,남,43세,상해없음,보행자,여,40세,경상
2013111500100070,2013년 11월 15일 02시,금요일,제주특별자치도 제주시 연동,경상사고,0,0,2,0,차대차 - 기타,안전운전불이행,건조,흐림,교차로 - 교차로부근,승용,남,39세,상해없음,승용,남,24세,경상
2013111500100077,2013년 11월 15일 03시,금요일,제주특별자치도 제주시 화북일동,경상사고,0,0,1,0,차량단독 - 공작물충돌,안전운전불이행,습기,흐림,기타 - 기타,승용,남,37세,경상,,,,
2013111500100221,2013년 11월 15일 10시,금요일,제주특별자치도 서귀포시 남원읍,중상사고,0,2,1,0,차대차 - 기타,직진우회전진행방해,건조,맑음,교차로 - 교차로안,화물,남,59세,중상,승용,남,45세,상해없음
2013111500100249,2013년 11월 15일 11시,금요일,제주특별자치도 서귀포시 도순동,경상사고,0,0,1,0,차대차 - 기타,안전거리미확보,건조,맑음,단일로 - 기타,화물,여,58세,상해없음,화물,남,46세,경상
2013111500100366,2013년 11월 15일 15시,금요일,제주특별자치도 제주시 화북이동,경상사고,0,0,2,1,차대차 - 측면직각충돌,교차로운행방법위반,습기,흐림,교차로 - 교차로안,승용,여,31세,부상신고,승용,남,46세,경상
2013111500100393,2013년 11월 15일 16시,금요일,제주특별자치도 제주시 삼도일동,중상사고,0,1,0,0,차대사람 - 횡단중,교차로운행방법위반,건조,맑음,교차로 - 교차로안,승용,남,42세,상해없음,보행자,남,85세,중상
2013111500100394,2013년 11월 15일 16시,금요일,제주특별자치도 서귀포시 서귀동,경상사고,0,0,1,0,차대차 - 기타,안전운전불이행,건조,맑음,교차로 - 교차로안,기타불명,기타불명,기타불명,기타불명,원동기,여,73세,경상
2013111500100502,2013년 11월 15일 18시,금요일,제주특별자치도 서귀포시 서귀동,중상사고,0,1,1,0,차대차 - 기타,기타,건조,맑음,교차로 - 교차로안,원동기,남,57세,경상,화물,남,29세,상해없음
2013111500100503,2013년 11월 15일 18시,금요일,제주특별자치도 제주시 애월읍,경상사고,0,0,1,2,차대차 - 추돌 - 주정차중,안전운전불이행,건조,맑음,단일로 - 기타,화물,남,38세,상해없음,승용,남,19세,부상신고
2013111500100546,2013년 11월 15일 19시,금요일,제주특별자치도 서귀포시 법환동,경상사고,0,0,1,0,차대사람 - 길가장자리구역통행중,안전운전불이행,건조,맑음,교차로 - 교차로안,승용,남,27세,상해없음,보행자,여,37세,경상
2013111600100090,2013년 11월 16일 04시,토요일,제주특별자치도 제주시 도남동,중상사고,0,1,0,0,차대사람 - 기타,안전운전불이행,건조,흐림,교차로 - 교차로부근,승용,남,39세,상해없음,보행자,남,40세,중상
2013111600100154,2013년 11월 16일 08시,토요일,제주특별자치도 제주시 조천읍,부상신고사고,0,0,0,1,차대차 - 측면직각충돌,안전운전불이행,건조,맑음,교차로 - 교차로안,이륜,남,28세,부상신고,승용,남,46세,상해없음
2013111600100155,2013년 11월 16일 08시,토요일,제주특별자치도 서귀포시 남원읍,경상사고,0,0,1,1,차대차 - 측면직각충돌,신호위반,건조,맑음,교차로 - 교차로안,승용,여,32세,부상신고,승용,남,67세,경상
2013111600100177,2013년 11월 16일 09시,토요일,제주특별자치도 제주시 봉개동,중상사고,0,1,0,0,차대차 - 추돌 - 진행중,과속,건조,맑음,교차로 - 교차로부근,화물,남,36세,중상,화물,남,43세,상해없음
2013111600100206,2013년 11월 16일 10시,토요일,제주특별자치도 제주시 일도이동,경상사고,0,0,2,0,차대차 - 측면직각충돌,교차로운행방법위반,건조,맑음,교차로 - 교차로안,승용,여,42세,상해없음,승용,남,21세,경상
2013111600100207,2013년 11월 16일 10시,토요일,제주특별자치도 제주시 연동,중상사고,0,1,0,0,차량단독 - 공작물충돌,안전운전불이행,건조,맑음,단일로 - 기타,원동기,남,55세,중상,,,,
2013111600100228,2013년 11월 16일 11시,토요일,제주특별자치도 제주시 봉개동,경상사고,0,0,3,0,차대차 - 측면직각충돌,안전운전불이행,건조,맑음,단일로 - 기타,승용,남,44세,상해없음,승용,여,41세,경상
2013111600100293,2013년 11월 16일 13시,토요일,제주특별자치도 제주시 화북일동,경상사고,0,0,1,0,차대차 - 측면직각충돌,안전거리미확보,건조,맑음,단일로 - 기타,승용,여,57세,상해없음,승용,여,36세,경상
2013111600100325,2013년 11월 16일 14시,토요일,제주특별자치도 제주시 용담이동,경상사고,0,0,3,0,차대차 - 측면직각충돌,안전운전불이행,건조,맑음,단일로 - 기타,화물,여,53세,상해없음,승용,여,43세,경상
2013111600100326,2013년 11월 16일 14시,토요일,제주특별자치도 제주시 노형동,경상사고,0,0,1,0,차대사람 - 기타,안전운전불이행,건조,맑음,단일로 - 기타,승합,남,44세,상해없음,보행자,여,71세,경상
2013111600100359,2013년 11월 16일 15시,토요일,제주특별자치도 제주시 노형동,경상사고,0,0,1,0,차대차 - 기타,안전운전불이행,건조,맑음,교차로 - 교차로부근,승용,남,30세,상해없음,승용,남,35세,경상
2013111600100440,2013년 11월 16일 17시,토요일,제주특별자치도 서귀포시 대정읍,경상사고,0,0,1,0,차대차 - 추돌 - 진행중,안전운전불이행,건조,맑음,교차로 - 교차로안,승용,남,28세,상해없음,화물,남,39세,경상
2013111600100441,2013년 11월 16일 17시,토요일,제주특별자치도 서귀포시 대정읍,경상사고,0,0,2,0,차대차 - 정면충돌,중앙선침범,건조,맑음,교차로 - 교차로부근,화물,남,72세,상해없음,승용,남,28세,경상
2013111600100482,2013년 11월 16일 18시,토요일,제주특별자치도 제주시 오라이동,경상사고,0,0,1,0,차대차 - 측면직각충돌,안전거리미확보,건조,맑음,단일로 - 기타,승용,여,44세,경상,특수,남,37세,상해없음
2013111600100523,2013년 11월 16일 19시,토요일,제주특별자치도 제주시 연동,부상신고사고,0,0,0,1,차대차 - 측면직각충돌,안전운전불이행,건조,맑음,교차로 - 교차로안,승용,남,41세,부상신고,승합,남,54세,상해없음
2013111600100612,2013년 11월 16일 22시,토요일,제주특별자치도 제주시 노형동,경상사고,0,0,1,0,차대차 - 기타,신호위반,건조,맑음,교차로 - 교차로안,화물,남,25세,상해없음,승용,남,54세,상해없음
2013111600100613,2013년 11월 16일 22시,토요일,제주특별자치도 제주시 오라삼동,경상사고,0,0,1,0,차대차 - 기타,안전거리미확보,건조,맑음,미분류 - 미분류,승합,남,38세,상해없음,승용,남,22세,경상
2013111700100285,2013년 11월 17일 14시,일요일,제주특별자치도 제주시 화북일동,경상사고,0,0,1,0,차대사람 - 횡단중,안전운전불이행,건조,맑음,기타 - 기타,승용,남,37세,상해없음,보행자,남,35세,경상
2013111700100340,2013년 11월 17일 16시,일요일,제주특별자치도 제주시 아라일동,경상사고,0,0,1,0,차량단독 - 공작물충돌,안전운전불이행,건조,맑음,단일로 - 기타,이륜,남,51세,경상,,,,
2013111700100375,2013년 11월 17일 17시,일요일,제주특별자치도 서귀포시 남원읍,중상사고,0,1,0,0,차대차 - 기타,안전운전불이행,건조,맑음,단일로 - 기타,화물,남,36세,상해없음,농기계,남,79세,중상
2013111700100376,2013년 11월 17일 17시,일요일,제주특별자치도 제주시 노형동,경상사고,0,0,1,0,차대차 - 측면직각충돌,교차로운행방법위반,습기,흐림,교차로 - 교차로안,승용,남,44세,상해없음,승용,남,45세,경상
2013111700100414,2013년 11월 17일 18시,일요일,제주특별자치도 제주시 노형동,중상사고,0,1,2,0,차대차 - 기타,직진우회전진행방해,건조,맑음,교차로 - 교차로안,승용,남,57세,상해없음,승용,남,19세,경상
2013111700100415,2013년 11월 17일 18시,일요일,제주특별자치도 제주시 연동,중상사고,0,1,0,0,차대사람 - 기타,안전운전불이행,건조,맑음,단일로 - 기타,승용,여,53세,상해없음,보행자,남,39세,중상
2013111700100416,2013년 11월 17일 18시,일요일,제주특별자치도 제주시 노형동,경상사고,0,0,2,0,차대차 - 추돌 - 진행중,안전거리미확보,습기,비,단일로 - 기타,화물,남,46세,상해없음,승용,남,51세,경상
2013111700100451,2013년 11월 17일 19시,일요일,제주특별자치도 제주시 이도이동,중상사고,0,1,0,0,차대사람 - 횡단중,안전운전불이행,건조,맑음,교차로 - 교차로부근,승용,남,44세,상해없음,보행자,남,7세,중상
2013111800100007,2013년 11월 18일 00시,월요일,제주특별자치도 제주시 추자면,경상사고,0,0,1,0,차대차 - 추돌 - 주정차중,안전운전불이행,건조,흐림,단일로 - 기타,승용,남,35세,경상,화물,남,46세,기타불명
2013111800100014,2013년 11월 18일 01시,월요일,제주특별자치도 제주시 도남동,경상사고,0,0,2,0,차대차 - 추돌 - 진행중,안전운전불이행,건조,흐림,교차로 - 교차로부근,승용,남,51세,상해없음,승용,남,58세,상해없음
2013111800100022,2013년 11월 18일 02시,월요일,제주특별자치도 제주시 조천읍,경상사고,0,0,1,0,차량단독 - 공작물충돌,안전운전불이행,건조,맑음,단일로 - 기타,승용,남,27세,경상,,,,
2013111800100129,2013년 11월 18일 08시,월요일,제주특별자치도 제주시 용담이동,경상사고,0,0,1,1,차대차 - 추돌 - 진행중,안전운전불이행,건조,맑음,단일로 - 기타,승용,남,23세,부상신고,승용,남,69세,경상
2013111800100177,2013년 11월 18일 09시,월요일,제주특별자치도 서귀포시 성산읍,중상사고,0,1,0,0,차대차 - 추돌 - 진행중,안전운전불이행,건조,맑음,교차로 - 교차로안,원동기,남,78세,중상,승용,여,42세,상해없음
2013111800100178,2013년 11월 18일 09시,월요일,제주특별자치도 제주시 애월읍,중상사고,0,1,0,0,차대차 - 정면충돌,중앙선침범,습기,흐림,단일로 - 기타,화물,남,70세,상해없음,승합,남,67세,중상
2013111800100208,2013년 11월 18일 10시,월요일,제주특별자치도 제주시 용담삼동,경상사고,0,0,1,1,차대차 - 기타,직진우회전진행방해,습기,비,교차로 - 교차로안,승용,여,39세,부상신고,승용,남,59세,경상
2013111800100234,2013년 11월 18일 11시,월요일,제주특별자치도 서귀포시 토평동,중상사고,0,1,0,0,차대차 - 기타,직진우회전진행방해,건조,맑음,교차로 - 교차로안,원동기,남,52세,중상,승용,여,58세,상해없음
2013111800100235,2013년 11월 18일 11시,월요일,제주특별자치도 제주시 노형동,경상사고,0,0,1,0,차대차 - 기타,안전거리미확보,건조,맑음,교차로 - 교차로부근,승용,남,48세,상해없음,승용,남,22세,경상
2013111800100400,2013년 11월 18일 16시,월요일,제주특별자치도 제주시 이도이동,경상사고,0,0,1,0,차대사람 - 횡단중,보행자보호의무위반,습기,비,기타 - 기타,승용,남,69세,상해없음,보행자,여,15세,경상
2013111800100401,2013년 11월 18일 16시,월요일,제주특별자치도 제주시 용담이동,중상사고,0,1,0,0,차대차 - 기타,안전운전불이행,습기,비,단일로 - 기타,이륜,남,60세,중상,승용,남,57세,상해없음
2013111800100402,2013년 11월 18일 16시,월요일,제주특별자치도 제주시 연동,중상사고,0,1,0,0,차대차 - 추돌 - 진행중,안전운전불이행,습기,흐림,교차로 - 교차로안,이륜,남,33세,중상,승용,남,48세,상해없음