사고번호,사고일시,요일,시군구,사고내용,사망자수,중상자수,경상자수,부상신고자수,사고유형,법규위반,노면상태,기상상태,도로형태,가해운전자 차종,가해운전자 성별,가해운전자 연령,가해운전자 상해정도,피해운전자 차종,피해운전자 성별,피해운전자 연령,피해운전자 상해정도
2013112600100208,2013년 11월 26일 09시,화요일,제주특별자치도 제주시 도남동,경상사고,0,0,5,0,차대차 - 추돌 - 진행중,안전거리미확보,건조,맑음,교차로 - 교차로부근,승합,남,62세,상해없음,화물,남,36세,경상
2013112600100209,2013년 11월 26일 09시,화요일,제주특별자치도 서귀포시 서홍동,경상사고,0,0,1,0,차대차 - 기타,기타,건조,맑음,교차로 - 교차로안,화물,남,31세,상해없음,승용,남,76세,상해없음
2013112600100263,2013년 11월 26일 11시,화요일,제주특별자치도 제주시 이도이동,경상사고,0,0,1,0,차대사람 - 횡단중,중앙선침범,건조,맑음,단일로 - 횡단보도상,승용,여,38세,상해없음,보행자,여,40세,경상
2013112600100281,2013년 11월 26일 12시,화요일,제주특별자치도 제주시 일도일동,중상사고,0,1,0,0,차대차 - 측면직각충돌,직진우회전진행방해,건조,맑음,교차로 - 교차로안,원동기,남,41세,중상,화물,남,46세,상해없음
2013112600100282,2013년 11월 26일 12시,화요일,제주특별자치도 제주시 노형동,경상사고,0,0,1,0,차대차 - 기타,교차로운행방법위반,건조,맑음,교차로 - 교차로안,승합,여,42세,상해없음,승용,여,28세,경상
2013112600100374,2013년 11월 26일 15시,화요일,제주특별자치도 서귀포시 서귀동,중상사고,0,1,0,0,차대차 - 추돌 - 진행중,안전운전불이행,건조,맑음,단일로 - 기타,승용,남,35세,상해없음,원동기,남,48세,중상
2013112600100447,2013년 11월 26일 17시,화요일,제주특별자치도 제주시 구좌읍,경상사고,0,0,1,0,차대차 - 측면직각충돌,신호위반,건조,맑음,교차로 - 교차로안,승용,여,24세,상해없음,농기계,남,74세,경상
2013112600100448,2013년 11월 26일 17시,화요일,제주특별자치도 서귀포시 색달동,중상사고,0,1,0,0,차대차 - 기타,신호위반,건조,맑음,교차로 - 교차로안,승용,남,38세,상해없음,자전거,남,54세,중상
2013112600100449,2013년 11월 26일 17시,화요일,제주특별자치도 서귀포시 안덕면,경상사고,0,0,1,0,차대차 - 추돌 - 진행중,안전운전불이행,건조,맑음,단일로 - 기타,승합,남,54세,기타불명,승합,남,59세,상해없음
2013112600100507,2013년 11월 26일 18시,화요일,제주특별자치도 제주시 연동,경상사고,0,0,2,0,차대차 - 추돌 - 진행중,안전거리미확보,건조,맑음,단일로 - 기타,승용,남,58세,상해없음,승합,남,43세,경상
2013112600100539,2013년 11월 26일 19시,화요일,제주특별자치도 제주시 노형동,부상신고사고,0,0,0,2,차대차 - 추돌 - 진행중,직진우회전진행방해,건조,흐림,교차로 - 교차로안,승용,남,50세,상해없음,승용,남,40세,부상신고
2013112600100603,2013년 11월 26일 21시,화요일,제주특별자치도 서귀포시 강정동,중상사고,0,2,0,0,차대차 - 추돌 - 진행중,안전운전불이행,건조,맑음,교차로 - 교차로부근,승합,남,50세,상해없음,승용,여,43세,중상
2013112600100632,2013년 11월 26일 22시,화요일,제주특별자치도 제주시 연동,중상사고,0,1,2,0,차대차 - 측면직각충돌,신호위반,건조,맑음,교차로 - 교차로안,승용,남,46세,경상,승용,남,39세,중상
2013112700100019,2013년 11월 27일 00시,수요일,제주특별자치도 제주시 애월읍,경상사고,0,0,1,0,차대차 - 기타,안전운전불이행,건조,맑음,교차로 - 교차로부근,화물,남,41세,상해없음,승용,남,42세,경상
2013112700100064,2013년 11월 27일 04시,수요일,제주특별자치도 제주시 노형동,경상사고,0,0,1,0,차대사람 - 기타,보행자보호의무위반,건조,맑음,단일로 - 횡단보도상,승용,남,66세,상해없음,보행자,여,31세,경상
2013112700100089,2013년 11월 27일 06시,수요일,제주특별자치도 서귀포시 하효동,사망사고,1,0,0,0,차대사람 - 기타,안전운전불이행,건조,맑음,단일로 - 기타,화물,남,70세,상해없음,보행자,여,80세,사망
2013112700100171,2013년 11월 27일 09시,수요일,제주특별자치도 제주시 화북일동,중상사고,0,1,1,0,차대차 - 측면직각충돌,안전운전불이행,기타,비,단일로 - 기타,승용,여,61세,상해없음,화물,남,40세,상해없음
2013112700100172,2013년 11월 27일 09시,수요일,제주특별자치도 서귀포시 하효동,중상사고,0,1,0,0,차대사람 - 기타,안전운전불이행,건조,맑음,단일로 - 기타,원동기,남,50세,상해없음,보행자,여,66세,중상
2013112700100206,2013년 11월 27일 11시,수요일,제주특별자치도 서귀포시 남원읍,중상사고,0,2,0,1,차대차 - 기타,중앙선침범,습기,비,단일로 - 기타,승용,여,44세,상해없음,화물,남,57세,상해없음
2013112700100207,2013년 11월 27일 11시,수요일,제주특별자치도 서귀포시 남원읍,중상사고,0,2,0,0,차대차 - 기타,중앙선침범,습기,비,단일로 - 기타,화물,남,66세,중상,승용,남,49세,중상
2013112700100233,2013년 11월 27일 12시,수요일,제주특별자치도 서귀포시 표선면,중상사고,0,1,0,0,차대차 - 추돌 - 진행중,안전운전불이행,건조,맑음,단일로 - 기타,승용,남,61세,상해없음,승용,여,31세,상해없음
2013112700100289,2013년 11월 27일 14시,수요일,제주특별자치도 제주시 이도일동,경상사고,0,0,1,0,차대차 - 측면직각충돌,교차로운행방법위반,건조,맑음,교차로 - 교차로안,승용,남,73세,상해없음,승용,남,59세,경상
2013112700100358,2013년 11월 27일 16시,수요일,제주특별자치도 제주시 용담이동,경상사고,0,0,2,0,차대차 - 추돌 - 진행중,안전운전불이행,습기,흐림,단일로 - 기타,승용,남,50세,상해없음,승용,여,46세,경상
2013112700100359,2013년 11월 27일 16시,수요일,제주특별자치도 제주시 이호일동,경상사고,0,0,2,0,차대차 - 추돌 - 진행중,안전운전불이행,건조,흐림,단일로 - 기타,승용,남,67세,상해없음,승용,남,61세,경상
2013112700100464,2013년 11월 27일 18시,수요일,제주특별자치도 제주시 조천읍,중상사고,0,1,0,0,차대차 - 측면직각충돌,중앙선침범,습기,눈,단일로 - 기타,화물,남,39세,상해없음,승용,남,44세,중상
2013112700100511,2013년 11월 27일 19시,수요일,제주특별자치도 제주시 이도이동,경상사고,0,0,1,0,차대차 - 측면직각충돌,안전운전불이행,습기,비,교차로 - 교차로부근,승용,여,40세,상해없음,원동기,남,29세,경상
2013112700100512,2013년 11월 27일 19시,수요일,제주특별자치도 제주시 노형동,경상사고,0,0,1,0,차대차 - 추돌 - 주정차중,안전운전불이행,건조,흐림,단일로 - 기타,승용,남,64세,상해없음,승용,여,31세,경상
2013112700100550,2013년 11월 27일 20시,수요일,제주특별자치도 제주시 용담이동,경상사고,0,0,1,0,차대사람 - 횡단중,보행자보호의무위반,건조,흐림,교차로 - 교차로안,승합,남,50세,상해없음,보행자,여,72세,경상
2013112700100551,2013년 11월 27일 20시,수요일,제주특별자치도 제주시 용담이동,경상사고,0,0,2,0,차대차 - 측면직각충돌,교차로운행방법위반,건조,맑음,교차로 - 교차로안,승용,여,49세,경상,승용,남,59세,경상
2013112700100618,2013년 11월 27일 22시,수요일,제주특별자치도 서귀포시 법환동,중상사고,0,2,1,0,차대차 - 기타,기타,건조,맑음,교차로 - 교차로안,승용,남,26세,중상,승용,남,24세,중상
2013112700100619,2013년 11월 27일 22시,수요일,제주특별자치도 서귀포시 중문동,중상사고,0,1,0,0,차대사람 - 횡단중,보행자보호의무위반,습기,눈,교차로 - 교차로안,승용,남,25세,상해없음,보행자,남,34세,중상
2013112800100017,2013년 11월 28일 00시,목요일,제주특별자치도 제주시 이도일동,경상사고,0,0,1,1,차대차 - 추돌 - 주정차중,안전운전불이행,습기,비,교차로 - 교차로부근,기타불명,기타불명,기타불명,기타불명,승용,남,53세,경상
2013112800100181,2013년 11월 28일 09시,목요일,제주특별자치도 제주시 조천읍,경상사고,0,0,1,0,차대차 - 측면직각충돌,안전운전불이행,건조,맑음,단일로 - 기타,승용,여,44세,상해없음,원동기,남,26세,경상
2013112800100222,2013년 11월 28일 11시,목요일,제주특별자치도 제주시 삼도이동,경상사고,0,0,1,0,차대사람 - 횡단중,보행자보호의무위반,건조,맑음,단일로 - 횡단보도상,화물,남,45세,상해없음,보행자,여,32세,경상
2013112800100298,2013년 11월 28일 14시,목요일,제주특별자치도 제주시 노형동,경상사고,0,0,4,0,차대차 - 추돌 - 진행중,안전거리미확보,적설,눈,단일로 - 기타,승용,남,26세,상해없음,승용,여,50세,경상
2013112800100353,2013년 11월 28일 16시,목요일,제주특별자치도 서귀포시 성산읍,경상사고,0,0,3,0,차대차 - 기타,안전거리미확보,건조,맑음,단일로 - 기타,승용,여,36세,경상,화물,여,55세,경상
2013112800100354,2013년 11월 28일 16시,목요일,제주특별자치도 제주시 외도일동,경상사고,0,0,2,0,차대차 - 정면충돌,중앙선침범,습기,비,단일로 - 기타,승용,남,33세,경상,승용,남,33세,경상
2013112800100395,2013년 11월 28일 17시,목요일,제주특별자치도 서귀포시 서귀동,경상사고,0,0,1,0,차대사람 - 기타,보행자보호의무위반,건조,맑음,교차로 - 교차로부근,승용,남,22세,상해없음,보행자,남,16세,경상
2013112800100452,2013년 11월 28일 18시,목요일,제주특별자치도 서귀포시 하효동,경상사고,0,0,1,0,차대차 - 추돌 - 진행중,안전운전불이행,건조,맑음,교차로 - 교차로안,승용,남,29세,상해없음,승용,여,47세,경상
2013112800100453,2013년 11월 28일 18시,목요일,제주특별자치도 제주시 노형동,중상사고,0,1,0,0,차대사람 - 기타,안전운전불이행,습기,비,교차로 - 교차로안,승용,남,43세,상해없음,보행자,남,13세,중상
2013112800100622,2013년 11월 28일 23시,목요일,제주특별자치도 제주시 이도이동,경상사고,0,0,1,0,차대차 - 측면직각충돌,중앙선침범,건조,맑음,단일로 - 기타,승용,남,33세,상해없음,승용,남,49세,경상
2013112900100017,2013년 11월 29일 00시,금요일,제주특별자치도 제주시 도평동,중상사고,0,1,0,0,차대차 - 기타,중앙선침범,건조,맑음,단일로 - 기타,승용,남,32세,상해없음,승합,남,40세,중상
2013112900100055,2013년 11월 29일 04시,금요일,제주특별자치도 제주시 노형동,경상사고,0,0,1,0,차대차 - 기타,안전운전불이행,건조,맑음,교차로 - 교차로부근,승용,남,27세,상해없음,승용,남,49세,경상
2013112900100081,2013년 11월 29일 06시,금요일,제주특별자치도 제주시 도남동,부상신고사고,0,0,0,1,차대차 - 측면직각충돌,안전운전불이행,습기,비,기타 - 기타,화물,남,28세,부상신고,승합,남,33세,상해없음
2013112900100082,2013년 11월 29일 06시,금요일,제주특별자치도 제주시 이도이동,중상사고,0,1,0,0,차대차 - 측면직각충돌,신호위반,건조,맑음,교차로 - 교차로안,승용,남,49세,상해없음,승용,남,64세,중상
2013112900100107,2013년 11월 29일 07시,금요일,제주특별자치도 제주시 이도일동,중상사고,0,1,3,0,차대차 - 측면직각충돌,교차로운행방법위반,습기,비,교차로 - 교차로안,승용,여,46세,경상,승용,여,40세,경상
2013112900100187,2013년 11월 29일 09시,금요일,제주특별자치도 제주시 화북이동,중상사고,0,1,0,0,차대차 - 측면직각충돌,안전거리미확보,습기,흐림,교차로 - 교차로부근,화물,남,64세,상해없음,화물,남,46세,중상
2013112900100344,2013년 11월 29일 14시,금요일,제주특별자치도 제주시 오등동,경상사고,0,0,1,0,차대차 - 측면직각충돌,안전운전불이행,건조,맑음,단일로 - 기타,승용,남,23세,경상,승용,남,22세,상해없음
2013112900100373,2013년 11월 29일 15시,금요일,제주특별자치도 제주시 애월읍,경상사고,0,0,1,0,차대차 - 추돌 - 진행중,안전거리미확보,건조,맑음,교차로 - 교차로안,화물,남,51세,상해없음,승용,여,48세,경상
2013112900100406,2013년 11월 29일 16시,금요일,제주특별자치도 서귀포시 서귀동,중상사고,0,1,0,0,차대차 - 추돌 - 진행중,안전운전불이행,건조,맑음,단일로 - 기타,화물,남,43세,상해없음,원동기,남,47세,상해없음
2013112900100407,2013년 11월 29일 16시,금요일,제주특별자치도 제주시 용담이동,경상사고,0,0,2,0,차대차 - 추돌 - 진행중,안전거리미확보,건조,맑음,단일로 - 기타,이륜,남,20세,경상,승용,남,47세,경상
2013112900100408,2013년 11월 29일 16시,금요일,제주특별자치도 제주시 노형동,부상신고사고,0,0,0,1,차대사람 - 기타,안전운전불이행,건조,흐림,단일로 - 기타,기타불명,기타불명,기타불명,기타불명,보행자,여,72세,부상신고
2013112900100546,2013년 11월 29일 19시,금요일,제주특별자치도 서귀포시 서홍동,경상사고,0,0,1,0,차대사람 - 기타,안전운전불이행,건조,맑음,단일로 - 기타,승용,남,41세,상해없음,보행자,여,56세,경상
2013112900100574,2013년 11월 29일 20시,금요일,제주특별자치도 제주시 도두일동,경상사고,0,0,1,0,차대차 - 측면직각충돌,안전운전불이행,건조,맑음,교차로 - 교차로안,승용,남,35세,상해없음,승용,남,44세,경상
2013112900100684,2013년 11월 29일 23시,금요일,제주특별자치도 제주시 아라이동,부상신고사고,0,0,0,1,차대사람 - 횡단중,안전운전불이행,건조,맑음,단일로 - 기타,기타불명,기타불명,기타불명,기타불명,보행자,남,60세,부상신고
2013112900100685,2013년 11월 29일 23시,금요일,제주특별자치도 제주시 화북이동,경상사고,0,0,2,0,차대차 - 추돌 - 진행중,안전운전불이행,건조,맑음,교차로 - 교차로부근,승용,남,32세,상해없음,승용,여,50세,경상
2013113000100148,2013년 11월 30일 08시,토요일,제주특별자치도 서귀포시 남원읍,경상사고,0,0,1,0,차대차 - 기타,안전거리미확보,건조,흐림,교차로 - 교차로부근,화물,남,47세,상해없음,승용,여,56세,경상
2013113000100229,2013년 11월 30일 11시,토요일,제주특별자치도 제주시 아라일동,경상사고,0,0,2,0,차대차 - 측면직각충돌,교차로운행방법위반,건조,맑음,교차로 - 교차로안,승용,남,38세,경상,승용,여,41세,경상
2013113000100230,2013년 11월 30일 11시,토요일,제주특별자치도 제주시 노형동,부상신고사고,0,0,0,1,차대차 - 기타,중앙선침범,건조,흐림,단일로 - 기타,자전거,남,76세,부상신고,화물,남,31세,상해없음
2013113000100363,2013년 11월 30일 15시,토요일,제주특별자치도 제주시 연동,경상사고,0,0,1,0,차대차 - 추돌 - 주정차중,안전거리미확보,건조,맑음,단일로 - 기타,승용,남,55세,상해없음,승용,남,31세,경상
2013113000100387,2013년 11월 30일 16시,토요일,제주특별자치도 제주시 연동,경상사고,0,0,1,0,차대차 - 측면직각충돌,신호위반,건조,맑음,교차로 - 교차로안,승용,여,54세,상해없음,이륜,남,31세,경상
2013113000100482,2013년 11월 30일 18시,토요일,제주특별자치도 제주시 노형동,경상사고,0,0,1,0,차대차 - 추돌 - 주정차중,안전운전불이행,건조,맑음,단일로 - 기타,승용,남,47세,상해없음,승용,남,45세,상해없음
2013113000100521,2013년 11월 30일 19시,토요일,제주특별자치도 제주시 노형동,중상사고,0,1,0,0,차대차 - 추돌 - 주정차중,안전운전불이행,건조,맑음,단일로 - 기타,승용,남,38세,상해없음,이륜,남,39세,중상
2013113000100644,2013년 11월 30일 23시,토요일,제주특별자치도 제주시 이도이동,중상사고,0,1,1,0,차대차 - 측면직각충돌,신호위반,건조,맑음,교차로 - 교차로안,승용,여,70세,중상,승용,남,27세,경상
2013120100100113,2013년 12월 1일 06시,일요일,제주특별자치도 서귀포시 대정읍,경상사고,0,0,1,0,차대차 - 기타,신호위반,건조,맑음,교차로 - 교차로안,승용,남,59세,경상,건설기계,남,35세,상해없음
2013120100100149,2013년 12월 1일 09시,일요일,제주특별자치도 제주시 도두이동,중상사고,0,1,3,0,차대차 - 추돌 - 주정차중,안전운전불이행,건조,맑음,단일로 - 기타,승용,여,55세,중상,승용,남,46세,경상
2013120100100166,2013년 12월 1일 10시,일요일,제주특별자치도 서귀포시 색달동,경상사고,0,0,1,0,차대차 - 추돌 - 진행중,중앙선침범,건조,맑음,교차로 - 교차로안,승용,남,48세,상해없음,농기계,남,69세,경상
2013120100100242,2013년 12월 1일 13시,일요일,제주특별자치도 서귀포시 안덕면,중상사고,0,1,0,0,차대차 - 기타,안전운전불이행,건조,맑음,단일로 - 기타,화물,남,60세,상해없음,원동기,여,55세,중상
2013120100100282,2013년 12월 1일 15시,일요일,제주특별자치도 제주시 삼도이동,경상사고,0,0,1,0,차대사람 - 횡단중,안전운전불이행,기타,맑음,단일로 - 기타,승용,남,73세,상해없음,보행자,여,47세,경상
2013120100100371,2013년 12월 1일 18시,일요일,제주특별자치도 서귀포시 도순동,경상사고,0,0,2,0,차대차 - 추돌 - 진행중,안전거리미확보,건조,맑음,단일로 - 기타,승용,남,54세,상해없음,승용,여,23세,경상
2013120100100401,2013년 12월 1일 19시,일요일,제주특별자치도 제주시 아라일동,중상사고,0,1,9,0,차대차 - 측면직각충돌,안전거리미확보,건조,맑음,단일로 - 기타,승용,남,55세,상해없음,승용,남,37세,경상
2013120100100402,2013년 12월 1일 19시,일요일,제주특별자치도 제주시 용담이동,경상사고,0,0,1,0,차대차 - 기타,안전거리미확보,건조,맑음,교차로 - 교차로부근,승용,여,56세,상해없음,승용,남,55세,경상
2013120200100029,2013년 12월 2일 03시,월요일,제주특별자치도 제주시 이도이동,경상사고,0,0,3,0,차대차 - 측면직각충돌,중앙선침범,건조,맑음,단일로 - 기타,승용,남,24세,경상,승용,남,63세,경상
2013120200100065,2013년 12월 2일 06시,월요일,제주특별자치도 서귀포시 성산읍,경상사고,0,0,1,0,차대사람 - 기타,안전운전불이행,건조,맑음,단일로 - 기타,승합,남,65세,상해없음,보행자,여,73세,경상
2013120200100066,2013년 12월 2일 06시,월요일,제주특별자치도 제주시 도평동,경상사고,0,0,1,0,차량단독 - 기타,안전운전불이행,건조,맑음,단일로 - 기타,이륜,남,39세,경상,,,,
2013120200100096,2013년 12월 2일 07시,월요일,제주특별자치도 제주시 삼도일동,경상사고,0,0,1,0,차대차 - 측면직각충돌,안전거리미확보,건조,맑음,단일로 - 기타,승용,남,58세,상해없음,승용,여,29세,경상
2013120200100131,2013년 12월 2일 08시,월요일,제주특별자치도 서귀포시 중문동,경상사고,0,0,1,0,차대차 - 측면직각충돌,안전운전불이행,건조,맑음,교차로 - 교차로안,승용,남,72세,상해없음,승용,여,28세,경상
2013120200100233,2013년 12월 2일 12시,월요일,제주특별자치도 서귀포시 표선면,중상사고,0,1,0,0,차대차 - 추돌 - 진행중,교차로운행방법위반,건조,맑음,교차로 - 교차로안,화물,남,48세,상해없음,승합,남,57세,중상
2013120200100234,2013년 12월 2일 12시,월요일,제주특별자치도 제주시 노형동,경상사고,0,0,1,1,차대차 - 추돌 - 진행중,교차로운행방법위반,건조,맑음,교차로 - 교차로안,승용,남,67세,부상신고,승용,남,32세,경상
2013120200100263,2013년 12월 2일 13시,월요일,제주특별자치도 서귀포시 색달동,부상신고사고,0,0,0,1,차대차 - 기타,안전운전불이행,건조,맑음,단일로 - 기타,기타불명,기타불명,기타불명,기타불명,승용,여,36세,부상신고
2013120200100264,2013년 12월 2일 13시,월요일,제주특별자치도 제주시 노형동,중상사고,0,1,0,0,차대사람 - 기타,안전운전불이행,건조,맑음,교차로 - 교차로안,화물,남,44세,상해없음,보행자,여,79세,중상
2013120200100318,2013년 12월 2일 15시,월요일,제주특별자치도 제주시 도남동,부상신고사고,0,0,0,1,차대차 - 추돌 - 진행중,안전거리미확보,건조,맑음,단일로 - 기타,원동기,남,19세,부상신고,승용,남,65세,상해없음
2013120200100319,2013년 12월 2일 15시,월요일,제주특별자치도 제주시 도남동,경상사고,0,0,2,0,차량단독 - 전도전복,안전운전불이행,건조,맑음,단일로 - 기타,승용,여,62세,경상,,,,
2013120200100343,2013년 12월 2일 16시,월요일,제주특별자치도 제주시 봉개동,경상사고,0,0,1,0,차대차 - 측면직각충돌,안전운전불이행,건조,맑음,단일로 - 기타,화물,남,50세,상해없음,승용,여,46세,경상
2013120200100344,2013년 12월 2일 16시,월요일,제주특별자치도 제주시 연동,경상사고,0,0,2,0,차대차 - 기타,중앙선침범,건조,맑음,교차로 - 교차로안,승용,남,21세,상해없음,승합,여,55세,경상
2013120200100425,2013년 12월 2일 18시,월요일,제주특별자치도 제주시 도남동,경상사고,0,0,1,0,차대차 - 추돌 - 주정차중,안전거리미확보,건조,맑음,단일로 - 기타,승용,여,49세,상해없음,승용,남,56세,경상
2013120200100426,2013년 12월 2일 18시,월요일,제주특별자치도 제주시 노형동,중상사고,0,1,0,0,차대차 - 기타,안전운전불이행,건조,맑음,교차로 - 교차로부근,승용,여,43세,상해없음,자전거,남,22세,중상
2013120300100039,2013년 12월 3일 05시,화요일,제주특별자치도 서귀포시 서호동,중상사고,0,1,0,0,차량단독 - 공작물충돌,안전운전불이행,건조,맑음,단일로 - 기타,승용,남,51세,중상,,,,
2013120300100082,2013년 12월 3일 07시,화요일,제주특별자치도 제주시 일도이동,경상사고,0,0,2,0,차대차 - 측면직각충돌,교차로운행방법위반,건조,맑음,교차로 - 교차로안,승용,남,48세,상해없음,승용,남,52세,경상
2013120300100083,2013년 12월 3일 07시,화요일,제주특별자치도 제주시 봉개동,중상사고,0,1,0,0,차대차 - 기타,안전운전불이행,기타,맑음,기타 - 기타,화물,남,52세,기타불명,승용,남,43세,상해없음
2013120300100084,2013년 12월 3일 07시,화요일,제주특별자치도 제주시 애월읍,경상사고,0,0,1,0,차대차 - 추돌 - 진행중,안전운전불이행,건조,맑음,교차로 - 교차로부근,승용,여,46세,상해없음,승용,여,34세,경상
2013120300100115,2013년 12월 3일 08시,화요일,제주특별자치도 제주시 삼도일동,중상사고,0,1,1,0,차대차 - 측면직각충돌,교차로운행방법위반,건조,맑음,교차로 - 교차로안,승용,남,68세,중상,승용,여,63세,경상
2013120300100116,2013년 12월 3일 08시,화요일,제주특별자치도 제주시 일도이동,중상사고,0,1,0,0,차대차 - 측면직각충돌,안전거리미확보,건조,맑음,단일로 - 기타,승용,남,24세,상해없음,승용,남,30세,중상
2013120300100247,2013년 12월 3일 13시,화요일,제주특별자치도 제주시 이도일동,경상사고,0,0,1,0,차대차 - 측면직각충돌,안전운전불이행,건조,맑음,교차로 - 교차로안,원동기,남,18세,경상,화물,남,31세,상해없음
2013120300100271,2013년 12월 3일 14시,화요일,제주특별자치도 서귀포시 대정읍,경상사고,0,0,1,0,차대차 - 기타,신호위반,건조,맑음,교차로 - 교차로안,승용,남,44세,상해없음,승합,남,70세,경상
2013120300100298,2013년 12월 3일 15시,화요일,제주특별자치도 제주시 건입동,중상사고,0,1,0,0,차대차 - 측면직각충돌,신호위반,건조,맑음,교차로 - 교차로안,승용,남,62세,상해없음,이륜,남,25세,중상
2013120300100539,2013년 12월 3일 22시,화요일,제주특별자치도 제주시 이도이동,경상사고,0,0,1,0,차대사람 - 횡단중,기타,건조,맑음,기타 - 기타,승용,여,45세,상해없음,보행자,남,58세,경상
2013120300100540,2013년 12월 3일 22시,화요일,제주특별자치도 제주시 노형동,경상사고,0,0,1,1,차대차 - 기타,신호위반,건조,맑음,교차로 - 교차로안,원동기,남,20세,부상신고,승용,남,43세,경상
2013120400100036,2013년 12월 4일 01시,수요일,제주특별자치도 제주시 삼도이동,중상사고,0,1,0,0,차량단독 - 공작물충돌,안전운전불이행,건조,맑음,단일로 - 기타,원동기,남,16세,중상,,,,
2013120400100052,2013년 12월 4일 03시,수요일,제주특별자치도 서귀포시 남원읍,경상사고,0,0,1,0,차대차 - 정면충돌,안전운전불이행,건조,맑음,교차로 - 교차로부근,화물,남,31세,경상,승용,남,58세,기타불명
2013120400100062,2013년 12월 4일 04시,수요일,제주특별자치도 제주시 애월읍,부상신고사고,0,0,0,1,차량단독 - 기타,안전운전불이행,건조,기타,단일로 - 기타,화물,남,42세,부상신고,,,,
2013120400100107,2013년 12월 4일 07시,수요일,제주특별자치도 제주시 조천읍,사망사고,1,0,0,0,차대사람 - 횡단중,안전운전불이행,건조,맑음,단일로 - 기타,화물,남,29세,상해없음,보행자,여,86세,사망
2013120400100108,2013년 12월 4일 07시,수요일,제주특별자치도 제주시 조천읍,사망사고,1,0,0,0,차대사람 - 횡단중,과속,건조,흐림,교차로 - 교차로부근,승용,남,42세,상해없음,보행자,여,81세,사망
2013120400100109,2013년 12월 4일 07시,수요일,제주특별자치도 제주시 애월읍,중상사고,0,1,0,0,차대사람 - 횡단중,보행자보호의무위반,건조,맑음,단일로 - 기타,승용,여,44세,상해없음,보행자,남,16세,중상
2013120400100183,2013년 12월 4일 09시,수요일,제주특별자치도 제주시 오라일동,경상사고,0,0,1,0,차대차 - 추돌 - 주정차중,안전운전불이행,건조,흐림,단일로 - 기타,승용,남,79세,상해없음,승용,여,26세,경상
2013120400100184,2013년 12월 4일 09시,수요일,제주특별자치도 제주시 용담삼동,경상사고,0,0,2,0,차대차 - 추돌 - 진행중,직진우회전진행방해,건조,맑음,교차로 - 교차로안,승합,남,47세,상해없음,승합,남,34세,경상
2013120400100248,2013년 12월 4일 12시,수요일,제주특별자치도 제주시 삼양이동,경상사고,0,0,2,0,차대차 - 측면직각충돌,교차로운행방법위반,건조,맑음,교차로 - 교차로안,승용,여,58세,상해없음,승용,남,52세,경상
2013120400100249,2013년 12월 4일 12시,수요일,제주특별자치도 서귀포시 법환동,경상사고,0,0,9,0,차대차 - 측면직각충돌,기타,건조,맑음,교차로 - 교차로안,화물,남,46세,경상,승용,남,45세,경상
2013120400100271,2013년 12월 4일 13시,수요일,제주특별자치도 서귀포시 동홍동,중상사고,0,1,3,0,차대차 - 측면직각충돌,직진우회전진행방해,건조,맑음,교차로 - 교차로안,화물,남,30세,중상,건설기계,남,31세,경상
2013120400100342,2013년 12월 4일 16시,수요일,제주특별자치도 제주시 노형동,부상신고사고,0,0,0,2,차대차 - 추돌 - 진행중,직진우회전진행방해,건조,맑음,교차로 - 교차로안,이륜,여,19세,부상신고,화물,남,45세,상해없음
2013120400100382,2013년 12월 4일 17시,수요일,제주특별자치도 제주시 노형동,경상사고,0,0,1,0,차대차 - 추돌 - 진행중,안전거리미확보,건조,기타,단일로 - 기타,화물,남,34세,상해없음,승용,여,43세,경상
2013120400100519,2013년 12월 4일 21시,수요일,제주특별자치도 제주시 노형동,경상사고,0,0,1,0,차대차 - 추돌 - 주정차중,안전운전불이행,건조,흐림,단일로 - 기타,승용,기타불명,기타불명,기타불명,승합,남,46세,경상
2013120400100557,2013년 12월 4일 23시,수요일,제주특별자치도 제주시 연동,경상사고,0,0,1,0,차대사람 - 횡단중,안전운전불이행,건조,맑음,교차로 - 교차로안,승합,여,62세,상해없음,보행자,여,39세,경상
2013120500100087,2013년 12월 5일 06시,목요일,제주특별자치도 서귀포시 남원읍,경상사고,0,0,1,0,차대차 - 기타,안전운전불이행,건조,맑음,교차로 - 교차로부근,승용,여,64세,상해없음,원동기,남,71세,경상
2013120500100139,2013년 12월 5일 08시,목요일,제주특별자치도 제주시 화북일동,중상사고,0,1,1,0,차대차 - 측면직각충돌,신호위반,건조,맑음,교차로 - 교차로안,승용,여,46세,상해없음,승용,남,52세,중상
2013120500100140,2013년 12월 5일 08시,목요일,제주특별자치도 제주시 화북이동,중상사고,0,1,1,0,차대차 - 측면직각충돌,직진우회전진행방해,건조,맑음,교차로 - 교차로안,화물,남,39세,상해없음,승용,남,58세,경상