사고번호,사고일시,요일,시군구,사고내용,사망자수,중상자수,경상자수,부상신고자수,사고유형,법규위반,노면상태,기상상태,도로형태,가해운전자 차종,가해운전자 성별,가해운전자 연령,가해운전자 상해정도,피해운전자 차종,피해운전자 성별,피해운전자 연령,피해운전자 상해정도
2013122100100534,2013년 12월 21일 18시,토요일,제주특별자치도 제주시 애월읍,경상사고,0,0,2,0,차대차 - 기타,신호위반,건조,기타,교차로 - 교차로안,승합,남,49세,상해없음,화물,여,45세,경상
2013122200100135,2013년 12월 22일 08시,일요일,제주특별자치도 서귀포시 서홍동,경상사고,0,0,1,0,차량단독 - 공작물충돌,안전운전불이행,건조,맑음,단일로 - 기타,승용,남,22세,경상,,,,
2013122200100165,2013년 12월 22일 10시,일요일,제주특별자치도 서귀포시 남원읍,중상사고,0,1,1,0,차대차 - 기타,안전운전불이행,건조,맑음,단일로 - 기타,승용,여,53세,상해없음,승용,남,42세,중상
2013122200100225,2013년 12월 22일 13시,일요일,제주특별자치도 서귀포시 하원동,경상사고,0,0,1,1,차대차 - 추돌 - 진행중,안전운전불이행,건조,맑음,교차로 - 교차로안,승용,남,31세,부상신고,화물,남,65세,경상
2013122200100243,2013년 12월 22일 14시,일요일,제주특별자치도 제주시 아라일동,경상사고,0,0,1,0,차대차 - 측면직각충돌,중앙선침범,결빙,흐림,단일로 - 기타,승용,남,27세,상해없음,승용,여,43세,상해없음
2013122200100260,2013년 12월 22일 15시,일요일,제주특별자치도 제주시 연동,부상신고사고,0,0,0,2,차대차 - 기타,교차로운행방법위반,건조,맑음,교차로 - 교차로안,승용,여,59세,부상신고,승용,남,51세,상해없음
2013122200100350,2013년 12월 22일 18시,일요일,제주특별자치도 제주시 화북이동,경상사고,0,0,1,0,차대사람 - 횡단중,보행자보호의무위반,건조,맑음,단일로 - 횡단보도상,승용,여,52세,상해없음,보행자,여,45세,경상
2013122200100379,2013년 12월 22일 19시,일요일,제주특별자치도 제주시 이도이동,경상사고,0,0,1,0,차대사람 - 횡단중,보행자보호의무위반,건조,맑음,단일로 - 횡단보도상,승용,남,66세,상해없음,보행자,남,44세,경상
2013122200100380,2013년 12월 22일 19시,일요일,제주특별자치도 서귀포시 호근동,경상사고,0,0,1,0,차대사람 - 기타,안전운전불이행,건조,맑음,단일로 - 기타,승용,여,23세,상해없음,보행자,남,59세,경상
2013122200100381,2013년 12월 22일 19시,일요일,제주특별자치도 제주시 연동,중상사고,0,1,0,0,차량단독 - 기타,기타,건조,흐림,단일로 - 기타,승합,남,36세,상해없음,,,,
2013122200100406,2013년 12월 22일 20시,일요일,제주특별자치도 제주시 노형동,부상신고사고,0,0,0,1,차대차 - 기타,안전운전불이행,건조,맑음,교차로 - 교차로안,원동기,남,38세,부상신고,승용,여,39세,상해없음
2013122200100448,2013년 12월 22일 22시,일요일,제주특별자치도 제주시 용담이동,경상사고,0,0,1,0,차대사람 - 기타,안전운전불이행,건조,맑음,단일로 - 기타,승합,남,63세,상해없음,보행자,남,47세,경상
2013122300100091,2013년 12월 23일 07시,월요일,제주특별자치도 서귀포시 남원읍,중상사고,0,1,0,0,차대차 - 기타,보행자보호의무위반,건조,맑음,교차로 - 교차로부근,화물,남,40세,상해없음,화물,여,64세,상해없음
2013122300100250,2013년 12월 23일 12시,월요일,제주특별자치도 제주시 삼도일동,중상사고,0,1,0,0,차량단독 - 기타,안전운전불이행,건조,맑음,단일로 - 기타,승합,남,60세,상해없음,,,,
2013122300100251,2013년 12월 23일 12시,월요일,제주특별자치도 서귀포시 서귀동,경상사고,0,0,1,0,차대사람 - 차도통행중,안전운전불이행,건조,맑음,교차로 - 교차로부근,승용,여,48세,상해없음,보행자,남,81세,경상
2013122300100294,2013년 12월 23일 13시,월요일,제주특별자치도 제주시 화북일동,중상사고,0,1,0,0,차대사람 - 횡단중,안전운전불이행,건조,맑음,단일로 - 기타,승용,남,32세,상해없음,보행자,여,72세,중상
2013122300100295,2013년 12월 23일 13시,월요일,제주특별자치도 제주시 삼양이동,중상사고,0,1,0,0,차대차 - 측면직각충돌,교차로운행방법위반,건조,맑음,교차로 - 교차로안,승용,여,37세,상해없음,승용,남,37세,중상
2013122300100296,2013년 12월 23일 13시,월요일,제주특별자치도 서귀포시 호근동,경상사고,0,0,1,0,차대차 - 기타,안전운전불이행,건조,맑음,단일로 - 기타,승용,남,62세,상해없음,화물,남,40세,경상
2013122300100327,2013년 12월 23일 14시,월요일,제주특별자치도 제주시 일도이동,경상사고,0,0,1,0,차대차 - 측면직각충돌,안전운전불이행,건조,맑음,단일로 - 기타,승용,남,54세,상해없음,승용,남,55세,기타불명
2013122300100434,2013년 12월 23일 17시,월요일,제주특별자치도 서귀포시 안덕면,중상사고,0,1,0,0,차대차 - 기타,안전운전불이행,건조,맑음,단일로 - 기타,화물,남,68세,상해없음,승합,남,35세,중상
2013122300100486,2013년 12월 23일 18시,월요일,제주특별자치도 제주시 일도이동,중상사고,0,1,0,0,차대차 - 측면직각충돌,안전운전불이행,건조,흐림,기타 - 기타,승합,여,47세,상해없음,자전거,남,79세,중상
2013122300100487,2013년 12월 23일 18시,월요일,제주특별자치도 제주시 노형동,중상사고,0,1,3,1,차대사람 - 기타,안전운전불이행,건조,흐림,단일로 - 기타,승용,남,26세,경상,보행자,남,24세,경상
2013122300100488,2013년 12월 23일 18시,월요일,제주특별자치도 제주시 연동,중상사고,0,1,0,0,차대사람 - 기타,안전운전불이행,건조,맑음,교차로 - 교차로부근,승용,남,35세,상해없음,보행자,남,52세,중상
2013122300100583,2013년 12월 23일 21시,월요일,제주특별자치도 제주시 외도일동,경상사고,0,0,3,0,차대차 - 측면직각충돌,안전운전불이행,건조,맑음,교차로 - 교차로안,승용,여,27세,경상,승용,남,24세,경상
2013122300100616,2013년 12월 23일 22시,월요일,제주특별자치도 제주시 연동,경상사고,0,0,1,0,차대사람 - 기타,안전운전불이행,건조,맑음,단일로 - 기타,승용,여,46세,상해없음,보행자,여,33세,경상
2013122400100062,2013년 12월 24일 02시,화요일,제주특별자치도 제주시 조천읍,사망사고,1,3,0,0,차대차 - 측면직각충돌,과속,건조,맑음,단일로 - 기타,승용,남,21세,중상,승용,남,43세,중상
2013122400100207,2013년 12월 24일 10시,화요일,제주특별자치도 서귀포시 동홍동,중상사고,0,1,0,0,차대차 - 기타,안전운전불이행,건조,맑음,단일로 - 기타,기타불명,기타불명,기타불명,기타불명,이륜,남,76세,중상
2013122400100276,2013년 12월 24일 13시,화요일,제주특별자치도 서귀포시 도순동,중상사고,0,1,0,0,차량단독 - 기타,안전운전불이행,건조,맑음,단일로 - 기타,승합,남,52세,상해없음,,,,
2013122400100337,2013년 12월 24일 15시,화요일,제주특별자치도 서귀포시 서귀동,경상사고,0,0,1,0,차대차 - 측면직각충돌,안전운전불이행,건조,맑음,단일로 - 횡단보도상,화물,남,42세,상해없음,자전거,남,12세,경상
2013122400100368,2013년 12월 24일 16시,화요일,제주특별자치도 서귀포시 법환동,중상사고,0,1,0,0,차대차 - 측면직각충돌,직진우회전진행방해,건조,맑음,교차로 - 교차로안,화물,남,35세,중상,승용,남,25세,상해없음
2013122400100445,2013년 12월 24일 18시,화요일,제주특별자치도 제주시 연동,중상사고,0,1,0,0,차대차 - 측면직각충돌,중앙선침범,건조,맑음,교차로 - 교차로부근,승용,남,57세,상해없음,이륜,남,33세,중상
2013122400100582,2013년 12월 24일 21시,화요일,제주특별자치도 제주시 한림읍,경상사고,0,0,2,0,차대사람 - 차도통행중,안전운전불이행,건조,맑음,단일로 - 기타,이륜,남,74세,경상,보행자,남,49세,경상
2013122400100659,2013년 12월 24일 23시,화요일,제주특별자치도 제주시 노형동,경상사고,0,0,5,0,차대차 - 측면직각충돌,직진우회전진행방해,건조,맑음,교차로 - 교차로안,승용,여,41세,경상,화물,남,46세,경상
2013122500100091,2013년 12월 25일 04시,수요일,제주특별자치도 제주시 화북일동,사망사고,1,0,0,0,차대사람 - 횡단중,안전운전불이행,건조,맑음,단일로 - 기타,승용,남,40세,상해없음,보행자,남,18세,사망
2013122500100107,2013년 12월 25일 05시,수요일,제주특별자치도 제주시 이도이동,경상사고,0,0,1,0,차대차 - 측면직각충돌,안전거리미확보,건조,흐림,교차로 - 교차로부근,승용,남,56세,상해없음,승용,남,53세,경상
2013122500100130,2013년 12월 25일 06시,수요일,제주특별자치도 제주시 봉개동,중상사고,0,1,1,0,차대차 - 정면충돌,중앙선침범,건조,흐림,단일로 - 기타,화물,남,23세,상해없음,승합,남,57세,중상
2013122500100141,2013년 12월 25일 07시,수요일,제주특별자치도 제주시 애월읍,경상사고,0,0,1,0,차대차 - 추돌 - 주정차중,안전운전불이행,건조,맑음,교차로 - 교차로부근,승합,남,61세,상해없음,승용,여,47세,경상
2013122500100161,2013년 12월 25일 08시,수요일,제주특별자치도 제주시 건입동,중상사고,0,1,0,0,차대차 - 측면직각충돌,안전운전불이행,건조,맑음,교차로 - 교차로안,승합,남,61세,상해없음,화물,남,28세,중상
2013122500100207,2013년 12월 25일 11시,수요일,제주특별자치도 제주시 애월읍,중상사고,0,2,1,0,차대차 - 추돌 - 진행중,안전거리미확보,건조,맑음,단일로 - 기타,화물,남,67세,상해없음,승용,남,37세,중상
2013122500100224,2013년 12월 25일 12시,수요일,제주특별자치도 제주시 구좌읍,경상사고,0,0,1,0,차대차 - 측면직각충돌,안전거리미확보,건조,흐림,교차로 - 교차로안,승용,남,76세,상해없음,승용,남,36세,경상
2013122500100242,2013년 12월 25일 13시,수요일,제주특별자치도 제주시 이도이동,경상사고,0,0,1,0,차대사람 - 기타,안전운전불이행,건조,흐림,교차로 - 교차로부근,기타불명,기타불명,기타불명,기타불명,보행자,남,12세,경상
2013122500100243,2013년 12월 25일 13시,수요일,제주특별자치도 제주시 이도이동,경상사고,0,0,1,0,차대사람 - 기타,안전운전불이행,기타,맑음,단일로 - 기타,승용,여,53세,상해없음,보행자,남,22세,경상
2013122500100259,2013년 12월 25일 14시,수요일,제주특별자치도 서귀포시 안덕면,부상신고사고,0,0,0,1,차량단독 - 공작물충돌,안전운전불이행,건조,흐림,단일로 - 기타,승용,남,27세,상해없음,,,,
2013122500100297,2013년 12월 25일 16시,수요일,제주특별자치도 제주시 이도이동,경상사고,0,0,1,0,차대차 - 측면직각충돌,안전운전불이행,건조,흐림,교차로 - 교차로안,승용,남,22세,상해없음,승용,남,36세,상해없음
2013122500100393,2013년 12월 25일 19시,수요일,제주특별자치도 제주시 아라이동,중상사고,0,1,0,0,차대차 - 측면직각충돌,안전운전불이행,건조,맑음,단일로 - 기타,승용,여,47세,중상,승용,여,58세,기타불명
2013122600100133,2013년 12월 26일 08시,목요일,제주특별자치도 제주시 이도이동,경상사고,0,0,1,0,차대차 - 측면직각충돌,안전거리미확보,기타,맑음,단일로 - 기타,화물,남,33세,상해없음,승용,여,54세,상해없음
2013122600100174,2013년 12월 26일 10시,목요일,제주특별자치도 서귀포시 성산읍,중상사고,0,1,0,0,차대차 - 추돌 - 진행중,안전운전불이행,건조,맑음,교차로 - 교차로부근,화물,남,44세,상해없음,이륜,남,59세,중상
2013122600100231,2013년 12월 26일 12시,목요일,제주특별자치도 제주시 삼양일동,경상사고,0,0,2,0,차대차 - 측면직각충돌,교차로운행방법위반,건조,맑음,교차로 - 교차로안,승용,여,45세,경상,화물,남,24세,경상
2013122600100232,2013년 12월 26일 12시,목요일,제주특별자치도 제주시 노형동,경상사고,0,0,1,0,차대차 - 추돌 - 진행중,직진우회전진행방해,건조,흐림,교차로 - 교차로안,승합,남,66세,상해없음,승용,남,71세,경상
2013122600100260,2013년 12월 26일 13시,목요일,제주특별자치도 제주시 연동,경상사고,0,0,1,0,차대사람 - 기타,안전운전불이행,건조,맑음,단일로 - 기타,승용,남,45세,상해없음,보행자,남,18세,경상
2013122600100308,2013년 12월 26일 15시,목요일,제주특별자치도 서귀포시 서홍동,경상사고,0,0,1,0,차대차 - 추돌 - 진행중,안전운전불이행,건조,맑음,교차로 - 교차로부근,화물,남,41세,상해없음,승용,여,51세,상해없음
2013122600100338,2013년 12월 26일 16시,목요일,제주특별자치도 제주시 일도이동,중상사고,0,1,0,0,차대사람 - 횡단중,보행자보호의무위반,건조,맑음,단일로 - 횡단보도상,승용,여,68세,상해없음,보행자,남,6세,중상
2013122600100415,2013년 12월 26일 18시,목요일,제주특별자치도 제주시 이도이동,경상사고,0,0,1,0,차대사람 - 횡단중,신호위반,건조,맑음,단일로 - 횡단보도상,승용,여,58세,상해없음,보행자,남,11세,경상
2013122600100416,2013년 12월 26일 18시,목요일,제주특별자치도 제주시 삼도일동,중상사고,0,1,0,0,차대사람 - 차도통행중,안전운전불이행,습기,비,기타 - 기타,승용,남,59세,상해없음,보행자,남,62세,중상
2013122600100478,2013년 12월 26일 20시,목요일,제주특별자치도 제주시 화북이동,중상사고,0,1,0,0,차대사람 - 기타,안전운전불이행,건조,맑음,단일로 - 기타,승용,남,53세,상해없음,보행자,남,28세,중상
2013122600100504,2013년 12월 26일 21시,목요일,제주특별자치도 제주시 이도이동,경상사고,0,0,2,0,차대차 - 추돌 - 주정차중,안전운전불이행,건조,맑음,교차로 - 교차로부근,승용,남,32세,상해없음,승용,남,42세,경상
2013122700100113,2013년 12월 27일 08시,금요일,제주특별자치도 제주시 도두일동,경상사고,0,0,1,0,차대차 - 정면충돌,신호위반,건조,맑음,교차로 - 교차로안,이륜,남,31세,경상,승용,남,42세,상해없음
2013122700100114,2013년 12월 27일 08시,금요일,제주특별자치도 제주시 연동,중상사고,0,1,0,0,차대차 - 추돌 - 진행중,안전운전불이행,건조,흐림,교차로 - 교차로부근,승용,여,22세,상해없음,원동기,여,64세,중상
2013122700100133,2013년 12월 27일 09시,금요일,제주특별자치도 제주시 도남동,경상사고,0,0,1,0,차대차 - 측면직각충돌,교차로운행방법위반,건조,흐림,교차로 - 교차로안,승용,여,56세,상해없음,원동기,남,26세,경상
2013122700100134,2013년 12월 27일 09시,금요일,제주특별자치도 제주시 화북이동,경상사고,0,0,1,0,차대차 - 측면직각충돌,안전거리미확보,건조,맑음,단일로 - 기타,승용,남,58세,상해없음,승용,남,59세,경상
2013122700100157,2013년 12월 27일 10시,금요일,제주특별자치도 서귀포시 법환동,경상사고,0,0,1,0,차대차 - 측면직각충돌,신호위반,습기,눈,교차로 - 교차로안,화물,남,52세,상해없음,화물,남,34세,경상
2013122700100257,2013년 12월 27일 14시,금요일,제주특별자치도 제주시 이도이동,경상사고,0,0,1,0,차대차 - 기타,안전운전불이행,습기,눈,교차로 - 교차로부근,승용,남,60세,상해없음,승용,남,29세,경상
2013122700100258,2013년 12월 27일 14시,금요일,제주특별자치도 제주시 일도이동,경상사고,0,0,1,0,차대차 - 측면직각충돌,교차로운행방법위반,건조,흐림,교차로 - 교차로안,승용,남,59세,상해없음,승용,남,32세,경상
2013122700100289,2013년 12월 27일 15시,금요일,제주특별자치도 제주시 한림읍,경상사고,0,0,1,0,차대차 - 측면직각충돌,교차로운행방법위반,건조,맑음,교차로 - 교차로안,승용,남,54세,상해없음,승용,여,32세,경상
2013122700100309,2013년 12월 27일 16시,금요일,제주특별자치도 제주시 노형동,부상신고사고,0,0,0,1,차대차 - 추돌 - 진행중,안전운전불이행,습기,눈,교차로 - 교차로부근,화물,남,33세,상해없음,승용,남,27세,부상신고
2013122700100380,2013년 12월 27일 18시,금요일,제주특별자치도 제주시 용담이동,중상사고,0,1,0,0,차대차 - 추돌 - 주정차중,안전운전불이행,건조,맑음,단일로 - 기타,승용,남,52세,상해없음,승용,남,49세,상해없음
2013122700100457,2013년 12월 27일 20시,금요일,제주특별자치도 제주시 애월읍,사망사고,1,0,0,0,차대사람 - 횡단중,안전운전불이행,습기,흐림,단일로 - 기타,승용,남,24세,상해없음,보행자,여,77세,사망
2013122800100026,2013년 12월 28일 00시,토요일,제주특별자치도 제주시 애월읍,경상사고,0,0,1,0,차량단독 - 공작물충돌,안전운전불이행,건조,맑음,교차로 - 교차로안,승용,남,38세,경상,,,,
2013122800100176,2013년 12월 28일 08시,토요일,제주특별자치도 제주시 아라일동,중상사고,0,1,1,0,차대차 - 측면직각충돌,신호위반,건조,맑음,교차로 - 교차로안,승합,남,53세,상해없음,승용,여,28세,중상
2013122800100177,2013년 12월 28일 08시,토요일,제주특별자치도 서귀포시 강정동,경상사고,0,0,1,0,차대차 - 기타,안전운전불이행,적설,눈,교차로 - 교차로안,승용,남,36세,상해없음,승용,남,49세,상해없음
2013122800100242,2013년 12월 28일 11시,토요일,제주특별자치도 제주시 아라일동,중상사고,0,2,4,0,차량단독 - 공작물충돌,안전운전불이행,결빙,눈,단일로 - 기타,승합,남,29세,상해없음,,,,
2013122800100303,2013년 12월 28일 13시,토요일,제주특별자치도 서귀포시 성산읍,중상사고,0,1,0,1,차대차 - 기타,안전운전불이행,건조,맑음,단일로 - 기타,화물,남,24세,부상신고,화물,남,60세,기타불명
2013122800100351,2013년 12월 28일 15시,토요일,제주특별자치도 제주시 화북이동,중상사고,0,1,1,0,차대차 - 측면직각충돌,안전운전불이행,습기,흐림,교차로 - 교차로부근,화물,남,41세,상해없음,승용,여,60세,중상
2013122800100373,2013년 12월 28일 16시,토요일,제주특별자치도 제주시 용담이동,중상사고,0,1,0,0,차대차 - 측면직각충돌,교차로운행방법위반,건조,맑음,교차로 - 교차로안,승용,여,42세,상해없음,이륜,남,53세,중상
2013122800100374,2013년 12월 28일 16시,토요일,제주특별자치도 제주시 연동,부상신고사고,0,0,0,1,차대차 - 측면직각충돌,교차로운행방법위반,건조,맑음,교차로 - 교차로안,승용,남,51세,상해없음,화물,남,43세,부상신고
2013122800100405,2013년 12월 28일 17시,토요일,제주특별자치도 서귀포시 남원읍,중상사고,0,3,3,0,차대차 - 정면충돌,중앙선침범,결빙,눈,단일로 - 기타,화물,남,32세,중상,승합,남,41세,경상
2013122800100406,2013년 12월 28일 17시,토요일,제주특별자치도 제주시 연동,경상사고,0,0,1,0,차대사람 - 횡단중,안전운전불이행,건조,흐림,단일로 - 기타,승용,남,44세,상해없음,보행자,여,38세,경상
2013122800100508,2013년 12월 28일 20시,토요일,제주특별자치도 제주시 노형동,경상사고,0,0,1,0,차대차 - 측면직각충돌,안전거리미확보,건조,맑음,단일로 - 기타,승용,남,61세,상해없음,이륜,남,44세,경상
2013122800100587,2013년 12월 28일 23시,토요일,제주특별자치도 제주시 연동,부상신고사고,0,0,0,1,차대사람 - 횡단중,안전운전불이행,습기,눈,교차로 - 교차로안,승용,남,48세,상해없음,보행자,남,57세,부상신고
2013122900100012,2013년 12월 29일 00시,일요일,제주특별자치도 제주시 연동,경상사고,0,0,1,0,차대차 - 측면직각충돌,신호위반,습기,눈,교차로 - 교차로안,승용,남,29세,상해없음,승용,여,40세,경상
2013122900100117,2013년 12월 29일 06시,일요일,제주특별자치도 제주시 노형동,경상사고,0,0,1,0,차대차 - 추돌 - 진행중,안전거리미확보,습기,비,단일로 - 기타,승용,남,22세,상해없음,승용,남,62세,경상
2013122900100153,2013년 12월 29일 09시,일요일,제주특별자치도 서귀포시 중문동,부상신고사고,0,0,0,1,차대차 - 측면직각충돌,직진우회전진행방해,건조,맑음,단일로 - 기타,농기계,남,62세,부상신고,승용,남,36세,상해없음
2013122900100154,2013년 12월 29일 09시,일요일,제주특별자치도 서귀포시 호근동,경상사고,0,0,1,0,차대차 - 기타,안전운전불이행,건조,맑음,단일로 - 기타,승용,남,48세,상해없음,승용,여,50세,경상
2013122900100165,2013년 12월 29일 10시,일요일,제주특별자치도 제주시 구좌읍,경상사고,0,0,1,0,차대차 - 측면직각충돌,교차로운행방법위반,건조,맑음,교차로 - 교차로안,승합,남,69세,상해없음,승용,남,23세,경상
2013122900100191,2013년 12월 29일 12시,일요일,제주특별자치도 제주시 일도이동,경상사고,0,0,1,0,차대사람 - 횡단중,보행자보호의무위반,건조,맑음,단일로 - 기타,승용,남,64세,상해없음,보행자,남,30세,경상
2013122900100226,2013년 12월 29일 14시,일요일,제주특별자치도 제주시 건입동,경상사고,0,0,1,0,차대차 - 측면직각충돌,교차로운행방법위반,건조,맑음,교차로 - 교차로안,승용,여,29세,상해없음,승용,여,39세,경상
2013122900100242,2013년 12월 29일 15시,일요일,제주특별자치도 제주시 한림읍,경상사고,0,0,1,0,차대차 - 기타,신호위반,건조,맑음,교차로 - 교차로안,화물,남,47세,상해없음,이륜,여,79세,경상
2013122900100327,2013년 12월 29일 18시,일요일,제주특별자치도 제주시 애월읍,경상사고,0,0,3,0,차대차 - 기타,안전거리미확보,건조,맑음,단일로 - 기타,승용,남,61세,경상,승용,남,33세,상해없음
2013122900100446,2013년 12월 29일 23시,일요일,제주특별자치도 제주시 연동,중상사고,0,2,4,0,차대차 - 기타,직진우회전진행방해,건조,맑음,교차로 - 교차로안,승용,여,49세,경상,승용,여,23세,경상
2013123000100091,2013년 12월 30일 07시,월요일,제주특별자치도 서귀포시 하효동,경상사고,0,0,4,0,차대차 - 추돌 - 진행중,안전운전불이행,건조,맑음,교차로 - 교차로부근,승용,여,58세,상해없음,화물,남,50세,경상
2013123000100121,2013년 12월 30일 08시,월요일,제주특별자치도 제주시 노형동,경상사고,0,0,1,0,차대차 - 추돌 - 진행중,안전운전불이행,건조,흐림,교차로 - 교차로안,승용,여,51세,상해없음,승용,남,33세,경상
2013123000100166,2013년 12월 30일 10시,월요일,제주특별자치도 제주시 이도이동,중상사고,0,1,0,0,차대사람 - 횡단중,안전운전불이행,건조,맑음,교차로 - 교차로안,화물,남,49세,상해없음,보행자,남,72세,중상
2013123000100167,2013년 12월 30일 10시,월요일,제주특별자치도 서귀포시 서귀동,경상사고,0,0,1,0,차대차 - 측면직각충돌,직진우회전진행방해,건조,맑음,교차로 - 교차로안,승용,남,41세,상해없음,승용,남,59세,상해없음
2013123000100195,2013년 12월 30일 11시,월요일,제주특별자치도 서귀포시 남원읍,경상사고,0,0,1,0,차량단독 - 공작물충돌,안전운전불이행,건조,맑음,단일로 - 기타,승용,여,32세,상해없음,,,,
2013123000100221,2013년 12월 30일 12시,월요일,제주특별자치도 제주시 애월읍,경상사고,0,0,2,0,차량단독 - 기타,안전운전불이행,건조,맑음,단일로 - 기타,승합,남,55세,상해없음,,,,
2013123000100278,2013년 12월 30일 14시,월요일,제주특별자치도 제주시 용강동,중상사고,0,1,0,0,차대사람 - 기타,안전운전불이행,건조,맑음,기타 - 기타,승용,여,53세,상해없음,보행자,남,8세,중상
2013123000100279,2013년 12월 30일 14시,월요일,제주특별자치도 제주시 연동,경상사고,0,0,1,0,차대차 - 기타,안전거리미확보,건조,맑음,교차로 - 교차로안,승용,남,44세,상해없음,승합,남,48세,상해없음
2013123000100303,2013년 12월 30일 15시,월요일,제주특별자치도 제주시 이도이동,중상사고,0,1,0,0,차대차 - 측면직각충돌,안전운전불이행,건조,맑음,단일로 - 기타,화물,남,42세,상해없음,이륜,남,31세,중상
2013123000100333,2013년 12월 30일 16시,월요일,제주특별자치도 제주시 노형동,경상사고,0,0,2,0,차대차 - 측면직각충돌,안전운전불이행,건조,맑음,단일로 - 기타,승용,여,59세,경상,승용,남,55세,경상
2013123000100369,2013년 12월 30일 17시,월요일,제주특별자치도 제주시 이도이동,경상사고,0,0,1,0,차대차 - 추돌 - 진행중,안전운전불이행,건조,맑음,교차로 - 교차로부근,승용,남,54세,기타불명,승용,남,59세,경상
2013123000100423,2013년 12월 30일 18시,월요일,제주특별자치도 제주시 영평동,경상사고,0,0,1,0,차대사람 - 횡단중,안전운전불이행,건조,맑음,교차로 - 교차로부근,화물,여,45세,상해없음,보행자,남,33세,경상
2013123000100465,2013년 12월 30일 19시,월요일,제주특별자치도 서귀포시 서귀동,경상사고,0,0,1,0,차대차 - 기타,직진우회전진행방해,건조,맑음,교차로 - 교차로안,이륜,남,36세,경상,승용,남,33세,상해없음
2013123000100505,2013년 12월 30일 20시,월요일,제주특별자치도 제주시 도남동,경상사고,0,0,1,0,차대사람 - 횡단중,안전운전불이행,건조,맑음,단일로 - 기타,승합,남,53세,상해없음,보행자,남,27세,경상
2013123000100546,2013년 12월 30일 21시,월요일,제주특별자치도 제주시 연동,부상신고사고,0,0,0,1,차대사람 - 횡단중,안전운전불이행,건조,맑음,단일로 - 기타,승용,남,62세,상해없음,보행자,남,35세,부상신고
2013123100100027,2013년 12월 31일 00시,화요일,제주특별자치도 제주시 한림읍,부상신고사고,0,0,0,1,차량단독 - 공작물충돌,안전운전불이행,건조,맑음,단일로 - 기타,승용,남,46세,부상신고,,,,
2013123100100048,2013년 12월 31일 01시,화요일,제주특별자치도 제주시 일도이동,중상사고,0,2,0,0,차대사람 - 기타,안전운전불이행,기타,맑음,단일로 - 기타,승용,남,42세,상해없음,보행자,남,53세,중상
2013123100100067,2013년 12월 31일 02시,화요일,제주특별자치도 제주시 건입동,경상사고,0,0,6,0,차대차 - 측면직각충돌,안전운전불이행,건조,맑음,교차로 - 교차로부근,승용,남,57세,상해없음,승용,남,63세,경상
2013123100100092,2013년 12월 31일 04시,화요일,제주특별자치도 제주시 노형동,중상사고,0,1,0,0,차대사람 - 기타,안전운전불이행,건조,맑음,단일로 - 기타,승용,남,61세,상해없음,보행자,남,50세,중상
2013123100100133,2013년 12월 31일 06시,화요일,제주특별자치도 서귀포시 남원읍,사망사고,1,0,0,0,차대사람 - 횡단중,안전운전불이행,건조,맑음,단일로 - 기타,승용,남,38세,상해없음,보행자,여,71세,사망
2013123100100149,2013년 12월 31일 07시,화요일,제주특별자치도 제주시 연동,경상사고,0,0,2,0,차대차 - 측면직각충돌,직진우회전진행방해,건조,맑음,교차로 - 교차로안,화물,남,31세,경상,승용,남,52세,경상
2013123100100412,2013년 12월 31일 17시,화요일,제주특별자치도 서귀포시 도순동,경상사고,0,0,1,0,차대차 - 추돌 - 진행중,안전운전불이행,건조,맑음,교차로 - 교차로부근,화물,남,78세,상해없음,승합,남,58세,경상
2013123100100462,2013년 12월 31일 18시,화요일,제주특별자치도 제주시 도남동,경상사고,0,0,3,0,차대차 - 측면직각충돌,안전운전불이행,건조,맑음,기타 - 기타,승용,남,51세,상해없음,이륜,남,42세,경상
2013123100100569,2013년 12월 31일 20시,화요일,제주특별자치도 제주시 이도이동,경상사고,0,0,4,0,차대차 - 추돌 - 진행중,안전운전불이행,건조,맑음,단일로 - 기타,승용,남,26세,상해없음,승용,남,43세,경상
2013123100100667,2013년 12월 31일 23시,화요일,제주특별자치도 제주시 일도이동,경상사고,0,0,1,0,차대사람 - 보도통행중,기타,건조,맑음,단일로 - 기타,승용,남,41세,상해없음,보행자,남,46세,경상
2013123100100668,2013년 12월 31일 23시,화요일,제주특별자치도 서귀포시 표선면,사망사고,1,0,0,0,차대사람 - 기타,안전운전불이행,건조,맑음,교차로 - 교차로부근,승용,남,37세,상해없음,보행자,남,44세,사망